[2026-04-13 13:42:18] [INFO] [SYSTEM] 🚀 调试系统已启动
[2026-04-13 13:42:18] [DEBUG] [SYSTEM] PHP版本: 8.5.1
[2026-04-13 13:42:18] [INFO] [APP] App配置加载完成
[2026-04-13 13:42:18] [INFO] [SESSION] Session状态: 已启动
[2026-04-13 13:42:18] [INFO] [SESSION] Session ID: c898fef1271c9cac06dd024c0f902559
[2026-04-13 13:42:18] [INFO] [SESSION] Session路径: C:\Windows\TEMP/php_sessions
[2026-04-13 13:42:18] [INFO] [SYSTEM] PHP版本: 8.5.1
[2026-04-13 13:42:18] [INFO] [SYSTEM] 🚀 调试系统已启动
[2026-04-13 13:42:18] [DEBUG] [SYSTEM] PHP版本: 8.5.1
[2026-04-13 13:42:18] [INFO] [APP] App配置加载完成
[2026-04-13 13:42:18] [INFO] [SESSION] Session状态: 已启动
[2026-04-13 13:42:18] [INFO] [SESSION] Session ID: c898fef1271c9cac06dd024c0f902559
[2026-04-13 13:42:18] [INFO] [SESSION] Session路径: C:\Windows\TEMP/php_sessions
[2026-04-13 13:42:18] [INFO] [SYSTEM] PHP版本: 8.5.1
[2026-04-13 13:42:18] [INFO] [SYSTEM] 🚀 调试系统已启动
[2026-04-13 13:42:18] [DEBUG] [SYSTEM] PHP版本: 8.5.1
[2026-04-13 13:42:18] [INFO] [APP] App配置加载完成
[2026-04-13 13:42:18] [INFO] [SESSION] Session状态: 已启动
[2026-04-13 13:42:18] [INFO] [SESSION] Session ID: c898fef1271c9cac06dd024c0f902559
[2026-04-13 13:42:18] [INFO] [SESSION] Session路径: C:\Windows\TEMP/php_sessions
[2026-04-13 13:42:18] [INFO] [SYSTEM] PHP版本: 8.5.1
[2026-04-13 13:42:18] [INFO] [SYSTEM] 🚀 调试系统已启动
[2026-04-13 13:42:18] [DEBUG] [SYSTEM] PHP版本: 8.5.1
[2026-04-13 13:42:18] [INFO] [APP] App配置加载完成
[2026-04-13 13:42:18] [INFO] [SESSION] Session状态: 已启动
[2026-04-13 13:42:18] [INFO] [SESSION] Session ID: c898fef1271c9cac06dd024c0f902559
[2026-04-13 13:42:18] [INFO] [SESSION] Session路径: C:\Windows\TEMP/php_sessions
[2026-04-13 13:42:18] [INFO] [SYSTEM] PHP版本: 8.5.1
[2026-04-13 13:42:18] [INFO] [SYSTEM] 🚀 调试系统已启动
[2026-04-13 13:42:18] [DEBUG] [SYSTEM] PHP版本: 8.5.1
[2026-04-13 13:42:18] [INFO] [APP] App配置加载完成
[2026-04-13 13:42:18] [INFO] [SESSION] Session状态: 已启动
[2026-04-13 13:42:18] [INFO] [SESSION] Session ID: c898fef1271c9cac06dd024c0f902559
[2026-04-13 13:42:18] [INFO] [SESSION] Session路径: C:\Windows\TEMP/php_sessions
[2026-04-13 13:42:18] [INFO] [SYSTEM] PHP版本: 8.5.1
[2026-04-13 13:42:19] [INFO] [SYSTEM] 🚀 调试系统已启动
[2026-04-13 13:42:19] [DEBUG] [SYSTEM] PHP版本: 8.5.1
[2026-04-13 13:42:19] [INFO] [APP] App配置加载完成
[2026-04-13 13:42:19] [INFO] [SESSION] Session状态: 已启动
[2026-04-13 13:42:19] [INFO] [SESSION] Session ID: c898fef1271c9cac06dd024c0f902559
[2026-04-13 13:42:19] [INFO] [SESSION] Session路径: C:\Windows\TEMP/php_sessions
[2026-04-13 13:42:19] [INFO] [SYSTEM] PHP版本: 8.5.1
[2026-04-13 13:47:42] [INFO] [SYSTEM] 🚀 调试系统已启动
[2026-04-13 13:47:42] [DEBUG] [SYSTEM] PHP版本: 8.5.1
[2026-04-13 13:47:42] [INFO] [APP] App配置加载完成
[2026-04-13 13:47:42] [INFO] [SESSION] Session状态: 已启动
[2026-04-13 13:47:42] [INFO] [SESSION] Session ID: c898fef1271c9cac06dd024c0f902559
[2026-04-13 13:47:42] [INFO] [SESSION] Session路径: C:\Windows\TEMP/php_sessions
[2026-04-13 13:47:42] [INFO] [SYSTEM] PHP版本: 8.5.1
[2026-04-13 13:47:42] [INFO] [SYSTEM] 🚀 调试系统已启动
[2026-04-13 13:47:42] [DEBUG] [SYSTEM] PHP版本: 8.5.1
[2026-04-13 13:47:42] [INFO] [APP] App配置加载完成
[2026-04-13 13:47:42] [INFO] [SESSION] Session状态: 已启动
[2026-04-13 13:47:42] [INFO] [SESSION] Session ID: c898fef1271c9cac06dd024c0f902559
[2026-04-13 13:47:42] [INFO] [SESSION] Session路径: C:\Windows\TEMP/php_sessions
[2026-04-13 13:47:42] [INFO] [SYSTEM] PHP版本: 8.5.1
[2026-04-13 13:47:42] [INFO] [SYSTEM] 🚀 调试系统已启动
[2026-04-13 13:47:42] [DEBUG] [SYSTEM] PHP版本: 8.5.1
[2026-04-13 13:47:42] [INFO] [APP] App配置加载完成
[2026-04-13 13:47:42] [INFO] [SESSION] Session状态: 已启动
[2026-04-13 13:47:42] [INFO] [SESSION] Session ID: c898fef1271c9cac06dd024c0f902559
[2026-04-13 13:47:42] [INFO] [SESSION] Session路径: C:\Windows\TEMP/php_sessions
[2026-04-13 13:47:42] [INFO] [SYSTEM] PHP版本: 8.5.1
[2026-04-13 13:47:42] [INFO] [SYSTEM] 🚀 调试系统已启动
[2026-04-13 13:47:42] [DEBUG] [SYSTEM] PHP版本: 8.5.1
[2026-04-13 13:47:42] [INFO] [APP] App配置加载完成
[2026-04-13 13:47:42] [INFO] [SESSION] Session状态: 已启动
[2026-04-13 13:47:42] [INFO] [SESSION] Session ID: c898fef1271c9cac06dd024c0f902559
[2026-04-13 13:47:42] [INFO] [SESSION] Session路径: C:\Windows\TEMP/php_sessions
[2026-04-13 13:47:42] [INFO] [SYSTEM] PHP版本: 8.5.1
[2026-04-13 13:47:42] [INFO] [SYSTEM] 🚀 调试系统已启动
[2026-04-13 13:47:42] [DEBUG] [SYSTEM] PHP版本: 8.5.1
[2026-04-13 13:47:42] [INFO] [APP] App配置加载完成
[2026-04-13 13:47:42] [INFO] [SESSION] Session状态: 已启动
[2026-04-13 13:47:42] [INFO] [SESSION] Session ID: c898fef1271c9cac06dd024c0f902559
[2026-04-13 13:47:42] [INFO] [SESSION] Session路径: C:\Windows\TEMP/php_sessions
[2026-04-13 13:47:42] [INFO] [SYSTEM] PHP版本: 8.5.1
[2026-04-13 13:47:43] [INFO] [SYSTEM] 🚀 调试系统已启动
[2026-04-13 13:47:43] [DEBUG] [SYSTEM] PHP版本: 8.5.1
[2026-04-13 13:47:43] [INFO] [APP] App配置加载完成
[2026-04-13 13:47:43] [INFO] [SESSION] Session状态: 已启动
[2026-04-13 13:47:43] [INFO] [SESSION] Session ID: c898fef1271c9cac06dd024c0f902559
[2026-04-13 13:47:43] [INFO] [SESSION] Session路径: C:\Windows\TEMP/php_sessions
[2026-04-13 13:47:43] [INFO] [SYSTEM] PHP版本: 8.5.1
[2026-04-13 13:47:46] [INFO] [SYSTEM] 🚀 调试系统已启动
[2026-04-13 13:47:46] [DEBUG] [SYSTEM] PHP版本: 8.5.1
[2026-04-13 13:47:46] [INFO] [APP] App配置加载完成
[2026-04-13 13:47:46] [INFO] [SESSION] Session状态: 已启动
[2026-04-13 13:47:46] [INFO] [SESSION] Session ID: c898fef1271c9cac06dd024c0f902559
[2026-04-13 13:47:46] [INFO] [SESSION] Session路径: C:\Windows\TEMP/php_sessions
[2026-04-13 13:47:46] [INFO] [SYSTEM] PHP版本: 8.5.1
[2026-04-13 13:47:47] [INFO] [SYSTEM] 🚀 调试系统已启动
[2026-04-13 13:47:47] [DEBUG] [SYSTEM] PHP版本: 8.5.1
[2026-04-13 13:47:47] [INFO] [APP] App配置加载完成
[2026-04-13 13:47:47] [INFO] [SESSION] Session状态: 已启动
[2026-04-13 13:47:47] [INFO] [SESSION] Session ID: c898fef1271c9cac06dd024c0f902559
[2026-04-13 13:47:47] [INFO] [SESSION] Session路径: C:\Windows\TEMP/php_sessions
[2026-04-13 13:47:47] [INFO] [SYSTEM] PHP版本: 8.5.1
[2026-04-13 13:47:47] [INFO] [SYSTEM] 🚀 调试系统已启动
[2026-04-13 13:47:47] [DEBUG] [SYSTEM] PHP版本: 8.5.1
[2026-04-13 13:47:47] [INFO] [APP] App配置加载完成
[2026-04-13 13:47:47] [INFO] [SESSION] Session状态: 已启动
[2026-04-13 13:47:47] [INFO] [SESSION] Session ID: c898fef1271c9cac06dd024c0f902559
[2026-04-13 13:47:47] [INFO] [SESSION] Session路径: C:\Windows\TEMP/php_sessions
[2026-04-13 13:47:47] [INFO] [SYSTEM] PHP版本: 8.5.1
[2026-04-13 13:47:49] [INFO] [SYSTEM] 🚀 调试系统已启动
[2026-04-13 13:47:49] [DEBUG] [SYSTEM] PHP版本: 8.5.1
[2026-04-13 13:47:49] [INFO] [APP] App配置加载完成
[2026-04-13 13:47:49] [INFO] [SESSION] Session状态: 已启动
[2026-04-13 13:47:49] [INFO] [SESSION] Session ID: c898fef1271c9cac06dd024c0f902559
[2026-04-13 13:47:49] [INFO] [SESSION] Session路径: C:\Windows\TEMP/php_sessions
[2026-04-13 13:47:49] [INFO] [SYSTEM] PHP版本: 8.5.1
[2026-04-13 13:47:49] [INFO] [SYSTEM] 🚀 调试系统已启动
[2026-04-13 13:47:49] [DEBUG] [SYSTEM] PHP版本: 8.5.1
[2026-04-13 13:47:49] [INFO] [APP] App配置加载完成
[2026-04-13 13:47:49] [INFO] [SESSION] Session状态: 已启动
[2026-04-13 13:47:49] [INFO] [SESSION] Session ID: c898fef1271c9cac06dd024c0f902559
[2026-04-13 13:47:49] [INFO] [SESSION] Session路径: C:\Windows\TEMP/php_sessions
[2026-04-13 13:47:49] [INFO] [SYSTEM] PHP版本: 8.5.1
[2026-04-13 13:47:49] [INFO] [SYSTEM] 🚀 调试系统已启动
[2026-04-13 13:47:49] [DEBUG] [SYSTEM] PHP版本: 8.5.1
[2026-04-13 13:47:49] [INFO] [APP] App配置加载完成
[2026-04-13 13:47:49] [INFO] [SESSION] Session状态: 已启动
[2026-04-13 13:47:49] [INFO] [SESSION] Session ID: c898fef1271c9cac06dd024c0f902559
[2026-04-13 13:47:49] [INFO] [SESSION] Session路径: C:\Windows\TEMP/php_sessions
[2026-04-13 13:47:49] [INFO] [SYSTEM] PHP版本: 8.5.1
[2026-04-13 13:47:54] [INFO] [SYSTEM] 🚀 调试系统已启动
[2026-04-13 13:47:54] [DEBUG] [SYSTEM] PHP版本: 8.5.1
[2026-04-13 13:47:54] [INFO] [APP] App配置加载完成
[2026-04-13 13:47:54] [INFO] [SESSION] Session状态: 已启动
[2026-04-13 13:47:54] [INFO] [SESSION] Session ID: c898fef1271c9cac06dd024c0f902559
[2026-04-13 13:47:54] [INFO] [SESSION] Session路径: C:\Windows\TEMP/php_sessions
[2026-04-13 13:47:54] [INFO] [SYSTEM] PHP版本: 8.5.1
[2026-04-13 13:47:54] [INFO] [SYSTEM] 🚀 调试系统已启动
[2026-04-13 13:47:54] [DEBUG] [SYSTEM] PHP版本: 8.5.1
[2026-04-13 13:47:54] [INFO] [APP] App配置加载完成
[2026-04-13 13:47:54] [INFO] [SESSION] Session状态: 已启动
[2026-04-13 13:47:54] [INFO] [SESSION] Session ID: c898fef1271c9cac06dd024c0f902559
[2026-04-13 13:47:54] [INFO] [SESSION] Session路径: C:\Windows\TEMP/php_sessions
[2026-04-13 13:47:54] [INFO] [SYSTEM] PHP版本: 8.5.1
[2026-04-13 13:47:54] [INFO] [SYSTEM] 🚀 调试系统已启动
[2026-04-13 13:47:54] [DEBUG] [SYSTEM] PHP版本: 8.5.1
[2026-04-13 13:47:54] [INFO] [APP] App配置加载完成
[2026-04-13 13:47:54] [INFO] [SESSION] Session状态: 已启动
[2026-04-13 13:47:54] [INFO] [SESSION] Session ID: c898fef1271c9cac06dd024c0f902559
[2026-04-13 13:47:54] [INFO] [SESSION] Session路径: C:\Windows\TEMP/php_sessions
[2026-04-13 13:47:54] [INFO] [SYSTEM] PHP版本: 8.5.1
[2026-04-13 13:47:57] [INFO] [SYSTEM] 🚀 调试系统已启动
[2026-04-13 13:47:57] [DEBUG] [SYSTEM] PHP版本: 8.5.1
[2026-04-13 13:47:57] [INFO] [APP] App配置加载完成
[2026-04-13 13:47:57] [INFO] [SESSION] Session状态: 已启动
[2026-04-13 13:47:57] [INFO] [SESSION] Session ID: c898fef1271c9cac06dd024c0f902559
[2026-04-13 13:47:57] [INFO] [SESSION] Session路径: C:\Windows\TEMP/php_sessions
[2026-04-13 13:47:57] [INFO] [SYSTEM] PHP版本: 8.5.1
[2026-04-13 13:47:58] [INFO] [SYSTEM] 🚀 调试系统已启动
[2026-04-13 13:47:58] [DEBUG] [SYSTEM] PHP版本: 8.5.1
[2026-04-13 13:47:58] [INFO] [APP] App配置加载完成
[2026-04-13 13:47:58] [INFO] [SESSION] Session状态: 已启动
[2026-04-13 13:47:58] [INFO] [SESSION] Session ID: c898fef1271c9cac06dd024c0f902559
[2026-04-13 13:47:58] [INFO] [SESSION] Session路径: C:\Windows\TEMP/php_sessions
[2026-04-13 13:47:58] [INFO] [SYSTEM] PHP版本: 8.5.1
[2026-04-13 13:47:58] [INFO] [SYSTEM] 🚀 调试系统已启动
[2026-04-13 13:47:58] [DEBUG] [SYSTEM] PHP版本: 8.5.1
[2026-04-13 13:47:58] [INFO] [APP] App配置加载完成
[2026-04-13 13:47:58] [INFO] [SESSION] Session状态: 已启动
[2026-04-13 13:47:58] [INFO] [SESSION] Session ID: c898fef1271c9cac06dd024c0f902559
[2026-04-13 13:47:58] [INFO] [SESSION] Session路径: C:\Windows\TEMP/php_sessions
[2026-04-13 13:47:58] [INFO] [SYSTEM] PHP版本: 8.5.1
[2026-04-13 13:53:12] [INFO] [SYSTEM] 🚀 调试系统已启动
[2026-04-13 13:53:12] [DEBUG] [SYSTEM] PHP版本: 8.5.1
[2026-04-13 13:53:12] [INFO] [APP] App配置加载完成
[2026-04-13 13:53:12] [INFO] [SESSION] Session状态: 已启动
[2026-04-13 13:53:12] [INFO] [SESSION] Session ID: c898fef1271c9cac06dd024c0f902559
[2026-04-13 13:53:12] [INFO] [SESSION] Session路径: C:\Windows\TEMP/php_sessions
[2026-04-13 13:53:12] [INFO] [SYSTEM] PHP版本: 8.5.1
[2026-04-13 14:22:53] [INFO] [SYSTEM] 🚀 调试系统已启动
[2026-04-13 14:22:53] [DEBUG] [SYSTEM] PHP版本: 8.5.1
[2026-04-13 14:22:53] [INFO] [APP] App配置加载完成
[2026-04-13 14:22:53] [INFO] [SESSION] Session状态: 已启动
[2026-04-13 14:22:53] [INFO] [SESSION] Session ID: c898fef1271c9cac06dd024c0f902559
[2026-04-13 14:22:53] [INFO] [SESSION] Session路径: C:\Windows\TEMP/php_sessions
[2026-04-13 14:22:53] [INFO] [SYSTEM] PHP版本: 8.5.1
[2026-04-13 14:27:17] [INFO] [SYSTEM] 🚀 调试系统已启动
[2026-04-13 14:27:17] [DEBUG] [SYSTEM] PHP版本: 8.5.1
[2026-04-13 14:27:17] [INFO] [APP] App配置加载完成
[2026-04-13 14:27:17] [INFO] [SESSION] Session状态: 已启动
[2026-04-13 14:27:17] [INFO] [SESSION] Session ID: c898fef1271c9cac06dd024c0f902559
[2026-04-13 14:27:17] [INFO] [SESSION] Session路径: C:\Windows\TEMP/php_sessions
[2026-04-13 14:27:17] [INFO] [SYSTEM] PHP版本: 8.5.1
[2026-04-13 14:27:17] [INFO] [SYSTEM] 🚀 调试系统已启动
[2026-04-13 14:27:17] [DEBUG] [SYSTEM] PHP版本: 8.5.1
[2026-04-13 14:27:17] [INFO] [APP] App配置加载完成
[2026-04-13 14:27:17] [INFO] [SESSION] Session状态: 已启动
[2026-04-13 14:27:17] [INFO] [SESSION] Session ID: c898fef1271c9cac06dd024c0f902559
[2026-04-13 14:27:17] [INFO] [SESSION] Session路径: C:\Windows\TEMP/php_sessions
[2026-04-13 14:27:17] [INFO] [SYSTEM] PHP版本: 8.5.1
[2026-04-13 14:27:23] [INFO] [SYSTEM] 🚀 调试系统已启动
[2026-04-13 14:27:23] [DEBUG] [SYSTEM] PHP版本: 8.5.1
[2026-04-13 14:27:23] [INFO] [APP] App配置加载完成
[2026-04-13 14:27:23] [INFO] [SESSION] Session状态: 已启动
[2026-04-13 14:27:23] [INFO] [SESSION] Session ID: c898fef1271c9cac06dd024c0f902559
[2026-04-13 14:27:23] [INFO] [SESSION] Session路径: C:\Windows\TEMP/php_sessions
[2026-04-13 14:27:23] [INFO] [SYSTEM] PHP版本: 8.5.1
[2026-04-13 14:27:23] [INFO] [SYSTEM] 🚀 调试系统已启动
[2026-04-13 14:27:23] [DEBUG] [SYSTEM] PHP版本: 8.5.1
[2026-04-13 14:27:23] [INFO] [APP] App配置加载完成
[2026-04-13 14:27:23] [INFO] [SESSION] Session状态: 已启动
[2026-04-13 14:27:23] [INFO] [SESSION] Session ID: c898fef1271c9cac06dd024c0f902559
[2026-04-13 14:27:23] [INFO] [SESSION] Session路径: C:\Windows\TEMP/php_sessions
[2026-04-13 14:27:23] [INFO] [SYSTEM] PHP版本: 8.5.1
[2026-04-13 14:27:23] [INFO] [SYSTEM] 🚀 调试系统已启动
[2026-04-13 14:27:23] [DEBUG] [SYSTEM] PHP版本: 8.5.1
[2026-04-13 14:27:23] [INFO] [APP] App配置加载完成
[2026-04-13 14:27:23] [INFO] [SESSION] Session状态: 已启动
[2026-04-13 14:27:23] [INFO] [SESSION] Session ID: c898fef1271c9cac06dd024c0f902559
[2026-04-13 14:27:23] [INFO] [SESSION] Session路径: C:\Windows\TEMP/php_sessions
[2026-04-13 14:27:23] [INFO] [SYSTEM] PHP版本: 8.5.1
[2026-04-13 14:27:23] [INFO] [SYSTEM] 🚀 调试系统已启动
[2026-04-13 14:27:23] [DEBUG] [SYSTEM] PHP版本: 8.5.1
[2026-04-13 14:27:23] [INFO] [APP] App配置加载完成
[2026-04-13 14:27:23] [INFO] [SESSION] Session状态: 已启动
[2026-04-13 14:27:23] [INFO] [SESSION] Session ID: c898fef1271c9cac06dd024c0f902559
[2026-04-13 14:27:23] [INFO] [SESSION] Session路径: C:\Windows\TEMP/php_sessions
[2026-04-13 14:27:23] [INFO] [SYSTEM] PHP版本: 8.5.1
[2026-04-13 14:28:08] [INFO] [SYSTEM] 🚀 调试系统已启动
[2026-04-13 14:28:08] [DEBUG] [SYSTEM] PHP版本: 8.5.1
[2026-04-13 14:28:08] [INFO] [APP] App配置加载完成
[2026-04-13 14:28:08] [INFO] [SESSION] Session状态: 已启动
[2026-04-13 14:28:08] [INFO] [SESSION] Session ID: c898fef1271c9cac06dd024c0f902559
[2026-04-13 14:28:08] [INFO] [SESSION] Session路径: C:\Windows\TEMP/php_sessions
[2026-04-13 14:28:08] [INFO] [SYSTEM] PHP版本: 8.5.1
[2026-04-13 14:28:08] [INFO] [SYSTEM] 🚀 调试系统已启动
[2026-04-13 14:28:08] [DEBUG] [SYSTEM] PHP版本: 8.5.1
[2026-04-13 14:28:08] [INFO] [APP] App配置加载完成
[2026-04-13 14:28:08] [INFO] [SESSION] Session状态: 已启动
[2026-04-13 14:28:08] [INFO] [SESSION] Session ID: c898fef1271c9cac06dd024c0f902559
[2026-04-13 14:28:08] [INFO] [SESSION] Session路径: C:\Windows\TEMP/php_sessions
[2026-04-13 14:28:08] [INFO] [SYSTEM] PHP版本: 8.5.1
[2026-04-13 14:28:08] [INFO] [SYSTEM] 🚀 调试系统已启动
[2026-04-13 14:28:08] [DEBUG] [SYSTEM] PHP版本: 8.5.1
[2026-04-13 14:28:08] [INFO] [APP] App配置加载完成
[2026-04-13 14:28:08] [INFO] [SESSION] Session状态: 已启动
[2026-04-13 14:28:08] [INFO] [SESSION] Session ID: c898fef1271c9cac06dd024c0f902559
[2026-04-13 14:28:08] [INFO] [SESSION] Session路径: C:\Windows\TEMP/php_sessions
[2026-04-13 14:28:08] [INFO] [SYSTEM] PHP版本: 8.5.1
[2026-04-13 14:28:08] [INFO] [SYSTEM] 🚀 调试系统已启动
[2026-04-13 14:28:08] [DEBUG] [SYSTEM] PHP版本: 8.5.1
[2026-04-13 14:28:08] [INFO] [APP] App配置加载完成
[2026-04-13 14:28:08] [INFO] [SESSION] Session状态: 已启动
[2026-04-13 14:28:08] [INFO] [SESSION] Session ID: c898fef1271c9cac06dd024c0f902559
[2026-04-13 14:28:08] [INFO] [SESSION] Session路径: C:\Windows\TEMP/php_sessions
[2026-04-13 14:28:08] [INFO] [SYSTEM] PHP版本: 8.5.1
[2026-04-13 14:33:02] [INFO] [SYSTEM] 🚀 调试系统已启动
[2026-04-13 14:33:02] [DEBUG] [SYSTEM] PHP版本: 8.5.1
[2026-04-13 14:33:02] [INFO] [APP] App配置加载完成
[2026-04-13 14:33:02] [INFO] [SESSION] Session状态: 已启动
[2026-04-13 14:33:02] [INFO] [SESSION] Session ID: c898fef1271c9cac06dd024c0f902559
[2026-04-13 14:33:02] [INFO] [SESSION] Session路径: C:\Windows\TEMP/php_sessions
[2026-04-13 14:33:02] [INFO] [SYSTEM] PHP版本: 8.5.1
[2026-04-13 14:33:03] [INFO] [SYSTEM] 🚀 调试系统已启动
[2026-04-13 14:33:03] [DEBUG] [SYSTEM] PHP版本: 8.5.1
[2026-04-13 14:33:03] [INFO] [APP] App配置加载完成
[2026-04-13 14:33:03] [INFO] [SESSION] Session状态: 已启动
[2026-04-13 14:33:03] [INFO] [SESSION] Session ID: c898fef1271c9cac06dd024c0f902559
[2026-04-13 14:33:03] [INFO] [SESSION] Session路径: C:\Windows\TEMP/php_sessions
[2026-04-13 14:33:03] [INFO] [SYSTEM] PHP版本: 8.5.1
[2026-04-13 14:33:03] [INFO] [SYSTEM] 🚀 调试系统已启动
[2026-04-13 14:33:03] [DEBUG] [SYSTEM] PHP版本: 8.5.1
[2026-04-13 14:33:03] [INFO] [APP] App配置加载完成
[2026-04-13 14:33:03] [INFO] [SESSION] Session状态: 已启动
[2026-04-13 14:33:03] [INFO] [SESSION] Session ID: c898fef1271c9cac06dd024c0f902559
[2026-04-13 14:33:03] [INFO] [SESSION] Session路径: C:\Windows\TEMP/php_sessions
[2026-04-13 14:33:03] [INFO] [SYSTEM] PHP版本: 8.5.1
[2026-04-13 14:33:03] [INFO] [SYSTEM] 🚀 调试系统已启动
[2026-04-13 14:33:03] [DEBUG] [SYSTEM] PHP版本: 8.5.1
[2026-04-13 14:33:03] [INFO] [APP] App配置加载完成
[2026-04-13 14:33:03] [INFO] [SESSION] Session状态: 已启动
[2026-04-13 14:33:03] [INFO] [SESSION] Session ID: c898fef1271c9cac06dd024c0f902559
[2026-04-13 14:33:03] [INFO] [SESSION] Session路径: C:\Windows\TEMP/php_sessions
[2026-04-13 14:33:03] [INFO] [SYSTEM] PHP版本: 8.5.1
[2026-04-13 14:33:12] [INFO] [SYSTEM] 🚀 调试系统已启动
[2026-04-13 14:33:12] [DEBUG] [SYSTEM] PHP版本: 8.5.1
[2026-04-13 14:33:12] [INFO] [APP] App配置加载完成
[2026-04-13 14:33:12] [INFO] [SESSION] Session状态: 已启动
[2026-04-13 14:33:12] [INFO] [SESSION] Session ID: c898fef1271c9cac06dd024c0f902559
[2026-04-13 14:33:12] [INFO] [SESSION] Session路径: C:\Windows\TEMP/php_sessions
[2026-04-13 14:33:12] [INFO] [SYSTEM] PHP版本: 8.5.1
[2026-04-13 14:33:12] [INFO] [SYSTEM] 🚀 调试系统已启动
[2026-04-13 14:33:12] [DEBUG] [SYSTEM] PHP版本: 8.5.1
[2026-04-13 14:33:12] [INFO] [APP] App配置加载完成
[2026-04-13 14:33:12] [INFO] [SESSION] Session状态: 已启动
[2026-04-13 14:33:12] [INFO] [SESSION] Session ID: c898fef1271c9cac06dd024c0f902559
[2026-04-13 14:33:12] [INFO] [SESSION] Session路径: C:\Windows\TEMP/php_sessions
[2026-04-13 14:33:12] [INFO] [SYSTEM] PHP版本: 8.5.1
[2026-04-13 14:33:12] [INFO] [SYSTEM] 🚀 调试系统已启动
[2026-04-13 14:33:12] [DEBUG] [SYSTEM] PHP版本: 8.5.1
[2026-04-13 14:33:12] [INFO] [APP] App配置加载完成
[2026-04-13 14:33:12] [INFO] [SESSION] Session状态: 已启动
[2026-04-13 14:33:12] [INFO] [SESSION] Session ID: c898fef1271c9cac06dd024c0f902559
[2026-04-13 14:33:12] [INFO] [SESSION] Session路径: C:\Windows\TEMP/php_sessions
[2026-04-13 14:33:12] [INFO] [SYSTEM] PHP版本: 8.5.1
[2026-04-13 14:33:12] [INFO] [SYSTEM] 🚀 调试系统已启动
[2026-04-13 14:33:12] [DEBUG] [SYSTEM] PHP版本: 8.5.1
[2026-04-13 14:33:12] [INFO] [APP] App配置加载完成
[2026-04-13 14:33:12] [INFO] [SESSION] Session状态: 已启动
[2026-04-13 14:33:12] [INFO] [SESSION] Session ID: c898fef1271c9cac06dd024c0f902559
[2026-04-13 14:33:12] [INFO] [SESSION] Session路径: C:\Windows\TEMP/php_sessions
[2026-04-13 14:33:12] [INFO] [SYSTEM] PHP版本: 8.5.1
[2026-04-13 14:33:17] [INFO] [SYSTEM] 🚀 调试系统已启动
[2026-04-13 14:33:17] [DEBUG] [SYSTEM] PHP版本: 8.5.1
[2026-04-13 14:33:17] [INFO] [APP] App配置加载完成
[2026-04-13 14:33:17] [INFO] [SESSION] Session状态: 已启动
[2026-04-13 14:33:17] [INFO] [SESSION] Session ID: c898fef1271c9cac06dd024c0f902559
[2026-04-13 14:33:17] [INFO] [SESSION] Session路径: C:\Windows\TEMP/php_sessions
[2026-04-13 14:33:17] [INFO] [SYSTEM] PHP版本: 8.5.1
[2026-04-13 14:33:17] [INFO] [SYSTEM] 🚀 调试系统已启动
[2026-04-13 14:33:17] [DEBUG] [SYSTEM] PHP版本: 8.5.1
[2026-04-13 14:33:17] [INFO] [APP] App配置加载完成
[2026-04-13 14:33:17] [INFO] [SESSION] Session状态: 已启动
[2026-04-13 14:33:17] [INFO] [SESSION] Session ID: c898fef1271c9cac06dd024c0f902559
[2026-04-13 14:33:17] [INFO] [SESSION] Session路径: C:\Windows\TEMP/php_sessions
[2026-04-13 14:33:17] [INFO] [SYSTEM] PHP版本: 8.5.1
[2026-04-13 14:33:17] [INFO] [SYSTEM] 🚀 调试系统已启动
[2026-04-13 14:33:17] [DEBUG] [SYSTEM] PHP版本: 8.5.1
[2026-04-13 14:33:17] [INFO] [APP] App配置加载完成
[2026-04-13 14:33:17] [INFO] [SESSION] Session状态: 已启动
[2026-04-13 14:33:17] [INFO] [SESSION] Session ID: c898fef1271c9cac06dd024c0f902559
[2026-04-13 14:33:17] [INFO] [SESSION] Session路径: C:\Windows\TEMP/php_sessions
[2026-04-13 14:33:17] [INFO] [SYSTEM] PHP版本: 8.5.1
[2026-04-13 14:33:18] [INFO] [SYSTEM] 🚀 调试系统已启动
[2026-04-13 14:33:18] [DEBUG] [SYSTEM] PHP版本: 8.5.1
[2026-04-13 14:33:18] [INFO] [APP] App配置加载完成
[2026-04-13 14:33:18] [INFO] [SESSION] Session状态: 已启动
[2026-04-13 14:33:18] [INFO] [SESSION] Session ID: c898fef1271c9cac06dd024c0f902559
[2026-04-13 14:33:18] [INFO] [SESSION] Session路径: C:\Windows\TEMP/php_sessions
[2026-04-13 14:33:18] [INFO] [SYSTEM] PHP版本: 8.5.1
[2026-04-13 14:33:24] [INFO] [SYSTEM] 🚀 调试系统已启动
[2026-04-13 14:33:24] [DEBUG] [SYSTEM] PHP版本: 8.5.1
[2026-04-13 14:33:24] [INFO] [APP] App配置加载完成
[2026-04-13 14:33:24] [INFO] [SESSION] Session状态: 已启动
[2026-04-13 14:33:24] [INFO] [SESSION] Session ID: c898fef1271c9cac06dd024c0f902559
[2026-04-13 14:33:24] [INFO] [SESSION] Session路径: C:\Windows\TEMP/php_sessions
[2026-04-13 14:33:24] [INFO] [SYSTEM] PHP版本: 8.5.1
[2026-04-13 14:33:24] [INFO] [SYSTEM] 🚀 调试系统已启动
[2026-04-13 14:33:24] [DEBUG] [SYSTEM] PHP版本: 8.5.1
[2026-04-13 14:33:24] [INFO] [APP] App配置加载完成
[2026-04-13 14:33:24] [INFO] [SESSION] Session状态: 已启动
[2026-04-13 14:33:24] [INFO] [SESSION] Session ID: c898fef1271c9cac06dd024c0f902559
[2026-04-13 14:33:24] [INFO] [SESSION] Session路径: C:\Windows\TEMP/php_sessions
[2026-04-13 14:33:24] [INFO] [SYSTEM] PHP版本: 8.5.1
[2026-04-13 14:33:24] [INFO] [SYSTEM] 🚀 调试系统已启动
[2026-04-13 14:33:24] [DEBUG] [SYSTEM] PHP版本: 8.5.1
[2026-04-13 14:33:24] [INFO] [APP] App配置加载完成
[2026-04-13 14:33:24] [INFO] [SESSION] Session状态: 已启动
[2026-04-13 14:33:24] [INFO] [SESSION] Session ID: c898fef1271c9cac06dd024c0f902559
[2026-04-13 14:33:24] [INFO] [SESSION] Session路径: C:\Windows\TEMP/php_sessions
[2026-04-13 14:33:24] [INFO] [SYSTEM] PHP版本: 8.5.1
[2026-04-13 14:33:24] [INFO] [SYSTEM] 🚀 调试系统已启动
[2026-04-13 14:33:24] [DEBUG] [SYSTEM] PHP版本: 8.5.1
[2026-04-13 14:33:24] [INFO] [APP] App配置加载完成
[2026-04-13 14:33:24] [INFO] [SESSION] Session状态: 已启动
[2026-04-13 14:33:24] [INFO] [SESSION] Session ID: c898fef1271c9cac06dd024c0f902559
[2026-04-13 14:33:24] [INFO] [SESSION] Session路径: C:\Windows\TEMP/php_sessions
[2026-04-13 14:33:24] [INFO] [SYSTEM] PHP版本: 8.5.1
[2026-04-13 14:33:32] [INFO] [SYSTEM] 🚀 调试系统已启动
[2026-04-13 14:33:32] [DEBUG] [SYSTEM] PHP版本: 8.5.1
[2026-04-13 14:33:32] [INFO] [APP] App配置加载完成
[2026-04-13 14:33:32] [INFO] [SESSION] Session状态: 已启动
[2026-04-13 14:33:32] [INFO] [SESSION] Session ID: c898fef1271c9cac06dd024c0f902559
[2026-04-13 14:33:32] [INFO] [SESSION] Session路径: C:\Windows\TEMP/php_sessions
[2026-04-13 14:33:32] [INFO] [SYSTEM] PHP版本: 8.5.1
[2026-04-13 14:33:32] [INFO] [SYSTEM] 🚀 调试系统已启动
[2026-04-13 14:33:32] [DEBUG] [SYSTEM] PHP版本: 8.5.1
[2026-04-13 14:33:32] [INFO] [APP] App配置加载完成
[2026-04-13 14:33:32] [INFO] [SESSION] Session状态: 已启动
[2026-04-13 14:33:32] [INFO] [SESSION] Session ID: c898fef1271c9cac06dd024c0f902559
[2026-04-13 14:33:32] [INFO] [SESSION] Session路径: C:\Windows\TEMP/php_sessions
[2026-04-13 14:33:32] [INFO] [SYSTEM] PHP版本: 8.5.1
[2026-04-13 14:33:32] [INFO] [SYSTEM] 🚀 调试系统已启动
[2026-04-13 14:33:32] [DEBUG] [SYSTEM] PHP版本: 8.5.1
[2026-04-13 14:33:32] [INFO] [APP] App配置加载完成
[2026-04-13 14:33:32] [INFO] [SESSION] Session状态: 已启动
[2026-04-13 14:33:32] [INFO] [SESSION] Session ID: c898fef1271c9cac06dd024c0f902559
[2026-04-13 14:33:32] [INFO] [SESSION] Session路径: C:\Windows\TEMP/php_sessions
[2026-04-13 14:33:32] [INFO] [SYSTEM] PHP版本: 8.5.1
[2026-04-13 14:33:32] [INFO] [SYSTEM] 🚀 调试系统已启动
[2026-04-13 14:33:32] [DEBUG] [SYSTEM] PHP版本: 8.5.1
[2026-04-13 14:33:32] [INFO] [APP] App配置加载完成
[2026-04-13 14:33:32] [INFO] [SESSION] Session状态: 已启动
[2026-04-13 14:33:32] [INFO] [SESSION] Session ID: c898fef1271c9cac06dd024c0f902559
[2026-04-13 14:33:32] [INFO] [SESSION] Session路径: C:\Windows\TEMP/php_sessions
[2026-04-13 14:33:32] [INFO] [SYSTEM] PHP版本: 8.5.1
[2026-04-13 14:35:54] [INFO] [SYSTEM] 🚀 调试系统已启动
[2026-04-13 14:35:54] [DEBUG] [SYSTEM] PHP版本: 8.5.1
[2026-04-13 14:35:54] [INFO] [APP] App配置加载完成
[2026-04-13 14:35:54] [INFO] [SESSION] Session状态: 已启动
[2026-04-13 14:35:54] [INFO] [SESSION] Session ID: c898fef1271c9cac06dd024c0f902559
[2026-04-13 14:35:54] [INFO] [SESSION] Session路径: C:\Windows\TEMP/php_sessions
[2026-04-13 14:35:54] [INFO] [SYSTEM] PHP版本: 8.5.1
[2026-04-13 14:35:55] [INFO] [SYSTEM] 🚀 调试系统已启动
[2026-04-13 14:35:55] [DEBUG] [SYSTEM] PHP版本: 8.5.1
[2026-04-13 14:35:55] [INFO] [APP] App配置加载完成
[2026-04-13 14:35:55] [INFO] [SESSION] Session状态: 已启动
[2026-04-13 14:35:55] [INFO] [SESSION] Session ID: c898fef1271c9cac06dd024c0f902559
[2026-04-13 14:35:55] [INFO] [SESSION] Session路径: C:\Windows\TEMP/php_sessions
[2026-04-13 14:35:55] [INFO] [SYSTEM] PHP版本: 8.5.1
[2026-04-13 14:35:55] [INFO] [SYSTEM] 🚀 调试系统已启动
[2026-04-13 14:35:55] [DEBUG] [SYSTEM] PHP版本: 8.5.1
[2026-04-13 14:35:55] [INFO] [APP] App配置加载完成
[2026-04-13 14:35:55] [INFO] [SESSION] Session状态: 已启动
[2026-04-13 14:35:55] [INFO] [SESSION] Session ID: c898fef1271c9cac06dd024c0f902559
[2026-04-13 14:35:55] [INFO] [SESSION] Session路径: C:\Windows\TEMP/php_sessions
[2026-04-13 14:35:55] [INFO] [SYSTEM] PHP版本: 8.5.1
[2026-04-13 14:35:55] [INFO] [SYSTEM] 🚀 调试系统已启动
[2026-04-13 14:35:55] [DEBUG] [SYSTEM] PHP版本: 8.5.1
[2026-04-13 14:35:55] [INFO] [APP] App配置加载完成
[2026-04-13 14:35:55] [INFO] [SESSION] Session状态: 已启动
[2026-04-13 14:35:55] [INFO] [SESSION] Session ID: c898fef1271c9cac06dd024c0f902559
[2026-04-13 14:35:55] [INFO] [SESSION] Session路径: C:\Windows\TEMP/php_sessions
[2026-04-13 14:35:55] [INFO] [SYSTEM] PHP版本: 8.5.1
[2026-04-13 14:35:58] [INFO] [SYSTEM] 🚀 调试系统已启动
[2026-04-13 14:35:58] [DEBUG] [SYSTEM] PHP版本: 8.5.1
[2026-04-13 14:35:58] [INFO] [APP] App配置加载完成
[2026-04-13 14:35:58] [INFO] [SESSION] Session状态: 已启动
[2026-04-13 14:35:58] [INFO] [SESSION] Session ID: c898fef1271c9cac06dd024c0f902559
[2026-04-13 14:35:58] [INFO] [SESSION] Session路径: C:\Windows\TEMP/php_sessions
[2026-04-13 14:35:58] [INFO] [SYSTEM] PHP版本: 8.5.1
[2026-04-13 14:35:58] [INFO] [SYSTEM] 🚀 调试系统已启动
[2026-04-13 14:35:58] [DEBUG] [SYSTEM] PHP版本: 8.5.1
[2026-04-13 14:35:58] [INFO] [APP] App配置加载完成
[2026-04-13 14:35:58] [INFO] [SESSION] Session状态: 已启动
[2026-04-13 14:35:58] [INFO] [SESSION] Session ID: c898fef1271c9cac06dd024c0f902559
[2026-04-13 14:35:58] [INFO] [SESSION] Session路径: C:\Windows\TEMP/php_sessions
[2026-04-13 14:35:58] [INFO] [SYSTEM] PHP版本: 8.5.1
[2026-04-13 14:35:58] [INFO] [SYSTEM] 🚀 调试系统已启动
[2026-04-13 14:35:58] [DEBUG] [SYSTEM] PHP版本: 8.5.1
[2026-04-13 14:35:58] [INFO] [APP] App配置加载完成
[2026-04-13 14:35:58] [INFO] [SESSION] Session状态: 已启动
[2026-04-13 14:35:58] [INFO] [SESSION] Session ID: c898fef1271c9cac06dd024c0f902559
[2026-04-13 14:35:58] [INFO] [SESSION] Session路径: C:\Windows\TEMP/php_sessions
[2026-04-13 14:35:58] [INFO] [SYSTEM] PHP版本: 8.5.1
[2026-04-13 14:35:58] [INFO] [SYSTEM] 🚀 调试系统已启动
[2026-04-13 14:35:58] [DEBUG] [SYSTEM] PHP版本: 8.5.1
[2026-04-13 14:35:58] [INFO] [APP] App配置加载完成
[2026-04-13 14:35:58] [INFO] [SESSION] Session状态: 已启动
[2026-04-13 14:35:58] [INFO] [SESSION] Session ID: c898fef1271c9cac06dd024c0f902559
[2026-04-13 14:35:58] [INFO] [SESSION] Session路径: C:\Windows\TEMP/php_sessions
[2026-04-13 14:35:58] [INFO] [SYSTEM] PHP版本: 8.5.1
[2026-04-13 14:36:01] [INFO] [SYSTEM] 🚀 调试系统已启动
[2026-04-13 14:36:01] [DEBUG] [SYSTEM] PHP版本: 8.5.1
[2026-04-13 14:36:01] [INFO] [APP] App配置加载完成
[2026-04-13 14:36:01] [INFO] [SESSION] Session状态: 已启动
[2026-04-13 14:36:01] [INFO] [SESSION] Session ID: c898fef1271c9cac06dd024c0f902559
[2026-04-13 14:36:01] [INFO] [SESSION] Session路径: C:\Windows\TEMP/php_sessions
[2026-04-13 14:36:01] [INFO] [SYSTEM] PHP版本: 8.5.1
[2026-04-13 14:36:01] [INFO] [SYSTEM] 🚀 调试系统已启动
[2026-04-13 14:36:01] [DEBUG] [SYSTEM] PHP版本: 8.5.1
[2026-04-13 14:36:01] [INFO] [APP] App配置加载完成
[2026-04-13 14:36:01] [INFO] [SESSION] Session状态: 已启动
[2026-04-13 14:36:01] [INFO] [SESSION] Session ID: c898fef1271c9cac06dd024c0f902559
[2026-04-13 14:36:01] [INFO] [SESSION] Session路径: C:\Windows\TEMP/php_sessions
[2026-04-13 14:36:01] [INFO] [SYSTEM] PHP版本: 8.5.1
[2026-04-13 14:36:01] [INFO] [SYSTEM] 🚀 调试系统已启动
[2026-04-13 14:36:01] [DEBUG] [SYSTEM] PHP版本: 8.5.1
[2026-04-13 14:36:01] [INFO] [APP] App配置加载完成
[2026-04-13 14:36:01] [INFO] [SESSION] Session状态: 已启动
[2026-04-13 14:36:01] [INFO] [SESSION] Session ID: c898fef1271c9cac06dd024c0f902559
[2026-04-13 14:36:01] [INFO] [SESSION] Session路径: C:\Windows\TEMP/php_sessions
[2026-04-13 14:36:01] [INFO] [SYSTEM] PHP版本: 8.5.1
[2026-04-13 14:36:02] [INFO] [SYSTEM] 🚀 调试系统已启动
[2026-04-13 14:36:02] [DEBUG] [SYSTEM] PHP版本: 8.5.1
[2026-04-13 14:36:02] [INFO] [APP] App配置加载完成
[2026-04-13 14:36:02] [INFO] [SESSION] Session状态: 已启动
[2026-04-13 14:36:02] [INFO] [SESSION] Session ID: c898fef1271c9cac06dd024c0f902559
[2026-04-13 14:36:02] [INFO] [SESSION] Session路径: C:\Windows\TEMP/php_sessions
[2026-04-13 14:36:02] [INFO] [SYSTEM] PHP版本: 8.5.1
[2026-04-13 14:36:03] [INFO] [SYSTEM] 🚀 调试系统已启动
[2026-04-13 14:36:03] [DEBUG] [SYSTEM] PHP版本: 8.5.1
[2026-04-13 14:36:03] [INFO] [APP] App配置加载完成
[2026-04-13 14:36:03] [INFO] [SESSION] Session状态: 已启动
[2026-04-13 14:36:03] [INFO] [SESSION] Session ID: c898fef1271c9cac06dd024c0f902559
[2026-04-13 14:36:03] [INFO] [SESSION] Session路径: C:\Windows\TEMP/php_sessions
[2026-04-13 14:36:03] [INFO] [SYSTEM] PHP版本: 8.5.1
[2026-04-13 14:36:03] [INFO] [SYSTEM] 🚀 调试系统已启动
[2026-04-13 14:36:03] [DEBUG] [SYSTEM] PHP版本: 8.5.1
[2026-04-13 14:36:03] [INFO] [APP] App配置加载完成
[2026-04-13 14:36:03] [INFO] [SESSION] Session状态: 已启动
[2026-04-13 14:36:03] [INFO] [SESSION] Session ID: c898fef1271c9cac06dd024c0f902559
[2026-04-13 14:36:03] [INFO] [SESSION] Session路径: C:\Windows\TEMP/php_sessions
[2026-04-13 14:36:03] [INFO] [SYSTEM] PHP版本: 8.5.1
[2026-04-13 14:36:03] [INFO] [SYSTEM] 🚀 调试系统已启动
[2026-04-13 14:36:03] [DEBUG] [SYSTEM] PHP版本: 8.5.1
[2026-04-13 14:36:03] [INFO] [APP] App配置加载完成
[2026-04-13 14:36:03] [INFO] [SESSION] Session状态: 已启动
[2026-04-13 14:36:03] [INFO] [SESSION] Session ID: c898fef1271c9cac06dd024c0f902559
[2026-04-13 14:36:03] [INFO] [SESSION] Session路径: C:\Windows\TEMP/php_sessions
[2026-04-13 14:36:03] [INFO] [SYSTEM] PHP版本: 8.5.1
[2026-04-13 14:36:04] [INFO] [SYSTEM] 🚀 调试系统已启动
[2026-04-13 14:36:04] [DEBUG] [SYSTEM] PHP版本: 8.5.1
[2026-04-13 14:36:04] [INFO] [APP] App配置加载完成
[2026-04-13 14:36:04] [INFO] [SESSION] Session状态: 已启动
[2026-04-13 14:36:04] [INFO] [SESSION] Session ID: c898fef1271c9cac06dd024c0f902559
[2026-04-13 14:36:04] [INFO] [SESSION] Session路径: C:\Windows\TEMP/php_sessions
[2026-04-13 14:36:04] [INFO] [SYSTEM] PHP版本: 8.5.1
[2026-04-13 14:36:09] [INFO] [SYSTEM] 🚀 调试系统已启动
[2026-04-13 14:36:09] [DEBUG] [SYSTEM] PHP版本: 8.5.1
[2026-04-13 14:36:09] [INFO] [APP] App配置加载完成
[2026-04-13 14:36:09] [INFO] [SESSION] Session状态: 已启动
[2026-04-13 14:36:09] [INFO] [SESSION] Session ID: c898fef1271c9cac06dd024c0f902559
[2026-04-13 14:36:09] [INFO] [SESSION] Session路径: C:\Windows\TEMP/php_sessions
[2026-04-13 14:36:09] [INFO] [SYSTEM] PHP版本: 8.5.1
[2026-04-13 14:36:10] [INFO] [SYSTEM] 🚀 调试系统已启动
[2026-04-13 14:36:10] [DEBUG] [SYSTEM] PHP版本: 8.5.1
[2026-04-13 14:36:10] [INFO] [APP] App配置加载完成
[2026-04-13 14:36:10] [INFO] [SESSION] Session状态: 已启动
[2026-04-13 14:36:10] [INFO] [SESSION] Session ID: c898fef1271c9cac06dd024c0f902559
[2026-04-13 14:36:10] [INFO] [SESSION] Session路径: C:\Windows\TEMP/php_sessions
[2026-04-13 14:36:10] [INFO] [SYSTEM] PHP版本: 8.5.1
[2026-04-13 14:36:10] [INFO] [SYSTEM] 🚀 调试系统已启动
[2026-04-13 14:36:10] [DEBUG] [SYSTEM] PHP版本: 8.5.1
[2026-04-13 14:36:10] [INFO] [APP] App配置加载完成
[2026-04-13 14:36:10] [INFO] [SESSION] Session状态: 已启动
[2026-04-13 14:36:10] [INFO] [SESSION] Session ID: c898fef1271c9cac06dd024c0f902559
[2026-04-13 14:36:10] [INFO] [SESSION] Session路径: C:\Windows\TEMP/php_sessions
[2026-04-13 14:36:10] [INFO] [SYSTEM] PHP版本: 8.5.1
[2026-04-13 14:36:10] [INFO] [SYSTEM] 🚀 调试系统已启动
[2026-04-13 14:36:10] [DEBUG] [SYSTEM] PHP版本: 8.5.1
[2026-04-13 14:36:10] [INFO] [APP] App配置加载完成
[2026-04-13 14:36:10] [INFO] [SESSION] Session状态: 已启动
[2026-04-13 14:36:10] [INFO] [SESSION] Session ID: c898fef1271c9cac06dd024c0f902559
[2026-04-13 14:36:10] [INFO] [SESSION] Session路径: C:\Windows\TEMP/php_sessions
[2026-04-13 14:36:10] [INFO] [SYSTEM] PHP版本: 8.5.1
[2026-04-13 14:36:46] [INFO] [SYSTEM] 🚀 调试系统已启动
[2026-04-13 14:36:46] [DEBUG] [SYSTEM] PHP版本: 8.5.1
[2026-04-13 14:36:46] [INFO] [APP] App配置加载完成
[2026-04-13 14:36:46] [INFO] [SESSION] Session状态: 已启动
[2026-04-13 14:36:46] [INFO] [SESSION] Session ID: c898fef1271c9cac06dd024c0f902559
[2026-04-13 14:36:46] [INFO] [SESSION] Session路径: C:\Windows\TEMP/php_sessions
[2026-04-13 14:36:46] [INFO] [SYSTEM] PHP版本: 8.5.1
[2026-04-13 14:36:47] [INFO] [SYSTEM] 🚀 调试系统已启动
[2026-04-13 14:36:47] [DEBUG] [SYSTEM] PHP版本: 8.5.1
[2026-04-13 14:36:47] [INFO] [APP] App配置加载完成
[2026-04-13 14:36:47] [INFO] [SESSION] Session状态: 已启动
[2026-04-13 14:36:47] [INFO] [SESSION] Session ID: c898fef1271c9cac06dd024c0f902559
[2026-04-13 14:36:47] [INFO] [SESSION] Session路径: C:\Windows\TEMP/php_sessions
[2026-04-13 14:36:47] [INFO] [SYSTEM] PHP版本: 8.5.1
[2026-04-13 14:36:47] [INFO] [SYSTEM] 🚀 调试系统已启动
[2026-04-13 14:36:47] [DEBUG] [SYSTEM] PHP版本: 8.5.1
[2026-04-13 14:36:47] [INFO] [APP] App配置加载完成
[2026-04-13 14:36:47] [INFO] [SESSION] Session状态: 已启动
[2026-04-13 14:36:47] [INFO] [SESSION] Session ID: c898fef1271c9cac06dd024c0f902559
[2026-04-13 14:36:47] [INFO] [SESSION] Session路径: C:\Windows\TEMP/php_sessions
[2026-04-13 14:36:47] [INFO] [SYSTEM] PHP版本: 8.5.1
[2026-04-13 14:36:47] [INFO] [SYSTEM] 🚀 调试系统已启动
[2026-04-13 14:36:47] [DEBUG] [SYSTEM] PHP版本: 8.5.1
[2026-04-13 14:36:47] [INFO] [APP] App配置加载完成
[2026-04-13 14:36:47] [INFO] [SESSION] Session状态: 已启动
[2026-04-13 14:36:47] [INFO] [SESSION] Session ID: c898fef1271c9cac06dd024c0f902559
[2026-04-13 14:36:47] [INFO] [SESSION] Session路径: C:\Windows\TEMP/php_sessions
[2026-04-13 14:36:47] [INFO] [SYSTEM] PHP版本: 8.5.1
[2026-04-13 14:36:51] [INFO] [SYSTEM] 🚀 调试系统已启动
[2026-04-13 14:36:51] [DEBUG] [SYSTEM] PHP版本: 8.5.1
[2026-04-13 14:36:51] [INFO] [APP] App配置加载完成
[2026-04-13 14:36:51] [INFO] [SESSION] Session状态: 已启动
[2026-04-13 14:36:51] [INFO] [SESSION] Session ID: c898fef1271c9cac06dd024c0f902559
[2026-04-13 14:36:51] [INFO] [SESSION] Session路径: C:\Windows\TEMP/php_sessions
[2026-04-13 14:36:51] [INFO] [SYSTEM] PHP版本: 8.5.1
[2026-04-13 14:36:52] [INFO] [SYSTEM] 🚀 调试系统已启动
[2026-04-13 14:36:52] [DEBUG] [SYSTEM] PHP版本: 8.5.1
[2026-04-13 14:36:52] [INFO] [APP] App配置加载完成
[2026-04-13 14:36:52] [INFO] [SESSION] Session状态: 已启动
[2026-04-13 14:36:52] [INFO] [SESSION] Session ID: c898fef1271c9cac06dd024c0f902559
[2026-04-13 14:36:52] [INFO] [SESSION] Session路径: C:\Windows\TEMP/php_sessions
[2026-04-13 14:36:52] [INFO] [SYSTEM] PHP版本: 8.5.1
[2026-04-13 14:36:52] [INFO] [SYSTEM] 🚀 调试系统已启动
[2026-04-13 14:36:52] [DEBUG] [SYSTEM] PHP版本: 8.5.1
[2026-04-13 14:36:52] [INFO] [APP] App配置加载完成
[2026-04-13 14:36:52] [INFO] [SESSION] Session状态: 已启动
[2026-04-13 14:36:52] [INFO] [SESSION] Session ID: c898fef1271c9cac06dd024c0f902559
[2026-04-13 14:36:52] [INFO] [SESSION] Session路径: C:\Windows\TEMP/php_sessions
[2026-04-13 14:36:52] [INFO] [SYSTEM] PHP版本: 8.5.1
[2026-04-13 14:36:52] [INFO] [SYSTEM] 🚀 调试系统已启动
[2026-04-13 14:36:52] [DEBUG] [SYSTEM] PHP版本: 8.5.1
[2026-04-13 14:36:52] [INFO] [APP] App配置加载完成
[2026-04-13 14:36:52] [INFO] [SESSION] Session状态: 已启动
[2026-04-13 14:36:52] [INFO] [SESSION] Session ID: c898fef1271c9cac06dd024c0f902559
[2026-04-13 14:36:52] [INFO] [SESSION] Session路径: C:\Windows\TEMP/php_sessions
[2026-04-13 14:36:52] [INFO] [SYSTEM] PHP版本: 8.5.1
[2026-04-13 14:44:23] [INFO] [SYSTEM] 🚀 调试系统已启动
[2026-04-13 14:44:23] [DEBUG] [SYSTEM] PHP版本: 8.5.1
[2026-04-13 14:44:23] [INFO] [APP] App配置加载完成
[2026-04-13 14:44:23] [INFO] [SESSION] Session状态: 已启动
[2026-04-13 14:44:23] [INFO] [SESSION] Session ID: c898fef1271c9cac06dd024c0f902559
[2026-04-13 14:44:23] [INFO] [SESSION] Session路径: C:\Windows\TEMP/php_sessions
[2026-04-13 14:44:23] [INFO] [SYSTEM] PHP版本: 8.5.1
[2026-04-13 14:44:24] [INFO] [SYSTEM] 🚀 调试系统已启动
[2026-04-13 14:44:24] [DEBUG] [SYSTEM] PHP版本: 8.5.1
[2026-04-13 14:44:24] [INFO] [APP] App配置加载完成
[2026-04-13 14:44:24] [INFO] [SESSION] Session状态: 已启动
[2026-04-13 14:44:24] [INFO] [SESSION] Session ID: c898fef1271c9cac06dd024c0f902559
[2026-04-13 14:44:24] [INFO] [SESSION] Session路径: C:\Windows\TEMP/php_sessions
[2026-04-13 14:44:24] [INFO] [SYSTEM] PHP版本: 8.5.1
[2026-04-13 14:44:33] [INFO] [SYSTEM] 🚀 调试系统已启动
[2026-04-13 14:44:33] [DEBUG] [SYSTEM] PHP版本: 8.5.1
[2026-04-13 14:44:33] [INFO] [APP] App配置加载完成
[2026-04-13 14:44:33] [INFO] [SESSION] Session状态: 已启动
[2026-04-13 14:44:33] [INFO] [SESSION] Session ID: c898fef1271c9cac06dd024c0f902559
[2026-04-13 14:44:33] [INFO] [SESSION] Session路径: C:\Windows\TEMP/php_sessions
[2026-04-13 14:44:33] [INFO] [SYSTEM] PHP版本: 8.5.1
[2026-04-13 14:44:47] [INFO] [SYSTEM] 🚀 调试系统已启动
[2026-04-13 14:44:47] [DEBUG] [SYSTEM] PHP版本: 8.5.1
[2026-04-13 14:44:47] [INFO] [APP] App配置加载完成
[2026-04-13 14:44:47] [INFO] [SESSION] Session状态: 已启动
[2026-04-13 14:44:47] [INFO] [SESSION] Session ID: c898fef1271c9cac06dd024c0f902559
[2026-04-13 14:44:47] [INFO] [SESSION] Session路径: C:\Windows\TEMP/php_sessions
[2026-04-13 14:44:47] [INFO] [SYSTEM] PHP版本: 8.5.1
[2026-04-13 14:44:54] [INFO] [SYSTEM] 🚀 调试系统已启动
[2026-04-13 14:44:54] [DEBUG] [SYSTEM] PHP版本: 8.5.1
[2026-04-13 14:44:54] [INFO] [APP] App配置加载完成
[2026-04-13 14:44:54] [INFO] [SESSION] Session状态: 已启动
[2026-04-13 14:44:54] [INFO] [SESSION] Session ID: c898fef1271c9cac06dd024c0f902559
[2026-04-13 14:44:54] [INFO] [SESSION] Session路径: C:\Windows\TEMP/php_sessions
[2026-04-13 14:44:54] [INFO] [SYSTEM] PHP版本: 8.5.1
[2026-04-13 14:45:00] [INFO] [SYSTEM] 🚀 调试系统已启动
[2026-04-13 14:45:00] [DEBUG] [SYSTEM] PHP版本: 8.5.1
[2026-04-13 14:45:00] [INFO] [APP] App配置加载完成
[2026-04-13 14:45:00] [INFO] [SESSION] Session状态: 已启动
[2026-04-13 14:45:00] [INFO] [SESSION] Session ID: c898fef1271c9cac06dd024c0f902559
[2026-04-13 14:45:00] [INFO] [SESSION] Session路径: C:\Windows\TEMP/php_sessions
[2026-04-13 14:45:00] [INFO] [SYSTEM] PHP版本: 8.5.1
[2026-04-13 14:53:29] [INFO] [SYSTEM] 🚀 调试系统已启动
[2026-04-13 14:53:29] [DEBUG] [SYSTEM] PHP版本: 8.5.1
[2026-04-13 14:53:29] [INFO] [APP] App配置加载完成
[2026-04-13 14:53:29] [INFO] [SESSION] Session状态: 已启动
[2026-04-13 14:53:29] [INFO] [SESSION] Session ID: c898fef1271c9cac06dd024c0f902559
[2026-04-13 14:53:29] [INFO] [SESSION] Session路径: C:\Windows\TEMP/php_sessions
[2026-04-13 14:53:29] [INFO] [SYSTEM] PHP版本: 8.5.1
[2026-04-13 14:53:29] [INFO] [SYSTEM] 🚀 调试系统已启动
[2026-04-13 14:53:29] [DEBUG] [SYSTEM] PHP版本: 8.5.1
[2026-04-13 14:53:29] [INFO] [APP] App配置加载完成
[2026-04-13 14:53:29] [INFO] [SESSION] Session状态: 已启动
[2026-04-13 14:53:29] [INFO] [SESSION] Session ID: c898fef1271c9cac06dd024c0f902559
[2026-04-13 14:53:29] [INFO] [SESSION] Session路径: C:\Windows\TEMP/php_sessions
[2026-04-13 14:53:29] [INFO] [SYSTEM] PHP版本: 8.5.1
[2026-04-13 15:01:45] [INFO] [SYSTEM] 🚀 调试系统已启动
[2026-04-13 15:01:45] [DEBUG] [SYSTEM] PHP版本: 8.5.1
[2026-04-13 15:01:45] [INFO] [APP] App配置加载完成
[2026-04-13 15:01:45] [INFO] [SESSION] Session状态: 已启动
[2026-04-13 15:01:45] [INFO] [SESSION] Session ID: c898fef1271c9cac06dd024c0f902559
[2026-04-13 15:01:45] [INFO] [SESSION] Session路径: C:\Windows\TEMP/php_sessions
[2026-04-13 15:01:45] [INFO] [SYSTEM] PHP版本: 8.5.1
[2026-04-13 15:01:46] [INFO] [SYSTEM] 🚀 调试系统已启动
[2026-04-13 15:01:46] [DEBUG] [SYSTEM] PHP版本: 8.5.1
[2026-04-13 15:01:46] [INFO] [APP] App配置加载完成
[2026-04-13 15:01:46] [INFO] [SESSION] Session状态: 已启动
[2026-04-13 15:01:46] [INFO] [SESSION] Session ID: c898fef1271c9cac06dd024c0f902559
[2026-04-13 15:01:46] [INFO] [SESSION] Session数据: {"admin_logged_in":true,"admin_id":1,"admin_username":"admin","admin_role":"admin"}
[2026-04-13 15:01:46] [INFO] [SESSION] Session路径: C:\Windows\TEMP/php_sessions
[2026-04-13 15:01:46] [INFO] [SYSTEM] PHP版本: 8.5.1
[2026-04-13 15:26:00] [INFO] [SYSTEM] 🚀 调试系统已启动
[2026-04-13 15:26:00] [DEBUG] [SYSTEM] PHP版本: 8.5.1
[2026-04-13 15:26:00] [INFO] [APP] App配置加载完成
[2026-04-13 15:26:00] [INFO] [SESSION] Session状态: 已启动
[2026-04-13 15:26:00] [INFO] [SESSION] Session ID: c898fef1271c9cac06dd024c0f902559
[2026-04-13 15:26:00] [INFO] [SESSION] Session数据: {"admin_logged_in":true,"admin_id":1,"admin_username":"admin","admin_role":"admin"}
[2026-04-13 15:26:00] [INFO] [SESSION] Session路径: C:\Windows\TEMP/php_sessions
[2026-04-13 15:26:00] [INFO] [SYSTEM] PHP版本: 8.5.1
[2026-04-13 15:26:00] [INFO] [SYSTEM] 🚀 调试系统已启动
[2026-04-13 15:26:00] [DEBUG] [SYSTEM] PHP版本: 8.5.1
[2026-04-13 15:26:00] [INFO] [APP] App配置加载完成
[2026-04-13 15:26:00] [INFO] [SESSION] Session状态: 已启动
[2026-04-13 15:26:00] [INFO] [SESSION] Session ID: c898fef1271c9cac06dd024c0f902559
[2026-04-13 15:26:00] [INFO] [SESSION] Session数据: {"admin_logged_in":true,"admin_id":1,"admin_username":"admin","admin_role":"admin"}
[2026-04-13 15:26:00] [INFO] [SESSION] Session路径: C:\Windows\TEMP/php_sessions
[2026-04-13 15:26:00] [INFO] [SYSTEM] PHP版本: 8.5.1
[2026-04-13 15:26:00] [INFO] [SYSTEM] 🚀 调试系统已启动
[2026-04-13 15:26:00] [DEBUG] [SYSTEM] PHP版本: 8.5.1
[2026-04-13 15:26:00] [INFO] [APP] App配置加载完成
[2026-04-13 15:26:00] [INFO] [SESSION] Session状态: 已启动
[2026-04-13 15:26:00] [INFO] [SESSION] Session ID: c898fef1271c9cac06dd024c0f902559
[2026-04-13 15:26:00] [INFO] [SESSION] Session数据: {"admin_logged_in":true,"admin_id":1,"admin_username":"admin","admin_role":"admin"}
[2026-04-13 15:26:00] [INFO] [SESSION] Session路径: C:\Windows\TEMP/php_sessions
[2026-04-13 15:26:00] [INFO] [SYSTEM] PHP版本: 8.5.1
[2026-04-13 15:26:00] [INFO] [SYSTEM] 🚀 调试系统已启动
[2026-04-13 15:26:00] [DEBUG] [SYSTEM] PHP版本: 8.5.1
[2026-04-13 15:26:00] [INFO] [APP] App配置加载完成
[2026-04-13 15:26:00] [INFO] [SESSION] Session状态: 已启动
[2026-04-13 15:26:00] [INFO] [SESSION] Session ID: c898fef1271c9cac06dd024c0f902559
[2026-04-13 15:26:00] [INFO] [SESSION] Session数据: {"admin_logged_in":true,"admin_id":1,"admin_username":"admin","admin_role":"admin"}
[2026-04-13 15:26:00] [INFO] [SESSION] Session路径: C:\Windows\TEMP/php_sessions
[2026-04-13 15:26:00] [INFO] [SYSTEM] PHP版本: 8.5.1
[2026-04-13 15:26:00] [INFO] [SYSTEM] 🚀 调试系统已启动
[2026-04-13 15:26:00] [DEBUG] [SYSTEM] PHP版本: 8.5.1
[2026-04-13 15:26:00] [INFO] [APP] App配置加载完成
[2026-04-13 15:26:00] [INFO] [SESSION] Session状态: 已启动
[2026-04-13 15:26:00] [INFO] [SESSION] Session ID: c898fef1271c9cac06dd024c0f902559
[2026-04-13 15:26:00] [INFO] [SESSION] Session数据: {"admin_logged_in":true,"admin_id":1,"admin_username":"admin","admin_role":"admin"}
[2026-04-13 15:26:00] [INFO] [SESSION] Session路径: C:\Windows\TEMP/php_sessions
[2026-04-13 15:26:00] [INFO] [SYSTEM] PHP版本: 8.5.1
[2026-04-13 15:26:00] [INFO] [SYSTEM] 🚀 调试系统已启动
[2026-04-13 15:26:00] [DEBUG] [SYSTEM] PHP版本: 8.5.1
[2026-04-13 15:26:00] [INFO] [APP] App配置加载完成
[2026-04-13 15:26:00] [INFO] [SESSION] Session状态: 已启动
[2026-04-13 15:26:00] [INFO] [SESSION] Session ID: c898fef1271c9cac06dd024c0f902559
[2026-04-13 15:26:00] [INFO] [SESSION] Session数据: {"admin_logged_in":true,"admin_id":1,"admin_username":"admin","admin_role":"admin"}
[2026-04-13 15:26:00] [INFO] [SESSION] Session路径: C:\Windows\TEMP/php_sessions
[2026-04-13 15:26:00] [INFO] [SYSTEM] PHP版本: 8.5.1
[2026-04-13 15:26:00] [INFO] [SYSTEM] 🚀 调试系统已启动
[2026-04-13 15:26:00] [DEBUG] [SYSTEM] PHP版本: 8.5.1
[2026-04-13 15:26:00] [INFO] [APP] App配置加载完成
[2026-04-13 15:26:00] [INFO] [SESSION] Session状态: 已启动
[2026-04-13 15:26:00] [INFO] [SESSION] Session ID: c898fef1271c9cac06dd024c0f902559
[2026-04-13 15:26:00] [INFO] [SESSION] Session数据: {"admin_logged_in":true,"admin_id":1,"admin_username":"admin","admin_role":"admin"}
[2026-04-13 15:26:00] [INFO] [SESSION] Session路径: C:\Windows\TEMP/php_sessions
[2026-04-13 15:26:00] [INFO] [SYSTEM] PHP版本: 8.5.1
[2026-04-13 15:26:00] [INFO] [SYSTEM] 🚀 调试系统已启动
[2026-04-13 15:26:00] [DEBUG] [SYSTEM] PHP版本: 8.5.1
[2026-04-13 15:26:00] [INFO] [APP] App配置加载完成
[2026-04-13 15:26:00] [INFO] [SESSION] Session状态: 已启动
[2026-04-13 15:26:00] [INFO] [SESSION] Session ID: c898fef1271c9cac06dd024c0f902559
[2026-04-13 15:26:00] [INFO] [SESSION] Session数据: {"admin_logged_in":true,"admin_id":1,"admin_username":"admin","admin_role":"admin"}
[2026-04-13 15:26:00] [INFO] [SESSION] Session路径: C:\Windows\TEMP/php_sessions
[2026-04-13 15:26:00] [INFO] [SYSTEM] PHP版本: 8.5.1
[2026-04-13 15:26:00] [INFO] [SYSTEM] 🚀 调试系统已启动
[2026-04-13 15:26:00] [DEBUG] [SYSTEM] PHP版本: 8.5.1
[2026-04-13 15:26:00] [INFO] [APP] App配置加载完成
[2026-04-13 15:26:00] [INFO] [SESSION] Session状态: 已启动
[2026-04-13 15:26:00] [INFO] [SESSION] Session ID: c898fef1271c9cac06dd024c0f902559
[2026-04-13 15:26:00] [INFO] [SESSION] Session数据: {"admin_logged_in":true,"admin_id":1,"admin_username":"admin","admin_role":"admin"}
[2026-04-13 15:26:00] [INFO] [SESSION] Session路径: C:\Windows\TEMP/php_sessions
[2026-04-13 15:26:00] [INFO] [SYSTEM] PHP版本: 8.5.1
[2026-04-13 15:26:00] [INFO] [SYSTEM] 🚀 调试系统已启动
[2026-04-13 15:26:00] [DEBUG] [SYSTEM] PHP版本: 8.5.1
[2026-04-13 15:26:00] [INFO] [APP] App配置加载完成
[2026-04-13 15:26:00] [INFO] [SESSION] Session状态: 已启动
[2026-04-13 15:26:00] [INFO] [SESSION] Session ID: c898fef1271c9cac06dd024c0f902559
[2026-04-13 15:26:00] [INFO] [SESSION] Session数据: {"admin_logged_in":true,"admin_id":1,"admin_username":"admin","admin_role":"admin"}
[2026-04-13 15:26:00] [INFO] [SESSION] Session路径: C:\Windows\TEMP/php_sessions
[2026-04-13 15:26:00] [INFO] [SYSTEM] PHP版本: 8.5.1
[2026-04-13 15:26:01] [INFO] [SYSTEM] 🚀 调试系统已启动
[2026-04-13 15:26:01] [DEBUG] [SYSTEM] PHP版本: 8.5.1
[2026-04-13 15:26:01] [INFO] [APP] App配置加载完成
[2026-04-13 15:26:01] [INFO] [SESSION] Session状态: 已启动
[2026-04-13 15:26:01] [INFO] [SESSION] Session ID: c898fef1271c9cac06dd024c0f902559
[2026-04-13 15:26:01] [INFO] [SESSION] Session数据: {"admin_logged_in":true,"admin_id":1,"admin_username":"admin","admin_role":"admin"}
[2026-04-13 15:26:01] [INFO] [SESSION] Session路径: C:\Windows\TEMP/php_sessions
[2026-04-13 15:26:01] [INFO] [SYSTEM] PHP版本: 8.5.1
[2026-04-13 15:26:01] [INFO] [SYSTEM] 🚀 调试系统已启动
[2026-04-13 15:26:01] [DEBUG] [SYSTEM] PHP版本: 8.5.1
[2026-04-13 15:26:01] [INFO] [APP] App配置加载完成
[2026-04-13 15:26:01] [INFO] [SESSION] Session状态: 已启动
[2026-04-13 15:26:01] [INFO] [SESSION] Session ID: c898fef1271c9cac06dd024c0f902559
[2026-04-13 15:26:01] [INFO] [SESSION] Session数据: {"admin_logged_in":true,"admin_id":1,"admin_username":"admin","admin_role":"admin"}
[2026-04-13 15:26:01] [INFO] [SESSION] Session路径: C:\Windows\TEMP/php_sessions
[2026-04-13 15:26:01] [INFO] [SYSTEM] PHP版本: 8.5.1
[2026-04-13 15:26:01] [INFO] [SYSTEM] 🚀 调试系统已启动
[2026-04-13 15:26:01] [DEBUG] [SYSTEM] PHP版本: 8.5.1
[2026-04-13 15:26:01] [INFO] [APP] App配置加载完成
[2026-04-13 15:26:01] [INFO] [SESSION] Session状态: 已启动
[2026-04-13 15:26:01] [INFO] [SESSION] Session ID: c898fef1271c9cac06dd024c0f902559
[2026-04-13 15:26:01] [INFO] [SESSION] Session数据: {"admin_logged_in":true,"admin_id":1,"admin_username":"admin","admin_role":"admin"}
[2026-04-13 15:26:01] [INFO] [SESSION] Session路径: C:\Windows\TEMP/php_sessions
[2026-04-13 15:26:01] [INFO] [SYSTEM] PHP版本: 8.5.1
[2026-04-13 15:26:01] [INFO] [SYSTEM] 🚀 调试系统已启动
[2026-04-13 15:26:01] [DEBUG] [SYSTEM] PHP版本: 8.5.1
[2026-04-13 15:26:01] [INFO] [APP] App配置加载完成
[2026-04-13 15:26:01] [INFO] [SESSION] Session状态: 已启动
[2026-04-13 15:26:01] [INFO] [SESSION] Session ID: c898fef1271c9cac06dd024c0f902559
[2026-04-13 15:26:01] [INFO] [SESSION] Session数据: {"admin_logged_in":true,"admin_id":1,"admin_username":"admin","admin_role":"admin"}
[2026-04-13 15:26:01] [INFO] [SESSION] Session路径: C:\Windows\TEMP/php_sessions
[2026-04-13 15:26:01] [INFO] [SYSTEM] PHP版本: 8.5.1
[2026-04-13 15:26:01] [INFO] [SYSTEM] 🚀 调试系统已启动
[2026-04-13 15:26:01] [DEBUG] [SYSTEM] PHP版本: 8.5.1
[2026-04-13 15:26:01] [INFO] [APP] App配置加载完成
[2026-04-13 15:26:01] [INFO] [SESSION] Session状态: 已启动
[2026-04-13 15:26:01] [INFO] [SESSION] Session ID: c898fef1271c9cac06dd024c0f902559
[2026-04-13 15:26:01] [INFO] [SESSION] Session数据: {"admin_logged_in":true,"admin_id":1,"admin_username":"admin","admin_role":"admin"}
[2026-04-13 15:26:01] [INFO] [SESSION] Session路径: C:\Windows\TEMP/php_sessions
[2026-04-13 15:26:01] [INFO] [SYSTEM] PHP版本: 8.5.1
[2026-04-13 15:26:01] [INFO] [SYSTEM] 🚀 调试系统已启动
[2026-04-13 15:26:01] [DEBUG] [SYSTEM] PHP版本: 8.5.1
[2026-04-13 15:26:01] [INFO] [APP] App配置加载完成
[2026-04-13 15:26:01] [INFO] [SESSION] Session状态: 已启动
[2026-04-13 15:26:01] [INFO] [SESSION] Session ID: c898fef1271c9cac06dd024c0f902559
[2026-04-13 15:26:01] [INFO] [SESSION] Session数据: {"admin_logged_in":true,"admin_id":1,"admin_username":"admin","admin_role":"admin"}
[2026-04-13 15:26:01] [INFO] [SESSION] Session路径: C:\Windows\TEMP/php_sessions
[2026-04-13 15:26:01] [INFO] [SYSTEM] PHP版本: 8.5.1
[2026-04-13 15:26:01] [INFO] [SYSTEM] 🚀 调试系统已启动
[2026-04-13 15:26:01] [DEBUG] [SYSTEM] PHP版本: 8.5.1
[2026-04-13 15:26:01] [INFO] [APP] App配置加载完成
[2026-04-13 15:26:01] [INFO] [SESSION] Session状态: 已启动
[2026-04-13 15:26:01] [INFO] [SESSION] Session ID: c898fef1271c9cac06dd024c0f902559
[2026-04-13 15:26:01] [INFO] [SESSION] Session数据: {"admin_logged_in":true,"admin_id":1,"admin_username":"admin","admin_role":"admin"}
[2026-04-13 15:26:01] [INFO] [SESSION] Session路径: C:\Windows\TEMP/php_sessions
[2026-04-13 15:26:01] [INFO] [SYSTEM] PHP版本: 8.5.1
[2026-04-13 15:26:01] [INFO] [SYSTEM] 🚀 调试系统已启动
[2026-04-13 15:26:01] [DEBUG] [SYSTEM] PHP版本: 8.5.1
[2026-04-13 15:26:01] [INFO] [APP] App配置加载完成
[2026-04-13 15:26:01] [INFO] [SESSION] Session状态: 已启动
[2026-04-13 15:26:01] [INFO] [SESSION] Session ID: c898fef1271c9cac06dd024c0f902559
[2026-04-13 15:26:01] [INFO] [SESSION] Session数据: {"admin_logged_in":true,"admin_id":1,"admin_username":"admin","admin_role":"admin"}
[2026-04-13 15:26:01] [INFO] [SESSION] Session路径: C:\Windows\TEMP/php_sessions
[2026-04-13 15:26:01] [INFO] [SYSTEM] PHP版本: 8.5.1
[2026-04-13 15:26:02] [INFO] [SYSTEM] 🚀 调试系统已启动
[2026-04-13 15:26:02] [DEBUG] [SYSTEM] PHP版本: 8.5.1
[2026-04-13 15:26:02] [INFO] [APP] App配置加载完成
[2026-04-13 15:26:02] [INFO] [SESSION] Session状态: 已启动
[2026-04-13 15:26:02] [INFO] [SESSION] Session ID: c898fef1271c9cac06dd024c0f902559
[2026-04-13 15:26:02] [INFO] [SESSION] Session数据: {"admin_logged_in":true,"admin_id":1,"admin_username":"admin","admin_role":"admin"}
[2026-04-13 15:26:02] [INFO] [SESSION] Session路径: C:\Windows\TEMP/php_sessions
[2026-04-13 15:26:02] [INFO] [SYSTEM] PHP版本: 8.5.1
[2026-04-13 15:26:02] [INFO] [SYSTEM] 🚀 调试系统已启动
[2026-04-13 15:26:02] [DEBUG] [SYSTEM] PHP版本: 8.5.1
[2026-04-13 15:26:02] [INFO] [APP] App配置加载完成
[2026-04-13 15:26:02] [INFO] [SESSION] Session状态: 已启动
[2026-04-13 15:26:02] [INFO] [SESSION] Session ID: c898fef1271c9cac06dd024c0f902559
[2026-04-13 15:26:02] [INFO] [SESSION] Session数据: {"admin_logged_in":true,"admin_id":1,"admin_username":"admin","admin_role":"admin"}
[2026-04-13 15:26:02] [INFO] [SESSION] Session路径: C:\Windows\TEMP/php_sessions
[2026-04-13 15:26:02] [INFO] [SYSTEM] PHP版本: 8.5.1
[2026-04-13 15:26:05] [INFO] [SYSTEM] 🚀 调试系统已启动
[2026-04-13 15:26:05] [DEBUG] [SYSTEM] PHP版本: 8.5.1
[2026-04-13 15:26:05] [INFO] [APP] App配置加载完成
[2026-04-13 15:26:05] [INFO] [SESSION] Session状态: 已启动
[2026-04-13 15:26:05] [INFO] [SESSION] Session ID: e3410b10b38f520491679917caf12b31
[2026-04-13 15:26:05] [INFO] [SESSION] Session路径: C:\Windows\TEMP/php_sessions
[2026-04-13 15:26:05] [INFO] [SYSTEM] PHP版本: 8.5.1
[2026-04-13 15:26:07] [INFO] [SYSTEM] 🚀 调试系统已启动
[2026-04-13 15:26:07] [DEBUG] [SYSTEM] PHP版本: 8.5.1
[2026-04-13 15:26:07] [INFO] [APP] App配置加载完成
[2026-04-13 15:26:07] [INFO] [SESSION] Session状态: 已启动
[2026-04-13 15:26:07] [INFO] [SESSION] Session ID: e3410b10b38f520491679917caf12b31
[2026-04-13 15:26:07] [INFO] [SESSION] Session路径: C:\Windows\TEMP/php_sessions
[2026-04-13 15:26:07] [INFO] [SYSTEM] PHP版本: 8.5.1
[2026-04-13 15:26:14] [INFO] [SYSTEM] 🚀 调试系统已启动
[2026-04-13 15:26:14] [DEBUG] [SYSTEM] PHP版本: 8.5.1
[2026-04-13 15:26:14] [INFO] [APP] App配置加载完成
[2026-04-13 15:26:14] [INFO] [SESSION] Session状态: 已启动
[2026-04-13 15:26:14] [INFO] [SESSION] Session ID: e3410b10b38f520491679917caf12b31
[2026-04-13 15:26:14] [INFO] [SESSION] Session路径: C:\Windows\TEMP/php_sessions
[2026-04-13 15:26:14] [INFO] [SYSTEM] PHP版本: 8.5.1
[2026-04-13 15:26:14] [INFO] [SYSTEM] 🚀 调试系统已启动
[2026-04-13 15:26:14] [DEBUG] [SYSTEM] PHP版本: 8.5.1
[2026-04-13 15:26:14] [INFO] [APP] App配置加载完成
[2026-04-13 15:26:14] [INFO] [SESSION] Session状态: 已启动
[2026-04-13 15:26:14] [INFO] [SESSION] Session ID: e3410b10b38f520491679917caf12b31
[2026-04-13 15:26:14] [INFO] [SESSION] Session数据: {"admin_logged_in":true,"admin_id":1,"admin_username":"admin","admin_role":"admin"}
[2026-04-13 15:26:14] [INFO] [SESSION] Session路径: C:\Windows\TEMP/php_sessions
[2026-04-13 15:26:14] [INFO] [SYSTEM] PHP版本: 8.5.1
[2026-04-13 15:26:14] [INFO] [SYSTEM] 🚀 调试系统已启动
[2026-04-13 15:26:14] [DEBUG] [SYSTEM] PHP版本: 8.5.1
[2026-04-13 15:26:14] [INFO] [APP] App配置加载完成
[2026-04-13 15:26:14] [INFO] [SESSION] Session状态: 已启动
[2026-04-13 15:26:14] [INFO] [SESSION] Session ID: e3410b10b38f520491679917caf12b31
[2026-04-13 15:26:14] [INFO] [SESSION] Session数据: {"admin_logged_in":true,"admin_id":1,"admin_username":"admin","admin_role":"admin"}
[2026-04-13 15:26:14] [INFO] [SESSION] Session路径: C:\Windows\TEMP/php_sessions
[2026-04-13 15:26:14] [INFO] [SYSTEM] PHP版本: 8.5.1
[2026-04-13 15:26:14] [INFO] [SYSTEM] 🚀 调试系统已启动
[2026-04-13 15:26:14] [DEBUG] [SYSTEM] PHP版本: 8.5.1
[2026-04-13 15:26:14] [INFO] [APP] App配置加载完成
[2026-04-13 15:26:14] [INFO] [SESSION] Session状态: 已启动
[2026-04-13 15:26:14] [INFO] [SESSION] Session ID: e3410b10b38f520491679917caf12b31
[2026-04-13 15:26:14] [INFO] [SESSION] Session数据: {"admin_logged_in":true,"admin_id":1,"admin_username":"admin","admin_role":"admin"}
[2026-04-13 15:26:14] [INFO] [SESSION] Session路径: C:\Windows\TEMP/php_sessions
[2026-04-13 15:26:14] [INFO] [SYSTEM] PHP版本: 8.5.1
[2026-04-13 15:26:14] [INFO] [SYSTEM] 🚀 调试系统已启动
[2026-04-13 15:26:14] [DEBUG] [SYSTEM] PHP版本: 8.5.1
[2026-04-13 15:26:14] [INFO] [APP] App配置加载完成
[2026-04-13 15:26:14] [INFO] [SESSION] Session状态: 已启动
[2026-04-13 15:26:14] [INFO] [SESSION] Session ID: e3410b10b38f520491679917caf12b31
[2026-04-13 15:26:14] [INFO] [SESSION] Session数据: {"admin_logged_in":true,"admin_id":1,"admin_username":"admin","admin_role":"admin"}
[2026-04-13 15:26:14] [INFO] [SESSION] Session路径: C:\Windows\TEMP/php_sessions
[2026-04-13 15:26:14] [INFO] [SYSTEM] PHP版本: 8.5.1
[2026-04-13 15:26:14] [INFO] [SYSTEM] 🚀 调试系统已启动
[2026-04-13 15:26:14] [DEBUG] [SYSTEM] PHP版本: 8.5.1
[2026-04-13 15:26:14] [INFO] [APP] App配置加载完成
[2026-04-13 15:26:14] [INFO] [SESSION] Session状态: 已启动
[2026-04-13 15:26:14] [INFO] [SESSION] Session ID: e3410b10b38f520491679917caf12b31
[2026-04-13 15:26:14] [INFO] [SESSION] Session数据: {"admin_logged_in":true,"admin_id":1,"admin_username":"admin","admin_role":"admin"}
[2026-04-13 15:26:14] [INFO] [SESSION] Session路径: C:\Windows\TEMP/php_sessions
[2026-04-13 15:26:14] [INFO] [SYSTEM] PHP版本: 8.5.1
[2026-04-13 15:26:14] [INFO] [SYSTEM] 🚀 调试系统已启动
[2026-04-13 15:26:14] [DEBUG] [SYSTEM] PHP版本: 8.5.1
[2026-04-13 15:26:14] [INFO] [APP] App配置加载完成
[2026-04-13 15:26:14] [INFO] [SESSION] Session状态: 已启动
[2026-04-13 15:26:14] [INFO] [SESSION] Session ID: e3410b10b38f520491679917caf12b31
[2026-04-13 15:26:14] [INFO] [SESSION] Session数据: {"admin_logged_in":true,"admin_id":1,"admin_username":"admin","admin_role":"admin"}
[2026-04-13 15:26:14] [INFO] [SESSION] Session路径: C:\Windows\TEMP/php_sessions
[2026-04-13 15:26:14] [INFO] [SYSTEM] PHP版本: 8.5.1
[2026-04-13 15:26:14] [INFO] [SYSTEM] 🚀 调试系统已启动
[2026-04-13 15:26:14] [DEBUG] [SYSTEM] PHP版本: 8.5.1
[2026-04-13 15:26:14] [INFO] [APP] App配置加载完成
[2026-04-13 15:26:14] [INFO] [SESSION] Session状态: 已启动
[2026-04-13 15:26:14] [INFO] [SESSION] Session ID: e3410b10b38f520491679917caf12b31
[2026-04-13 15:26:14] [INFO] [SESSION] Session数据: {"admin_logged_in":true,"admin_id":1,"admin_username":"admin","admin_role":"admin"}
[2026-04-13 15:26:14] [INFO] [SESSION] Session路径: C:\Windows\TEMP/php_sessions
[2026-04-13 15:26:14] [INFO] [SYSTEM] PHP版本: 8.5.1
[2026-04-13 15:26:14] [INFO] [SYSTEM] 🚀 调试系统已启动
[2026-04-13 15:26:14] [DEBUG] [SYSTEM] PHP版本: 8.5.1
[2026-04-13 15:26:14] [INFO] [APP] App配置加载完成
[2026-04-13 15:26:14] [INFO] [SESSION] Session状态: 已启动
[2026-04-13 15:26:14] [INFO] [SESSION] Session ID: e3410b10b38f520491679917caf12b31
[2026-04-13 15:26:14] [INFO] [SESSION] Session数据: {"admin_logged_in":true,"admin_id":1,"admin_username":"admin","admin_role":"admin"}
[2026-04-13 15:26:14] [INFO] [SESSION] Session路径: C:\Windows\TEMP/php_sessions
[2026-04-13 15:26:14] [INFO] [SYSTEM] PHP版本: 8.5.1
[2026-04-13 15:26:14] [INFO] [SYSTEM] 🚀 调试系统已启动
[2026-04-13 15:26:14] [DEBUG] [SYSTEM] PHP版本: 8.5.1
[2026-04-13 15:26:14] [INFO] [APP] App配置加载完成
[2026-04-13 15:26:14] [INFO] [SESSION] Session状态: 已启动
[2026-04-13 15:26:14] [INFO] [SESSION] Session ID: e3410b10b38f520491679917caf12b31
[2026-04-13 15:26:14] [INFO] [SESSION] Session数据: {"admin_logged_in":true,"admin_id":1,"admin_username":"admin","admin_role":"admin"}
[2026-04-13 15:26:14] [INFO] [SESSION] Session路径: C:\Windows\TEMP/php_sessions
[2026-04-13 15:26:14] [INFO] [SYSTEM] PHP版本: 8.5.1
[2026-04-13 15:26:15] [INFO] [SYSTEM] 🚀 调试系统已启动
[2026-04-13 15:26:15] [DEBUG] [SYSTEM] PHP版本: 8.5.1
[2026-04-13 15:26:15] [INFO] [APP] App配置加载完成
[2026-04-13 15:26:15] [INFO] [SESSION] Session状态: 已启动
[2026-04-13 15:26:15] [INFO] [SESSION] Session ID: e3410b10b38f520491679917caf12b31
[2026-04-13 15:26:15] [INFO] [SESSION] Session数据: {"admin_logged_in":true,"admin_id":1,"admin_username":"admin","admin_role":"admin"}
[2026-04-13 15:26:15] [INFO] [SESSION] Session路径: C:\Windows\TEMP/php_sessions
[2026-04-13 15:26:15] [INFO] [SYSTEM] PHP版本: 8.5.1
[2026-04-13 15:26:16] [INFO] [SYSTEM] 🚀 调试系统已启动
[2026-04-13 15:26:16] [DEBUG] [SYSTEM] PHP版本: 8.5.1
[2026-04-13 15:26:16] [INFO] [APP] App配置加载完成
[2026-04-13 15:26:16] [INFO] [SESSION] Session状态: 已启动
[2026-04-13 15:26:16] [INFO] [SESSION] Session ID: e3410b10b38f520491679917caf12b31
[2026-04-13 15:26:16] [INFO] [SESSION] Session数据: {"admin_logged_in":true,"admin_id":1,"admin_username":"admin","admin_role":"admin"}
[2026-04-13 15:26:16] [INFO] [SESSION] Session路径: C:\Windows\TEMP/php_sessions
[2026-04-13 15:26:16] [INFO] [SYSTEM] PHP版本: 8.5.1
[2026-04-13 15:26:16] [INFO] [SYSTEM] 🚀 调试系统已启动
[2026-04-13 15:26:16] [DEBUG] [SYSTEM] PHP版本: 8.5.1
[2026-04-13 15:26:16] [INFO] [APP] App配置加载完成
[2026-04-13 15:26:16] [INFO] [SESSION] Session状态: 已启动
[2026-04-13 15:26:16] [INFO] [SESSION] Session ID: e3410b10b38f520491679917caf12b31
[2026-04-13 15:26:16] [INFO] [SESSION] Session数据: {"admin_logged_in":true,"admin_id":1,"admin_username":"admin","admin_role":"admin"}
[2026-04-13 15:26:16] [INFO] [SESSION] Session路径: C:\Windows\TEMP/php_sessions
[2026-04-13 15:26:16] [INFO] [SYSTEM] PHP版本: 8.5.1
[2026-04-13 15:26:16] [INFO] [SYSTEM] 🚀 调试系统已启动
[2026-04-13 15:26:16] [DEBUG] [SYSTEM] PHP版本: 8.5.1
[2026-04-13 15:26:16] [INFO] [APP] App配置加载完成
[2026-04-13 15:26:16] [INFO] [SESSION] Session状态: 已启动
[2026-04-13 15:26:16] [INFO] [SESSION] Session ID: e3410b10b38f520491679917caf12b31
[2026-04-13 15:26:16] [INFO] [SESSION] Session数据: {"admin_logged_in":true,"admin_id":1,"admin_username":"admin","admin_role":"admin"}
[2026-04-13 15:26:16] [INFO] [SESSION] Session路径: C:\Windows\TEMP/php_sessions
[2026-04-13 15:26:16] [INFO] [SYSTEM] PHP版本: 8.5.1
[2026-04-13 15:26:16] [INFO] [SYSTEM] 🚀 调试系统已启动
[2026-04-13 15:26:16] [DEBUG] [SYSTEM] PHP版本: 8.5.1
[2026-04-13 15:26:16] [INFO] [APP] App配置加载完成
[2026-04-13 15:26:16] [INFO] [SESSION] Session状态: 已启动
[2026-04-13 15:26:16] [INFO] [SESSION] Session ID: e3410b10b38f520491679917caf12b31
[2026-04-13 15:26:16] [INFO] [SESSION] Session数据: {"admin_logged_in":true,"admin_id":1,"admin_username":"admin","admin_role":"admin"}
[2026-04-13 15:26:16] [INFO] [SESSION] Session路径: C:\Windows\TEMP/php_sessions
[2026-04-13 15:26:16] [INFO] [SYSTEM] PHP版本: 8.5.1
[2026-04-13 15:26:16] [INFO] [SYSTEM] 🚀 调试系统已启动
[2026-04-13 15:26:16] [DEBUG] [SYSTEM] PHP版本: 8.5.1
[2026-04-13 15:26:16] [INFO] [APP] App配置加载完成
[2026-04-13 15:26:16] [INFO] [SESSION] Session状态: 已启动
[2026-04-13 15:26:16] [INFO] [SESSION] Session ID: e3410b10b38f520491679917caf12b31
[2026-04-13 15:26:16] [INFO] [SESSION] Session数据: {"admin_logged_in":true,"admin_id":1,"admin_username":"admin","admin_role":"admin"}
[2026-04-13 15:26:16] [INFO] [SESSION] Session路径: C:\Windows\TEMP/php_sessions
[2026-04-13 15:26:16] [INFO] [SYSTEM] PHP版本: 8.5.1
[2026-04-13 15:26:16] [INFO] [SYSTEM] 🚀 调试系统已启动
[2026-04-13 15:26:16] [DEBUG] [SYSTEM] PHP版本: 8.5.1
[2026-04-13 15:26:16] [INFO] [APP] App配置加载完成
[2026-04-13 15:26:16] [INFO] [SESSION] Session状态: 已启动
[2026-04-13 15:26:16] [INFO] [SESSION] Session ID: e3410b10b38f520491679917caf12b31
[2026-04-13 15:26:16] [INFO] [SESSION] Session数据: {"admin_logged_in":true,"admin_id":1,"admin_username":"admin","admin_role":"admin"}
[2026-04-13 15:26:16] [INFO] [SESSION] Session路径: C:\Windows\TEMP/php_sessions
[2026-04-13 15:26:16] [INFO] [SYSTEM] PHP版本: 8.5.1
[2026-04-13 15:26:16] [INFO] [SYSTEM] 🚀 调试系统已启动
[2026-04-13 15:26:16] [DEBUG] [SYSTEM] PHP版本: 8.5.1
[2026-04-13 15:26:16] [INFO] [APP] App配置加载完成
[2026-04-13 15:26:16] [INFO] [SESSION] Session状态: 已启动
[2026-04-13 15:26:16] [INFO] [SESSION] Session ID: e3410b10b38f520491679917caf12b31
[2026-04-13 15:26:16] [INFO] [SESSION] Session数据: {"admin_logged_in":true,"admin_id":1,"admin_username":"admin","admin_role":"admin"}
[2026-04-13 15:26:16] [INFO] [SESSION] Session路径: C:\Windows\TEMP/php_sessions
[2026-04-13 15:26:16] [INFO] [SYSTEM] PHP版本: 8.5.1
[2026-04-13 15:26:16] [INFO] [SYSTEM] 🚀 调试系统已启动
[2026-04-13 15:26:16] [DEBUG] [SYSTEM] PHP版本: 8.5.1
[2026-04-13 15:26:16] [INFO] [APP] App配置加载完成
[2026-04-13 15:26:16] [INFO] [SESSION] Session状态: 已启动
[2026-04-13 15:26:16] [INFO] [SESSION] Session ID: e3410b10b38f520491679917caf12b31
[2026-04-13 15:26:16] [INFO] [SESSION] Session数据: {"admin_logged_in":true,"admin_id":1,"admin_username":"admin","admin_role":"admin"}
[2026-04-13 15:26:16] [INFO] [SESSION] Session路径: C:\Windows\TEMP/php_sessions
[2026-04-13 15:26:16] [INFO] [SYSTEM] PHP版本: 8.5.1
[2026-04-13 15:26:16] [INFO] [SYSTEM] 🚀 调试系统已启动
[2026-04-13 15:26:16] [DEBUG] [SYSTEM] PHP版本: 8.5.1
[2026-04-13 15:26:16] [INFO] [APP] App配置加载完成
[2026-04-13 15:26:16] [INFO] [SESSION] Session状态: 已启动
[2026-04-13 15:26:16] [INFO] [SESSION] Session ID: e3410b10b38f520491679917caf12b31
[2026-04-13 15:26:16] [INFO] [SESSION] Session数据: {"admin_logged_in":true,"admin_id":1,"admin_username":"admin","admin_role":"admin"}
[2026-04-13 15:26:16] [INFO] [SESSION] Session路径: C:\Windows\TEMP/php_sessions
[2026-04-13 15:26:16] [INFO] [SYSTEM] PHP版本: 8.5.1
[2026-04-13 15:26:21] [INFO] [SYSTEM] 🚀 调试系统已启动
[2026-04-13 15:26:21] [DEBUG] [SYSTEM] PHP版本: 8.5.1
[2026-04-13 15:26:21] [INFO] [APP] App配置加载完成
[2026-04-13 15:26:21] [INFO] [SESSION] Session状态: 已启动
[2026-04-13 15:26:21] [INFO] [SESSION] Session ID: e3410b10b38f520491679917caf12b31
[2026-04-13 15:26:21] [INFO] [SESSION] Session数据: {"admin_logged_in":true,"admin_id":1,"admin_username":"admin","admin_role":"admin"}
[2026-04-13 15:26:21] [INFO] [SESSION] Session路径: C:\Windows\TEMP/php_sessions
[2026-04-13 15:26:21] [INFO] [SYSTEM] PHP版本: 8.5.1
[2026-04-13 15:26:21] [INFO] [SYSTEM] 🚀 调试系统已启动
[2026-04-13 15:26:21] [DEBUG] [SYSTEM] PHP版本: 8.5.1
[2026-04-13 15:26:21] [INFO] [APP] App配置加载完成
[2026-04-13 15:26:21] [INFO] [SESSION] Session状态: 已启动
[2026-04-13 15:26:21] [INFO] [SESSION] Session ID: e3410b10b38f520491679917caf12b31
[2026-04-13 15:26:21] [INFO] [SESSION] Session数据: {"admin_logged_in":true,"admin_id":1,"admin_username":"admin","admin_role":"admin"}
[2026-04-13 15:26:21] [INFO] [SESSION] Session路径: C:\Windows\TEMP/php_sessions
[2026-04-13 15:26:21] [INFO] [SYSTEM] PHP版本: 8.5.1
[2026-04-13 15:26:21] [INFO] [SYSTEM] 🚀 调试系统已启动
[2026-04-13 15:26:21] [DEBUG] [SYSTEM] PHP版本: 8.5.1
[2026-04-13 15:26:21] [INFO] [APP] App配置加载完成
[2026-04-13 15:26:21] [INFO] [SESSION] Session状态: 已启动
[2026-04-13 15:26:21] [INFO] [SESSION] Session ID: e3410b10b38f520491679917caf12b31
[2026-04-13 15:26:21] [INFO] [SESSION] Session数据: {"admin_logged_in":true,"admin_id":1,"admin_username":"admin","admin_role":"admin"}
[2026-04-13 15:26:21] [INFO] [SESSION] Session路径: C:\Windows\TEMP/php_sessions
[2026-04-13 15:26:21] [INFO] [SYSTEM] PHP版本: 8.5.1
[2026-04-13 15:26:21] [INFO] [SYSTEM] 🚀 调试系统已启动
[2026-04-13 15:26:21] [DEBUG] [SYSTEM] PHP版本: 8.5.1
[2026-04-13 15:26:21] [INFO] [APP] App配置加载完成
[2026-04-13 15:26:21] [INFO] [SESSION] Session状态: 已启动
[2026-04-13 15:26:21] [INFO] [SESSION] Session ID: e3410b10b38f520491679917caf12b31
[2026-04-13 15:26:21] [INFO] [SESSION] Session数据: {"admin_logged_in":true,"admin_id":1,"admin_username":"admin","admin_role":"admin"}
[2026-04-13 15:26:21] [INFO] [SESSION] Session路径: C:\Windows\TEMP/php_sessions
[2026-04-13 15:26:21] [INFO] [SYSTEM] PHP版本: 8.5.1
[2026-04-13 15:26:21] [INFO] [SYSTEM] 🚀 调试系统已启动
[2026-04-13 15:26:21] [DEBUG] [SYSTEM] PHP版本: 8.5.1
[2026-04-13 15:26:21] [INFO] [APP] App配置加载完成
[2026-04-13 15:26:21] [INFO] [SESSION] Session状态: 已启动
[2026-04-13 15:26:21] [INFO] [SESSION] Session ID: e3410b10b38f520491679917caf12b31
[2026-04-13 15:26:21] [INFO] [SESSION] Session数据: {"admin_logged_in":true,"admin_id":1,"admin_username":"admin","admin_role":"admin"}
[2026-04-13 15:26:21] [INFO] [SESSION] Session路径: C:\Windows\TEMP/php_sessions
[2026-04-13 15:26:21] [INFO] [SYSTEM] PHP版本: 8.5.1
[2026-04-13 15:26:21] [INFO] [SYSTEM] 🚀 调试系统已启动
[2026-04-13 15:26:21] [DEBUG] [SYSTEM] PHP版本: 8.5.1
[2026-04-13 15:26:21] [INFO] [APP] App配置加载完成
[2026-04-13 15:26:21] [INFO] [SESSION] Session状态: 已启动
[2026-04-13 15:26:21] [INFO] [SESSION] Session ID: e3410b10b38f520491679917caf12b31
[2026-04-13 15:26:21] [INFO] [SESSION] Session数据: {"admin_logged_in":true,"admin_id":1,"admin_username":"admin","admin_role":"admin"}
[2026-04-13 15:26:21] [INFO] [SESSION] Session路径: C:\Windows\TEMP/php_sessions
[2026-04-13 15:26:21] [INFO] [SYSTEM] PHP版本: 8.5.1
[2026-04-13 15:26:21] [INFO] [SYSTEM] 🚀 调试系统已启动
[2026-04-13 15:26:21] [DEBUG] [SYSTEM] PHP版本: 8.5.1
[2026-04-13 15:26:21] [INFO] [APP] App配置加载完成
[2026-04-13 15:26:21] [INFO] [SESSION] Session状态: 已启动
[2026-04-13 15:26:21] [INFO] [SESSION] Session ID: e3410b10b38f520491679917caf12b31
[2026-04-13 15:26:21] [INFO] [SESSION] Session数据: {"admin_logged_in":true,"admin_id":1,"admin_username":"admin","admin_role":"admin"}
[2026-04-13 15:26:21] [INFO] [SESSION] Session路径: C:\Windows\TEMP/php_sessions
[2026-04-13 15:26:21] [INFO] [SYSTEM] PHP版本: 8.5.1
[2026-04-13 15:26:21] [INFO] [SYSTEM] 🚀 调试系统已启动
[2026-04-13 15:26:21] [DEBUG] [SYSTEM] PHP版本: 8.5.1
[2026-04-13 15:26:21] [INFO] [APP] App配置加载完成
[2026-04-13 15:26:21] [INFO] [SESSION] Session状态: 已启动
[2026-04-13 15:26:21] [INFO] [SESSION] Session ID: e3410b10b38f520491679917caf12b31
[2026-04-13 15:26:21] [INFO] [SESSION] Session数据: {"admin_logged_in":true,"admin_id":1,"admin_username":"admin","admin_role":"admin"}
[2026-04-13 15:26:21] [INFO] [SESSION] Session路径: C:\Windows\TEMP/php_sessions
[2026-04-13 15:26:21] [INFO] [SYSTEM] PHP版本: 8.5.1
[2026-04-13 15:26:21] [INFO] [SYSTEM] 🚀 调试系统已启动
[2026-04-13 15:26:21] [DEBUG] [SYSTEM] PHP版本: 8.5.1
[2026-04-13 15:26:21] [INFO] [APP] App配置加载完成
[2026-04-13 15:26:21] [INFO] [SESSION] Session状态: 已启动
[2026-04-13 15:26:21] [INFO] [SESSION] Session ID: e3410b10b38f520491679917caf12b31
[2026-04-13 15:26:21] [INFO] [SESSION] Session数据: {"admin_logged_in":true,"admin_id":1,"admin_username":"admin","admin_role":"admin"}
[2026-04-13 15:26:21] [INFO] [SESSION] Session路径: C:\Windows\TEMP/php_sessions
[2026-04-13 15:26:21] [INFO] [SYSTEM] PHP版本: 8.5.1
[2026-04-13 15:26:21] [INFO] [SYSTEM] 🚀 调试系统已启动
[2026-04-13 15:26:21] [DEBUG] [SYSTEM] PHP版本: 8.5.1
[2026-04-13 15:26:21] [INFO] [APP] App配置加载完成
[2026-04-13 15:26:21] [INFO] [SESSION] Session状态: 已启动
[2026-04-13 15:26:21] [INFO] [SESSION] Session ID: e3410b10b38f520491679917caf12b31
[2026-04-13 15:26:21] [INFO] [SESSION] Session数据: {"admin_logged_in":true,"admin_id":1,"admin_username":"admin","admin_role":"admin"}
[2026-04-13 15:26:21] [INFO] [SESSION] Session路径: C:\Windows\TEMP/php_sessions
[2026-04-13 15:26:21] [INFO] [SYSTEM] PHP版本: 8.5.1
[2026-04-13 15:26:25] [INFO] [SYSTEM] 🚀 调试系统已启动
[2026-04-13 15:26:25] [DEBUG] [SYSTEM] PHP版本: 8.5.1
[2026-04-13 15:26:25] [INFO] [APP] App配置加载完成
[2026-04-13 15:26:25] [INFO] [SESSION] Session状态: 已启动
[2026-04-13 15:26:25] [INFO] [SESSION] Session ID: 1eef695f9f0be99e7df9a8663e021977
[2026-04-13 15:26:25] [INFO] [SESSION] Session路径: C:\Windows\TEMP/php_sessions
[2026-04-13 15:26:25] [INFO] [SYSTEM] PHP版本: 8.5.1
[2026-04-13 15:26:33] [INFO] [SYSTEM] 🚀 调试系统已启动
[2026-04-13 15:26:33] [DEBUG] [SYSTEM] PHP版本: 8.5.1
[2026-04-13 15:26:33] [INFO] [APP] App配置加载完成
[2026-04-13 15:26:33] [INFO] [SESSION] Session状态: 已启动
[2026-04-13 15:26:33] [INFO] [SESSION] Session ID: 1eef695f9f0be99e7df9a8663e021977
[2026-04-13 15:26:33] [INFO] [SESSION] Session路径: C:\Windows\TEMP/php_sessions
[2026-04-13 15:26:33] [INFO] [SYSTEM] PHP版本: 8.5.1
[2026-04-13 15:26:33] [INFO] [SYSTEM] 🚀 调试系统已启动
[2026-04-13 15:26:33] [DEBUG] [SYSTEM] PHP版本: 8.5.1
[2026-04-13 15:26:33] [INFO] [APP] App配置加载完成
[2026-04-13 15:26:33] [INFO] [SESSION] Session状态: 已启动
[2026-04-13 15:26:33] [INFO] [SESSION] Session ID: 1eef695f9f0be99e7df9a8663e021977
[2026-04-13 15:26:33] [INFO] [SESSION] Session路径: C:\Windows\TEMP/php_sessions
[2026-04-13 15:26:33] [INFO] [SYSTEM] PHP版本: 8.5.1
[2026-04-13 15:26:33] [INFO] [SYSTEM] 🚀 调试系统已启动
[2026-04-13 15:26:33] [DEBUG] [SYSTEM] PHP版本: 8.5.1
[2026-04-13 15:26:33] [INFO] [APP] App配置加载完成
[2026-04-13 15:26:33] [INFO] [SESSION] Session状态: 已启动
[2026-04-13 15:26:33] [INFO] [SESSION] Session ID: 1eef695f9f0be99e7df9a8663e021977
[2026-04-13 15:26:33] [INFO] [SESSION] Session路径: C:\Windows\TEMP/php_sessions
[2026-04-13 15:26:33] [INFO] [SYSTEM] PHP版本: 8.5.1
[2026-04-13 15:26:46] [INFO] [SYSTEM] 🚀 调试系统已启动
[2026-04-13 15:26:46] [DEBUG] [SYSTEM] PHP版本: 8.5.1
[2026-04-13 15:26:46] [INFO] [APP] App配置加载完成
[2026-04-13 15:26:46] [INFO] [SESSION] Session状态: 已启动
[2026-04-13 15:26:46] [INFO] [SESSION] Session ID: 1eef695f9f0be99e7df9a8663e021977
[2026-04-13 15:26:46] [INFO] [SESSION] Session路径: C:\Windows\TEMP/php_sessions
[2026-04-13 15:26:46] [INFO] [SYSTEM] PHP版本: 8.5.1
[2026-04-13 15:26:46] [INFO] [SYSTEM] 🚀 调试系统已启动
[2026-04-13 15:26:46] [DEBUG] [SYSTEM] PHP版本: 8.5.1
[2026-04-13 15:26:46] [INFO] [APP] App配置加载完成
[2026-04-13 15:26:46] [INFO] [SESSION] Session状态: 已启动
[2026-04-13 15:26:46] [INFO] [SESSION] Session ID: 1eef695f9f0be99e7df9a8663e021977
[2026-04-13 15:26:46] [INFO] [SESSION] Session路径: C:\Windows\TEMP/php_sessions
[2026-04-13 15:26:46] [INFO] [SYSTEM] PHP版本: 8.5.1
[2026-04-13 15:26:47] [INFO] [SYSTEM] 🚀 调试系统已启动
[2026-04-13 15:26:47] [DEBUG] [SYSTEM] PHP版本: 8.5.1
[2026-04-13 15:26:47] [INFO] [APP] App配置加载完成
[2026-04-13 15:26:47] [INFO] [SESSION] Session状态: 已启动
[2026-04-13 15:26:47] [INFO] [SESSION] Session ID: 1eef695f9f0be99e7df9a8663e021977
[2026-04-13 15:26:47] [INFO] [SESSION] Session路径: C:\Windows\TEMP/php_sessions
[2026-04-13 15:26:47] [INFO] [SYSTEM] PHP版本: 8.5.1
[2026-04-13 15:26:48] [INFO] [SYSTEM] 🚀 调试系统已启动
[2026-04-13 15:26:48] [DEBUG] [SYSTEM] PHP版本: 8.5.1
[2026-04-13 15:26:48] [INFO] [APP] App配置加载完成
[2026-04-13 15:26:48] [INFO] [SESSION] Session状态: 已启动
[2026-04-13 15:26:48] [INFO] [SESSION] Session ID: 1eef695f9f0be99e7df9a8663e021977
[2026-04-13 15:26:48] [INFO] [SESSION] Session路径: C:\Windows\TEMP/php_sessions
[2026-04-13 15:26:48] [INFO] [SYSTEM] PHP版本: 8.5.1
[2026-04-13 15:26:48] [INFO] [SYSTEM] 🚀 调试系统已启动
[2026-04-13 15:26:48] [DEBUG] [SYSTEM] PHP版本: 8.5.1
[2026-04-13 15:26:48] [INFO] [APP] App配置加载完成
[2026-04-13 15:26:48] [INFO] [SESSION] Session状态: 已启动
[2026-04-13 15:26:48] [INFO] [SESSION] Session ID: 1eef695f9f0be99e7df9a8663e021977
[2026-04-13 15:26:48] [INFO] [SESSION] Session路径: C:\Windows\TEMP/php_sessions
[2026-04-13 15:26:48] [INFO] [SYSTEM] PHP版本: 8.5.1
[2026-04-13 15:26:48] [INFO] [SYSTEM] 🚀 调试系统已启动
[2026-04-13 15:26:48] [DEBUG] [SYSTEM] PHP版本: 8.5.1
[2026-04-13 15:26:48] [INFO] [APP] App配置加载完成
[2026-04-13 15:26:48] [INFO] [SESSION] Session状态: 已启动
[2026-04-13 15:26:48] [INFO] [SESSION] Session ID: 1eef695f9f0be99e7df9a8663e021977
[2026-04-13 15:26:48] [INFO] [SESSION] Session路径: C:\Windows\TEMP/php_sessions
[2026-04-13 15:26:48] [INFO] [SYSTEM] PHP版本: 8.5.1
[2026-04-13 15:27:07] [INFO] [SYSTEM] 🚀 调试系统已启动
[2026-04-13 15:27:07] [DEBUG] [SYSTEM] PHP版本: 8.5.1
[2026-04-13 15:27:07] [INFO] [APP] App配置加载完成
[2026-04-13 15:27:07] [INFO] [SESSION] Session状态: 已启动
[2026-04-13 15:27:07] [INFO] [SESSION] Session ID: 1eef695f9f0be99e7df9a8663e021977
[2026-04-13 15:27:07] [INFO] [SESSION] Session路径: C:\Windows\TEMP/php_sessions
[2026-04-13 15:27:07] [INFO] [SYSTEM] PHP版本: 8.5.1
[2026-04-13 15:27:08] [INFO] [SYSTEM] 🚀 调试系统已启动
[2026-04-13 15:27:08] [DEBUG] [SYSTEM] PHP版本: 8.5.1
[2026-04-13 15:27:08] [INFO] [APP] App配置加载完成
[2026-04-13 15:27:08] [INFO] [SESSION] Session状态: 已启动
[2026-04-13 15:27:08] [INFO] [SESSION] Session ID: 1eef695f9f0be99e7df9a8663e021977
[2026-04-13 15:27:08] [INFO] [SESSION] Session路径: C:\Windows\TEMP/php_sessions
[2026-04-13 15:27:08] [INFO] [SYSTEM] PHP版本: 8.5.1
[2026-04-13 15:27:08] [INFO] [SYSTEM] 🚀 调试系统已启动
[2026-04-13 15:27:08] [DEBUG] [SYSTEM] PHP版本: 8.5.1
[2026-04-13 15:27:08] [INFO] [APP] App配置加载完成
[2026-04-13 15:27:08] [INFO] [SESSION] Session状态: 已启动
[2026-04-13 15:27:08] [INFO] [SESSION] Session ID: 1eef695f9f0be99e7df9a8663e021977
[2026-04-13 15:27:08] [INFO] [SESSION] Session路径: C:\Windows\TEMP/php_sessions
[2026-04-13 15:27:08] [INFO] [SYSTEM] PHP版本: 8.5.1
[2026-04-13 16:25:05] [INFO] [SYSTEM] 🚀 调试系统已启动
[2026-04-13 16:25:05] [DEBUG] [SYSTEM] PHP版本: 8.5.1
[2026-04-13 16:25:05] [INFO] [APP] App配置加载完成
[2026-04-13 16:25:05] [INFO] [SESSION] Session状态: 已启动
[2026-04-13 16:25:05] [INFO] [SESSION] Session ID: 1eef695f9f0be99e7df9a8663e021977
[2026-04-13 16:25:05] [INFO] [SESSION] Session路径: C:\Windows\TEMP/php_sessions
[2026-04-13 16:25:05] [INFO] [SYSTEM] PHP版本: 8.5.1
[2026-04-13 16:25:05] [INFO] [SYSTEM] 🚀 调试系统已启动
[2026-04-13 16:25:05] [DEBUG] [SYSTEM] PHP版本: 8.5.1
[2026-04-13 16:25:05] [INFO] [APP] App配置加载完成
[2026-04-13 16:25:05] [INFO] [SESSION] Session状态: 已启动
[2026-04-13 16:25:05] [INFO] [SESSION] Session ID: 1eef695f9f0be99e7df9a8663e021977
[2026-04-13 16:25:05] [INFO] [SESSION] Session路径: C:\Windows\TEMP/php_sessions
[2026-04-13 16:25:05] [INFO] [SYSTEM] PHP版本: 8.5.1
[2026-04-13 16:25:05] [INFO] [SYSTEM] 🚀 调试系统已启动
[2026-04-13 16:25:05] [DEBUG] [SYSTEM] PHP版本: 8.5.1
[2026-04-13 16:25:05] [INFO] [APP] App配置加载完成
[2026-04-13 16:25:05] [INFO] [SESSION] Session状态: 已启动
[2026-04-13 16:25:05] [INFO] [SESSION] Session ID: 1eef695f9f0be99e7df9a8663e021977
[2026-04-13 16:25:05] [INFO] [SESSION] Session路径: C:\Windows\TEMP/php_sessions
[2026-04-13 16:25:05] [INFO] [SYSTEM] PHP版本: 8.5.1
[2026-04-13 16:25:39] [INFO] [SYSTEM] 🚀 调试系统已启动
[2026-04-13 16:25:39] [DEBUG] [SYSTEM] PHP版本: 8.5.1
[2026-04-13 16:25:39] [INFO] [APP] App配置加载完成
[2026-04-13 16:25:39] [INFO] [SESSION] Session状态: 已启动
[2026-04-13 16:25:39] [INFO] [SESSION] Session ID: 1eef695f9f0be99e7df9a8663e021977
[2026-04-13 16:25:39] [INFO] [SESSION] Session路径: C:\Windows\TEMP/php_sessions
[2026-04-13 16:25:39] [INFO] [SYSTEM] PHP版本: 8.5.1
[2026-04-13 16:25:42] [INFO] [SYSTEM] 🚀 调试系统已启动
[2026-04-13 16:25:42] [DEBUG] [SYSTEM] PHP版本: 8.5.1
[2026-04-13 16:25:42] [INFO] [APP] App配置加载完成
[2026-04-13 16:25:42] [INFO] [SESSION] Session状态: 已启动
[2026-04-13 16:25:42] [INFO] [SESSION] Session ID: 1eef695f9f0be99e7df9a8663e021977
[2026-04-13 16:25:42] [INFO] [SESSION] Session路径: C:\Windows\TEMP/php_sessions
[2026-04-13 16:25:42] [INFO] [SYSTEM] PHP版本: 8.5.1
[2026-04-13 16:25:42] [INFO] [SYSTEM] 🚀 调试系统已启动
[2026-04-13 16:25:42] [DEBUG] [SYSTEM] PHP版本: 8.5.1
[2026-04-13 16:25:42] [INFO] [APP] App配置加载完成
[2026-04-13 16:25:42] [INFO] [SESSION] Session状态: 已启动
[2026-04-13 16:25:42] [INFO] [SESSION] Session ID: 1eef695f9f0be99e7df9a8663e021977
[2026-04-13 16:25:42] [INFO] [SESSION] Session路径: C:\Windows\TEMP/php_sessions
[2026-04-13 16:25:42] [INFO] [SYSTEM] PHP版本: 8.5.1
[2026-04-13 16:25:42] [INFO] [SYSTEM] 🚀 调试系统已启动
[2026-04-13 16:25:42] [DEBUG] [SYSTEM] PHP版本: 8.5.1
[2026-04-13 16:25:42] [INFO] [APP] App配置加载完成
[2026-04-13 16:25:42] [INFO] [SESSION] Session状态: 已启动
[2026-04-13 16:25:42] [INFO] [SESSION] Session ID: 1eef695f9f0be99e7df9a8663e021977
[2026-04-13 16:25:42] [INFO] [SESSION] Session路径: C:\Windows\TEMP/php_sessions
[2026-04-13 16:25:42] [INFO] [SYSTEM] PHP版本: 8.5.1
[2026-04-13 16:26:24] [INFO] [SYSTEM] 🚀 调试系统已启动
[2026-04-13 16:26:24] [DEBUG] [SYSTEM] PHP版本: 8.5.1
[2026-04-13 16:26:24] [INFO] [APP] App配置加载完成
[2026-04-13 16:26:24] [INFO] [SESSION] Session状态: 已启动
[2026-04-13 16:26:24] [INFO] [SESSION] Session ID: 1eef695f9f0be99e7df9a8663e021977
[2026-04-13 16:26:24] [INFO] [SESSION] Session路径: C:\Windows\TEMP/php_sessions
[2026-04-13 16:26:24] [INFO] [SYSTEM] PHP版本: 8.5.1
[2026-04-13 16:26:24] [INFO] [SYSTEM] 🚀 调试系统已启动
[2026-04-13 16:26:24] [DEBUG] [SYSTEM] PHP版本: 8.5.1
[2026-04-13 16:26:24] [INFO] [APP] App配置加载完成
[2026-04-13 16:26:24] [INFO] [SESSION] Session状态: 已启动
[2026-04-13 16:26:24] [INFO] [SESSION] Session ID: 1eef695f9f0be99e7df9a8663e021977
[2026-04-13 16:26:24] [INFO] [SESSION] Session路径: C:\Windows\TEMP/php_sessions
[2026-04-13 16:26:24] [INFO] [SYSTEM] PHP版本: 8.5.1
[2026-04-13 16:26:24] [INFO] [SYSTEM] 🚀 调试系统已启动
[2026-04-13 16:26:24] [DEBUG] [SYSTEM] PHP版本: 8.5.1
[2026-04-13 16:26:24] [INFO] [APP] App配置加载完成
[2026-04-13 16:26:24] [INFO] [SESSION] Session状态: 已启动
[2026-04-13 16:26:24] [INFO] [SESSION] Session ID: 1eef695f9f0be99e7df9a8663e021977
[2026-04-13 16:26:24] [INFO] [SESSION] Session路径: C:\Windows\TEMP/php_sessions
[2026-04-13 16:26:24] [INFO] [SYSTEM] PHP版本: 8.5.1
[2026-04-13 16:26:58] [INFO] [SYSTEM] 🚀 调试系统已启动
[2026-04-13 16:26:58] [DEBUG] [SYSTEM] PHP版本: 8.5.1
[2026-04-13 16:26:58] [INFO] [APP] App配置加载完成
[2026-04-13 16:26:58] [INFO] [SESSION] Session状态: 已启动
[2026-04-13 16:26:58] [INFO] [SESSION] Session ID: 1eef695f9f0be99e7df9a8663e021977
[2026-04-13 16:26:58] [INFO] [SESSION] Session路径: C:\Windows\TEMP/php_sessions
[2026-04-13 16:26:58] [INFO] [SYSTEM] PHP版本: 8.5.1
[2026-04-13 16:26:58] [INFO] [SYSTEM] 🚀 调试系统已启动
[2026-04-13 16:26:58] [DEBUG] [SYSTEM] PHP版本: 8.5.1
[2026-04-13 16:26:58] [INFO] [APP] App配置加载完成
[2026-04-13 16:26:58] [INFO] [SESSION] Session状态: 已启动
[2026-04-13 16:26:58] [INFO] [SESSION] Session ID: 1eef695f9f0be99e7df9a8663e021977
[2026-04-13 16:26:58] [INFO] [SESSION] Session路径: C:\Windows\TEMP/php_sessions
[2026-04-13 16:26:58] [INFO] [SYSTEM] PHP版本: 8.5.1
[2026-04-13 16:26:58] [INFO] [SYSTEM] 🚀 调试系统已启动
[2026-04-13 16:26:58] [DEBUG] [SYSTEM] PHP版本: 8.5.1
[2026-04-13 16:26:58] [INFO] [APP] App配置加载完成
[2026-04-13 16:26:58] [INFO] [SESSION] Session状态: 已启动
[2026-04-13 16:26:58] [INFO] [SESSION] Session ID: 1eef695f9f0be99e7df9a8663e021977
[2026-04-13 16:26:58] [INFO] [SESSION] Session路径: C:\Windows\TEMP/php_sessions
[2026-04-13 16:26:58] [INFO] [SYSTEM] PHP版本: 8.5.1
[2026-04-13 16:26:59] [INFO] [SYSTEM] 🚀 调试系统已启动
[2026-04-13 16:26:59] [DEBUG] [SYSTEM] PHP版本: 8.5.1
[2026-04-13 16:26:59] [INFO] [APP] App配置加载完成
[2026-04-13 16:26:59] [INFO] [SESSION] Session状态: 已启动
[2026-04-13 16:26:59] [INFO] [SESSION] Session ID: 1eef695f9f0be99e7df9a8663e021977
[2026-04-13 16:26:59] [INFO] [SESSION] Session路径: C:\Windows\TEMP/php_sessions
[2026-04-13 16:26:59] [INFO] [SYSTEM] PHP版本: 8.5.1
[2026-04-13 16:26:59] [INFO] [SYSTEM] 🚀 调试系统已启动
[2026-04-13 16:26:59] [DEBUG] [SYSTEM] PHP版本: 8.5.1
[2026-04-13 16:26:59] [INFO] [APP] App配置加载完成
[2026-04-13 16:26:59] [INFO] [SESSION] Session状态: 已启动
[2026-04-13 16:26:59] [INFO] [SESSION] Session ID: 1eef695f9f0be99e7df9a8663e021977
[2026-04-13 16:26:59] [INFO] [SESSION] Session路径: C:\Windows\TEMP/php_sessions
[2026-04-13 16:26:59] [INFO] [SYSTEM] PHP版本: 8.5.1
[2026-04-13 16:26:59] [INFO] [SYSTEM] 🚀 调试系统已启动
[2026-04-13 16:26:59] [DEBUG] [SYSTEM] PHP版本: 8.5.1
[2026-04-13 16:26:59] [INFO] [APP] App配置加载完成
[2026-04-13 16:26:59] [INFO] [SESSION] Session状态: 已启动
[2026-04-13 16:26:59] [INFO] [SESSION] Session ID: 1eef695f9f0be99e7df9a8663e021977
[2026-04-13 16:26:59] [INFO] [SESSION] Session路径: C:\Windows\TEMP/php_sessions
[2026-04-13 16:26:59] [INFO] [SYSTEM] PHP版本: 8.5.1
[2026-04-13 16:27:07] [INFO] [SYSTEM] 🚀 调试系统已启动
[2026-04-13 16:27:07] [DEBUG] [SYSTEM] PHP版本: 8.5.1
[2026-04-13 16:27:07] [INFO] [APP] App配置加载完成
[2026-04-13 16:27:07] [INFO] [SESSION] Session状态: 已启动
[2026-04-13 16:27:07] [INFO] [SESSION] Session ID: 1eef695f9f0be99e7df9a8663e021977
[2026-04-13 16:27:07] [INFO] [SESSION] Session路径: C:\Windows\TEMP/php_sessions
[2026-04-13 16:27:07] [INFO] [SYSTEM] PHP版本: 8.5.1
[2026-04-13 16:27:07] [INFO] [SYSTEM] 🚀 调试系统已启动
[2026-04-13 16:27:07] [DEBUG] [SYSTEM] PHP版本: 8.5.1
[2026-04-13 16:27:07] [INFO] [APP] App配置加载完成
[2026-04-13 16:27:07] [INFO] [SESSION] Session状态: 已启动
[2026-04-13 16:27:07] [INFO] [SESSION] Session ID: 1eef695f9f0be99e7df9a8663e021977
[2026-04-13 16:27:07] [INFO] [SESSION] Session路径: C:\Windows\TEMP/php_sessions
[2026-04-13 16:27:07] [INFO] [SYSTEM] PHP版本: 8.5.1
[2026-04-13 16:27:07] [INFO] [SYSTEM] 🚀 调试系统已启动
[2026-04-13 16:27:07] [DEBUG] [SYSTEM] PHP版本: 8.5.1
[2026-04-13 16:27:07] [INFO] [APP] App配置加载完成
[2026-04-13 16:27:07] [INFO] [SESSION] Session状态: 已启动
[2026-04-13 16:27:07] [INFO] [SESSION] Session ID: 1eef695f9f0be99e7df9a8663e021977
[2026-04-13 16:27:07] [INFO] [SESSION] Session路径: C:\Windows\TEMP/php_sessions
[2026-04-13 16:27:07] [INFO] [SYSTEM] PHP版本: 8.5.1
[2026-04-13 16:27:07] [INFO] [SYSTEM] 🚀 调试系统已启动
[2026-04-13 16:27:07] [DEBUG] [SYSTEM] PHP版本: 8.5.1
[2026-04-13 16:27:07] [INFO] [APP] App配置加载完成
[2026-04-13 16:27:07] [INFO] [SESSION] Session状态: 已启动
[2026-04-13 16:27:07] [INFO] [SESSION] Session ID: 1eef695f9f0be99e7df9a8663e021977
[2026-04-13 16:27:07] [INFO] [SESSION] Session路径: C:\Windows\TEMP/php_sessions
[2026-04-13 16:27:07] [INFO] [SYSTEM] PHP版本: 8.5.1
[2026-04-13 16:27:07] [INFO] [SYSTEM] 🚀 调试系统已启动
[2026-04-13 16:27:07] [DEBUG] [SYSTEM] PHP版本: 8.5.1
[2026-04-13 16:27:07] [INFO] [APP] App配置加载完成
[2026-04-13 16:27:07] [INFO] [SESSION] Session状态: 已启动
[2026-04-13 16:27:07] [INFO] [SESSION] Session ID: 1eef695f9f0be99e7df9a8663e021977
[2026-04-13 16:27:07] [INFO] [SESSION] Session路径: C:\Windows\TEMP/php_sessions
[2026-04-13 16:27:07] [INFO] [SYSTEM] PHP版本: 8.5.1
[2026-04-13 16:27:07] [INFO] [SYSTEM] 🚀 调试系统已启动
[2026-04-13 16:27:07] [DEBUG] [SYSTEM] PHP版本: 8.5.1
[2026-04-13 16:27:07] [INFO] [APP] App配置加载完成
[2026-04-13 16:27:07] [INFO] [SESSION] Session状态: 已启动
[2026-04-13 16:27:07] [INFO] [SESSION] Session ID: 1eef695f9f0be99e7df9a8663e021977
[2026-04-13 16:27:07] [INFO] [SESSION] Session路径: C:\Windows\TEMP/php_sessions
[2026-04-13 16:27:07] [INFO] [SYSTEM] PHP版本: 8.5.1
[2026-04-13 16:28:36] [INFO] [SYSTEM] 🚀 调试系统已启动
[2026-04-13 16:28:36] [DEBUG] [SYSTEM] PHP版本: 8.5.1
[2026-04-13 16:28:36] [INFO] [APP] App配置加载完成
[2026-04-13 16:28:36] [INFO] [SESSION] Session状态: 已启动
[2026-04-13 16:28:36] [INFO] [SESSION] Session ID: 1eef695f9f0be99e7df9a8663e021977
[2026-04-13 16:28:36] [INFO] [SESSION] Session路径: C:\Windows\TEMP/php_sessions
[2026-04-13 16:28:36] [INFO] [SYSTEM] PHP版本: 8.5.1
[2026-04-13 16:28:36] [INFO] [SYSTEM] 🚀 调试系统已启动
[2026-04-13 16:28:36] [DEBUG] [SYSTEM] PHP版本: 8.5.1
[2026-04-13 16:28:36] [INFO] [APP] App配置加载完成
[2026-04-13 16:28:36] [INFO] [SESSION] Session状态: 已启动
[2026-04-13 16:28:36] [INFO] [SESSION] Session ID: 1eef695f9f0be99e7df9a8663e021977
[2026-04-13 16:28:36] [INFO] [SESSION] Session路径: C:\Windows\TEMP/php_sessions
[2026-04-13 16:28:36] [INFO] [SYSTEM] PHP版本: 8.5.1
[2026-04-13 16:28:36] [INFO] [SYSTEM] 🚀 调试系统已启动
[2026-04-13 16:28:36] [DEBUG] [SYSTEM] PHP版本: 8.5.1
[2026-04-13 16:28:36] [INFO] [APP] App配置加载完成
[2026-04-13 16:28:36] [INFO] [SESSION] Session状态: 已启动
[2026-04-13 16:28:36] [INFO] [SESSION] Session ID: 1eef695f9f0be99e7df9a8663e021977
[2026-04-13 16:28:36] [INFO] [SESSION] Session路径: C:\Windows\TEMP/php_sessions
[2026-04-13 16:28:36] [INFO] [SYSTEM] PHP版本: 8.5.1
[2026-04-13 16:28:42] [INFO] [SYSTEM] 🚀 调试系统已启动
[2026-04-13 16:28:42] [DEBUG] [SYSTEM] PHP版本: 8.5.1
[2026-04-13 16:28:42] [INFO] [APP] App配置加载完成
[2026-04-13 16:28:42] [INFO] [SESSION] Session状态: 已启动
[2026-04-13 16:28:42] [INFO] [SESSION] Session ID: 1eef695f9f0be99e7df9a8663e021977
[2026-04-13 16:28:42] [INFO] [SESSION] Session路径: C:\Windows\TEMP/php_sessions
[2026-04-13 16:28:42] [INFO] [SYSTEM] PHP版本: 8.5.1
[2026-04-13 16:28:42] [INFO] [SYSTEM] 🚀 调试系统已启动
[2026-04-13 16:28:42] [DEBUG] [SYSTEM] PHP版本: 8.5.1
[2026-04-13 16:28:42] [INFO] [APP] App配置加载完成
[2026-04-13 16:28:42] [INFO] [SESSION] Session状态: 已启动
[2026-04-13 16:28:42] [INFO] [SESSION] Session ID: 1eef695f9f0be99e7df9a8663e021977
[2026-04-13 16:28:42] [INFO] [SESSION] Session路径: C:\Windows\TEMP/php_sessions
[2026-04-13 16:28:42] [INFO] [SYSTEM] PHP版本: 8.5.1
[2026-04-13 16:28:42] [INFO] [SYSTEM] 🚀 调试系统已启动
[2026-04-13 16:28:42] [DEBUG] [SYSTEM] PHP版本: 8.5.1
[2026-04-13 16:28:42] [INFO] [APP] App配置加载完成
[2026-04-13 16:28:42] [INFO] [SESSION] Session状态: 已启动
[2026-04-13 16:28:42] [INFO] [SESSION] Session ID: 1eef695f9f0be99e7df9a8663e021977
[2026-04-13 16:28:42] [INFO] [SESSION] Session路径: C:\Windows\TEMP/php_sessions
[2026-04-13 16:28:42] [INFO] [SYSTEM] PHP版本: 8.5.1
[2026-04-13 16:28:48] [INFO] [SYSTEM] 🚀 调试系统已启动
[2026-04-13 16:28:48] [DEBUG] [SYSTEM] PHP版本: 8.5.1
[2026-04-13 16:28:48] [INFO] [APP] App配置加载完成
[2026-04-13 16:28:48] [INFO] [SESSION] Session状态: 已启动
[2026-04-13 16:28:48] [INFO] [SESSION] Session ID: 1eef695f9f0be99e7df9a8663e021977
[2026-04-13 16:28:48] [INFO] [SESSION] Session路径: C:\Windows\TEMP/php_sessions
[2026-04-13 16:28:48] [INFO] [SYSTEM] PHP版本: 8.5.1
[2026-04-13 16:33:16] [INFO] [SYSTEM] 🚀 调试系统已启动
[2026-04-13 16:33:16] [DEBUG] [SYSTEM] PHP版本: 8.5.1
[2026-04-13 16:33:16] [INFO] [APP] App配置加载完成
[2026-04-13 16:33:16] [INFO] [SESSION] Session状态: 已启动
[2026-04-13 16:33:16] [INFO] [SESSION] Session ID: 1eef695f9f0be99e7df9a8663e021977
[2026-04-13 16:33:16] [INFO] [SESSION] Session路径: C:\Windows\TEMP/php_sessions
[2026-04-13 16:33:16] [INFO] [SYSTEM] PHP版本: 8.5.1
[2026-04-13 16:33:21] [INFO] [SYSTEM] 🚀 调试系统已启动
[2026-04-13 16:33:21] [DEBUG] [SYSTEM] PHP版本: 8.5.1
[2026-04-13 16:33:21] [INFO] [APP] App配置加载完成
[2026-04-13 16:33:21] [INFO] [SESSION] Session状态: 已启动
[2026-04-13 16:33:21] [INFO] [SESSION] Session ID: 1eef695f9f0be99e7df9a8663e021977
[2026-04-13 16:33:21] [INFO] [SESSION] Session路径: C:\Windows\TEMP/php_sessions
[2026-04-13 16:33:21] [INFO] [SYSTEM] PHP版本: 8.5.1
[2026-04-13 16:33:21] [INFO] [SYSTEM] 🚀 调试系统已启动
[2026-04-13 16:33:21] [DEBUG] [SYSTEM] PHP版本: 8.5.1
[2026-04-13 16:33:21] [INFO] [APP] App配置加载完成
[2026-04-13 16:33:21] [INFO] [SESSION] Session状态: 已启动
[2026-04-13 16:33:21] [INFO] [SESSION] Session ID: 1eef695f9f0be99e7df9a8663e021977
[2026-04-13 16:33:21] [INFO] [SESSION] Session数据: {"admin_logged_in":true,"admin_id":1,"admin_username":"admin","admin_role":"admin"}
[2026-04-13 16:33:21] [INFO] [SESSION] Session路径: C:\Windows\TEMP/php_sessions
[2026-04-13 16:33:21] [INFO] [SYSTEM] PHP版本: 8.5.1
[2026-04-13 16:33:21] [INFO] [SYSTEM] 🚀 调试系统已启动
[2026-04-13 16:33:21] [DEBUG] [SYSTEM] PHP版本: 8.5.1
[2026-04-13 16:33:21] [INFO] [APP] App配置加载完成
[2026-04-13 16:33:21] [INFO] [SESSION] Session状态: 已启动
[2026-04-13 16:33:21] [INFO] [SESSION] Session ID: 1eef695f9f0be99e7df9a8663e021977
[2026-04-13 16:33:21] [INFO] [SESSION] Session数据: {"admin_logged_in":true,"admin_id":1,"admin_username":"admin","admin_role":"admin"}
[2026-04-13 16:33:21] [INFO] [SESSION] Session路径: C:\Windows\TEMP/php_sessions
[2026-04-13 16:33:21] [INFO] [SYSTEM] PHP版本: 8.5.1
[2026-04-13 16:33:21] [INFO] [SYSTEM] 🚀 调试系统已启动
[2026-04-13 16:33:21] [DEBUG] [SYSTEM] PHP版本: 8.5.1
[2026-04-13 16:33:21] [INFO] [APP] App配置加载完成
[2026-04-13 16:33:21] [INFO] [SESSION] Session状态: 已启动
[2026-04-13 16:33:21] [INFO] [SESSION] Session ID: 1eef695f9f0be99e7df9a8663e021977
[2026-04-13 16:33:21] [INFO] [SESSION] Session数据: {"admin_logged_in":true,"admin_id":1,"admin_username":"admin","admin_role":"admin"}
[2026-04-13 16:33:21] [INFO] [SESSION] Session路径: C:\Windows\TEMP/php_sessions
[2026-04-13 16:33:21] [INFO] [SYSTEM] PHP版本: 8.5.1
[2026-04-13 16:33:22] [INFO] [SYSTEM] 🚀 调试系统已启动
[2026-04-13 16:33:22] [DEBUG] [SYSTEM] PHP版本: 8.5.1
[2026-04-13 16:33:22] [INFO] [APP] App配置加载完成
[2026-04-13 16:33:22] [INFO] [SESSION] Session状态: 已启动
[2026-04-13 16:33:22] [INFO] [SESSION] Session ID: 1eef695f9f0be99e7df9a8663e021977
[2026-04-13 16:33:22] [INFO] [SESSION] Session数据: {"admin_logged_in":true,"admin_id":1,"admin_username":"admin","admin_role":"admin"}
[2026-04-13 16:33:22] [INFO] [SESSION] Session路径: C:\Windows\TEMP/php_sessions
[2026-04-13 16:33:22] [INFO] [SYSTEM] PHP版本: 8.5.1
[2026-04-13 16:33:22] [INFO] [SYSTEM] 🚀 调试系统已启动
[2026-04-13 16:33:22] [DEBUG] [SYSTEM] PHP版本: 8.5.1
[2026-04-13 16:33:22] [INFO] [APP] App配置加载完成
[2026-04-13 16:33:22] [INFO] [SESSION] Session状态: 已启动
[2026-04-13 16:33:22] [INFO] [SESSION] Session ID: 1eef695f9f0be99e7df9a8663e021977
[2026-04-13 16:33:22] [INFO] [SESSION] Session数据: {"admin_logged_in":true,"admin_id":1,"admin_username":"admin","admin_role":"admin"}
[2026-04-13 16:33:22] [INFO] [SESSION] Session路径: C:\Windows\TEMP/php_sessions
[2026-04-13 16:33:22] [INFO] [SYSTEM] PHP版本: 8.5.1
[2026-04-13 16:33:22] [INFO] [SYSTEM] 🚀 调试系统已启动
[2026-04-13 16:33:22] [DEBUG] [SYSTEM] PHP版本: 8.5.1
[2026-04-13 16:33:22] [INFO] [APP] App配置加载完成
[2026-04-13 16:33:22] [INFO] [SESSION] Session状态: 已启动
[2026-04-13 16:33:22] [INFO] [SESSION] Session ID: 1eef695f9f0be99e7df9a8663e021977
[2026-04-13 16:33:22] [INFO] [SESSION] Session数据: {"admin_logged_in":true,"admin_id":1,"admin_username":"admin","admin_role":"admin"}
[2026-04-13 16:33:22] [INFO] [SESSION] Session路径: C:\Windows\TEMP/php_sessions
[2026-04-13 16:33:22] [INFO] [SYSTEM] PHP版本: 8.5.1
[2026-04-13 16:33:22] [INFO] [SYSTEM] 🚀 调试系统已启动
[2026-04-13 16:33:22] [DEBUG] [SYSTEM] PHP版本: 8.5.1
[2026-04-13 16:33:22] [INFO] [APP] App配置加载完成
[2026-04-13 16:33:22] [INFO] [SESSION] Session状态: 已启动
[2026-04-13 16:33:22] [INFO] [SESSION] Session ID: 1eef695f9f0be99e7df9a8663e021977
[2026-04-13 16:33:22] [INFO] [SESSION] Session数据: {"admin_logged_in":true,"admin_id":1,"admin_username":"admin","admin_role":"admin"}
[2026-04-13 16:33:22] [INFO] [SESSION] Session路径: C:\Windows\TEMP/php_sessions
[2026-04-13 16:33:22] [INFO] [SYSTEM] PHP版本: 8.5.1
[2026-04-13 16:33:22] [INFO] [SYSTEM] 🚀 调试系统已启动
[2026-04-13 16:33:22] [DEBUG] [SYSTEM] PHP版本: 8.5.1
[2026-04-13 16:33:22] [INFO] [APP] App配置加载完成
[2026-04-13 16:33:22] [INFO] [SESSION] Session状态: 已启动
[2026-04-13 16:33:22] [INFO] [SESSION] Session ID: 1eef695f9f0be99e7df9a8663e021977
[2026-04-13 16:33:22] [INFO] [SESSION] Session数据: {"admin_logged_in":true,"admin_id":1,"admin_username":"admin","admin_role":"admin"}
[2026-04-13 16:33:22] [INFO] [SESSION] Session路径: C:\Windows\TEMP/php_sessions
[2026-04-13 16:33:22] [INFO] [SYSTEM] PHP版本: 8.5.1
[2026-04-13 16:33:22] [INFO] [SYSTEM] 🚀 调试系统已启动
[2026-04-13 16:33:22] [DEBUG] [SYSTEM] PHP版本: 8.5.1
[2026-04-13 16:33:22] [INFO] [APP] App配置加载完成
[2026-04-13 16:33:22] [INFO] [SESSION] Session状态: 已启动
[2026-04-13 16:33:22] [INFO] [SESSION] Session ID: 1eef695f9f0be99e7df9a8663e021977
[2026-04-13 16:33:22] [INFO] [SESSION] Session数据: {"admin_logged_in":true,"admin_id":1,"admin_username":"admin","admin_role":"admin"}
[2026-04-13 16:33:22] [INFO] [SESSION] Session路径: C:\Windows\TEMP/php_sessions
[2026-04-13 16:33:22] [INFO] [SYSTEM] PHP版本: 8.5.1
[2026-04-13 16:33:23] [INFO] [SYSTEM] 🚀 调试系统已启动
[2026-04-13 16:33:23] [DEBUG] [SYSTEM] PHP版本: 8.5.1
[2026-04-13 16:33:23] [INFO] [APP] App配置加载完成
[2026-04-13 16:33:23] [INFO] [SESSION] Session状态: 已启动
[2026-04-13 16:33:23] [INFO] [SESSION] Session ID: 1eef695f9f0be99e7df9a8663e021977
[2026-04-13 16:33:23] [INFO] [SESSION] Session数据: {"admin_logged_in":true,"admin_id":1,"admin_username":"admin","admin_role":"admin"}
[2026-04-13 16:33:23] [INFO] [SESSION] Session路径: C:\Windows\TEMP/php_sessions
[2026-04-13 16:33:23] [INFO] [SYSTEM] PHP版本: 8.5.1
[2026-04-13 16:33:23] [INFO] [SYSTEM] 🚀 调试系统已启动
[2026-04-13 16:33:23] [DEBUG] [SYSTEM] PHP版本: 8.5.1
[2026-04-13 16:33:23] [INFO] [APP] App配置加载完成
[2026-04-13 16:33:23] [INFO] [SESSION] Session状态: 已启动
[2026-04-13 16:33:23] [INFO] [SESSION] Session ID: 1eef695f9f0be99e7df9a8663e021977
[2026-04-13 16:33:23] [INFO] [SESSION] Session数据: {"admin_logged_in":true,"admin_id":1,"admin_username":"admin","admin_role":"admin"}
[2026-04-13 16:33:23] [INFO] [SESSION] Session路径: C:\Windows\TEMP/php_sessions
[2026-04-13 16:33:23] [INFO] [SYSTEM] PHP版本: 8.5.1
[2026-04-13 16:33:23] [INFO] [SYSTEM] 🚀 调试系统已启动
[2026-04-13 16:33:23] [DEBUG] [SYSTEM] PHP版本: 8.5.1
[2026-04-13 16:33:23] [INFO] [APP] App配置加载完成
[2026-04-13 16:33:23] [INFO] [SESSION] Session状态: 已启动
[2026-04-13 16:33:23] [INFO] [SESSION] Session ID: 1eef695f9f0be99e7df9a8663e021977
[2026-04-13 16:33:23] [INFO] [SESSION] Session数据: {"admin_logged_in":true,"admin_id":1,"admin_username":"admin","admin_role":"admin"}
[2026-04-13 16:33:23] [INFO] [SESSION] Session路径: C:\Windows\TEMP/php_sessions
[2026-04-13 16:33:23] [INFO] [SYSTEM] PHP版本: 8.5.1
[2026-04-13 16:33:23] [INFO] [SYSTEM] 🚀 调试系统已启动
[2026-04-13 16:33:23] [DEBUG] [SYSTEM] PHP版本: 8.5.1
[2026-04-13 16:33:23] [INFO] [APP] App配置加载完成
[2026-04-13 16:33:23] [INFO] [SESSION] Session状态: 已启动
[2026-04-13 16:33:23] [INFO] [SESSION] Session ID: 1eef695f9f0be99e7df9a8663e021977
[2026-04-13 16:33:23] [INFO] [SESSION] Session数据: {"admin_logged_in":true,"admin_id":1,"admin_username":"admin","admin_role":"admin"}
[2026-04-13 16:33:23] [INFO] [SESSION] Session路径: C:\Windows\TEMP/php_sessions
[2026-04-13 16:33:23] [INFO] [SYSTEM] PHP版本: 8.5.1
[2026-04-13 16:33:23] [INFO] [SYSTEM] 🚀 调试系统已启动
[2026-04-13 16:33:23] [DEBUG] [SYSTEM] PHP版本: 8.5.1
[2026-04-13 16:33:23] [INFO] [APP] App配置加载完成
[2026-04-13 16:33:23] [INFO] [SESSION] Session状态: 已启动
[2026-04-13 16:33:23] [INFO] [SESSION] Session ID: 1eef695f9f0be99e7df9a8663e021977
[2026-04-13 16:33:23] [INFO] [SESSION] Session数据: {"admin_logged_in":true,"admin_id":1,"admin_username":"admin","admin_role":"admin"}
[2026-04-13 16:33:23] [INFO] [SESSION] Session路径: C:\Windows\TEMP/php_sessions
[2026-04-13 16:33:23] [INFO] [SYSTEM] PHP版本: 8.5.1
[2026-04-13 16:33:23] [INFO] [SYSTEM] 🚀 调试系统已启动
[2026-04-13 16:33:23] [DEBUG] [SYSTEM] PHP版本: 8.5.1
[2026-04-13 16:33:23] [INFO] [APP] App配置加载完成
[2026-04-13 16:33:23] [INFO] [SESSION] Session状态: 已启动
[2026-04-13 16:33:23] [INFO] [SESSION] Session ID: 1eef695f9f0be99e7df9a8663e021977
[2026-04-13 16:33:23] [INFO] [SESSION] Session数据: {"admin_logged_in":true,"admin_id":1,"admin_username":"admin","admin_role":"admin"}
[2026-04-13 16:33:23] [INFO] [SESSION] Session路径: C:\Windows\TEMP/php_sessions
[2026-04-13 16:33:23] [INFO] [SYSTEM] PHP版本: 8.5.1
[2026-04-13 16:33:23] [INFO] [SYSTEM] 🚀 调试系统已启动
[2026-04-13 16:33:23] [DEBUG] [SYSTEM] PHP版本: 8.5.1
[2026-04-13 16:33:23] [INFO] [APP] App配置加载完成
[2026-04-13 16:33:23] [INFO] [SESSION] Session状态: 已启动
[2026-04-13 16:33:23] [INFO] [SESSION] Session ID: 1eef695f9f0be99e7df9a8663e021977
[2026-04-13 16:33:23] [INFO] [SESSION] Session数据: {"admin_logged_in":true,"admin_id":1,"admin_username":"admin","admin_role":"admin"}
[2026-04-13 16:33:23] [INFO] [SESSION] Session路径: C:\Windows\TEMP/php_sessions
[2026-04-13 16:33:23] [INFO] [SYSTEM] PHP版本: 8.5.1
[2026-04-13 16:33:23] [INFO] [SYSTEM] 🚀 调试系统已启动
[2026-04-13 16:33:23] [DEBUG] [SYSTEM] PHP版本: 8.5.1
[2026-04-13 16:33:23] [INFO] [APP] App配置加载完成
[2026-04-13 16:33:23] [INFO] [SESSION] Session状态: 已启动
[2026-04-13 16:33:23] [INFO] [SESSION] Session ID: 1eef695f9f0be99e7df9a8663e021977
[2026-04-13 16:33:23] [INFO] [SESSION] Session数据: {"admin_logged_in":true,"admin_id":1,"admin_username":"admin","admin_role":"admin"}
[2026-04-13 16:33:23] [INFO] [SESSION] Session路径: C:\Windows\TEMP/php_sessions
[2026-04-13 16:33:23] [INFO] [SYSTEM] PHP版本: 8.5.1
[2026-04-13 16:33:23] [INFO] [SYSTEM] 🚀 调试系统已启动
[2026-04-13 16:33:23] [DEBUG] [SYSTEM] PHP版本: 8.5.1
[2026-04-13 16:33:23] [INFO] [APP] App配置加载完成
[2026-04-13 16:33:23] [INFO] [SESSION] Session状态: 已启动
[2026-04-13 16:33:23] [INFO] [SESSION] Session ID: 1eef695f9f0be99e7df9a8663e021977
[2026-04-13 16:33:23] [INFO] [SESSION] Session数据: {"admin_logged_in":true,"admin_id":1,"admin_username":"admin","admin_role":"admin"}
[2026-04-13 16:33:23] [INFO] [SESSION] Session路径: C:\Windows\TEMP/php_sessions
[2026-04-13 16:33:23] [INFO] [SYSTEM] PHP版本: 8.5.1
[2026-04-13 16:33:23] [INFO] [SYSTEM] 🚀 调试系统已启动
[2026-04-13 16:33:23] [DEBUG] [SYSTEM] PHP版本: 8.5.1
[2026-04-13 16:33:23] [INFO] [APP] App配置加载完成
[2026-04-13 16:33:23] [INFO] [SESSION] Session状态: 已启动
[2026-04-13 16:33:23] [INFO] [SESSION] Session ID: 1eef695f9f0be99e7df9a8663e021977
[2026-04-13 16:33:23] [INFO] [SESSION] Session数据: {"admin_logged_in":true,"admin_id":1,"admin_username":"admin","admin_role":"admin"}
[2026-04-13 16:33:23] [INFO] [SESSION] Session路径: C:\Windows\TEMP/php_sessions
[2026-04-13 16:33:23] [INFO] [SYSTEM] PHP版本: 8.5.1
[2026-04-13 16:33:26] [INFO] [SYSTEM] 🚀 调试系统已启动
[2026-04-13 16:33:26] [DEBUG] [SYSTEM] PHP版本: 8.5.1
[2026-04-13 16:33:26] [INFO] [APP] App配置加载完成
[2026-04-13 16:33:26] [INFO] [SESSION] Session状态: 已启动
[2026-04-13 16:33:26] [INFO] [SESSION] Session ID: e2422f344f1f7d17ac54db6d4a97ca5f
[2026-04-13 16:33:26] [INFO] [SESSION] Session路径: C:\Windows\TEMP/php_sessions
[2026-04-13 16:33:26] [INFO] [SYSTEM] PHP版本: 8.5.1
[2026-04-13 16:33:52] [INFO] [SYSTEM] 🚀 调试系统已启动
[2026-04-13 16:33:52] [DEBUG] [SYSTEM] PHP版本: 8.5.1
[2026-04-13 16:33:52] [INFO] [APP] App配置加载完成
[2026-04-13 16:33:52] [INFO] [SESSION] Session状态: 已启动
[2026-04-13 16:33:52] [INFO] [SESSION] Session ID: e2422f344f1f7d17ac54db6d4a97ca5f
[2026-04-13 16:33:52] [INFO] [SESSION] Session路径: C:\Windows\TEMP/php_sessions
[2026-04-13 16:33:52] [INFO] [SYSTEM] PHP版本: 8.5.1
[2026-04-13 16:33:54] [INFO] [SYSTEM] 🚀 调试系统已启动
[2026-04-13 16:33:54] [DEBUG] [SYSTEM] PHP版本: 8.5.1
[2026-04-13 16:33:54] [INFO] [APP] App配置加载完成
[2026-04-13 16:33:54] [INFO] [SESSION] Session状态: 已启动
[2026-04-13 16:33:54] [INFO] [SESSION] Session ID: e2422f344f1f7d17ac54db6d4a97ca5f
[2026-04-13 16:33:54] [INFO] [SESSION] Session路径: C:\Windows\TEMP/php_sessions
[2026-04-13 16:33:54] [INFO] [SYSTEM] PHP版本: 8.5.1
[2026-04-13 16:33:55] [INFO] [SYSTEM] 🚀 调试系统已启动
[2026-04-13 16:33:55] [DEBUG] [SYSTEM] PHP版本: 8.5.1
[2026-04-13 16:33:55] [INFO] [APP] App配置加载完成
[2026-04-13 16:33:55] [INFO] [SESSION] Session状态: 已启动
[2026-04-13 16:33:55] [INFO] [SESSION] Session ID: e2422f344f1f7d17ac54db6d4a97ca5f
[2026-04-13 16:33:55] [INFO] [SESSION] Session路径: C:\Windows\TEMP/php_sessions
[2026-04-13 16:33:55] [INFO] [SYSTEM] PHP版本: 8.5.1
[2026-04-13 16:33:55] [INFO] [SYSTEM] 🚀 调试系统已启动
[2026-04-13 16:33:55] [DEBUG] [SYSTEM] PHP版本: 8.5.1
[2026-04-13 16:33:55] [INFO] [APP] App配置加载完成
[2026-04-13 16:33:55] [INFO] [SESSION] Session状态: 已启动
[2026-04-13 16:33:55] [INFO] [SESSION] Session ID: e2422f344f1f7d17ac54db6d4a97ca5f
[2026-04-13 16:33:55] [INFO] [SESSION] Session路径: C:\Windows\TEMP/php_sessions
[2026-04-13 16:33:55] [INFO] [SYSTEM] PHP版本: 8.5.1
[2026-04-13 16:34:00] [INFO] [SYSTEM] 🚀 调试系统已启动
[2026-04-13 16:34:00] [DEBUG] [SYSTEM] PHP版本: 8.5.1
[2026-04-13 16:34:00] [INFO] [APP] App配置加载完成
[2026-04-13 16:34:00] [INFO] [SESSION] Session状态: 已启动
[2026-04-13 16:34:00] [INFO] [SESSION] Session ID: e2422f344f1f7d17ac54db6d4a97ca5f
[2026-04-13 16:34:00] [INFO] [SESSION] Session路径: C:\Windows\TEMP/php_sessions
[2026-04-13 16:34:00] [INFO] [SYSTEM] PHP版本: 8.5.1
[2026-04-13 16:34:00] [INFO] [SYSTEM] 🚀 调试系统已启动
[2026-04-13 16:34:00] [DEBUG] [SYSTEM] PHP版本: 8.5.1
[2026-04-13 16:34:00] [INFO] [APP] App配置加载完成
[2026-04-13 16:34:00] [INFO] [SESSION] Session状态: 已启动
[2026-04-13 16:34:00] [INFO] [SESSION] Session ID: e2422f344f1f7d17ac54db6d4a97ca5f
[2026-04-13 16:34:00] [INFO] [SESSION] Session路径: C:\Windows\TEMP/php_sessions
[2026-04-13 16:34:00] [INFO] [SYSTEM] PHP版本: 8.5.1
[2026-04-13 16:34:00] [INFO] [SYSTEM] 🚀 调试系统已启动
[2026-04-13 16:34:00] [DEBUG] [SYSTEM] PHP版本: 8.5.1
[2026-04-13 16:34:00] [INFO] [APP] App配置加载完成
[2026-04-13 16:34:00] [INFO] [SESSION] Session状态: 已启动
[2026-04-13 16:34:00] [INFO] [SESSION] Session ID: e2422f344f1f7d17ac54db6d4a97ca5f
[2026-04-13 16:34:00] [INFO] [SESSION] Session路径: C:\Windows\TEMP/php_sessions
[2026-04-13 16:34:00] [INFO] [SYSTEM] PHP版本: 8.5.1
[2026-04-13 16:34:02] [INFO] [SYSTEM] 🚀 调试系统已启动
[2026-04-13 16:34:02] [DEBUG] [SYSTEM] PHP版本: 8.5.1
[2026-04-13 16:34:02] [INFO] [APP] App配置加载完成
[2026-04-13 16:34:02] [INFO] [SESSION] Session状态: 已启动
[2026-04-13 16:34:02] [INFO] [SESSION] Session ID: e2422f344f1f7d17ac54db6d4a97ca5f
[2026-04-13 16:34:02] [INFO] [SESSION] Session路径: C:\Windows\TEMP/php_sessions
[2026-04-13 16:34:02] [INFO] [SYSTEM] PHP版本: 8.5.1
[2026-04-13 16:34:02] [INFO] [SYSTEM] 🚀 调试系统已启动
[2026-04-13 16:34:02] [DEBUG] [SYSTEM] PHP版本: 8.5.1
[2026-04-13 16:34:02] [INFO] [APP] App配置加载完成
[2026-04-13 16:34:02] [INFO] [SESSION] Session状态: 已启动
[2026-04-13 16:34:02] [INFO] [SESSION] Session ID: e2422f344f1f7d17ac54db6d4a97ca5f
[2026-04-13 16:34:02] [INFO] [SESSION] Session路径: C:\Windows\TEMP/php_sessions
[2026-04-13 16:34:02] [INFO] [SYSTEM] PHP版本: 8.5.1
[2026-04-13 16:34:06] [INFO] [SYSTEM] 🚀 调试系统已启动
[2026-04-13 16:34:06] [DEBUG] [SYSTEM] PHP版本: 8.5.1
[2026-04-13 16:34:06] [INFO] [APP] App配置加载完成
[2026-04-13 16:34:06] [INFO] [SESSION] Session状态: 已启动
[2026-04-13 16:34:06] [INFO] [SESSION] Session ID: e2422f344f1f7d17ac54db6d4a97ca5f
[2026-04-13 16:34:06] [INFO] [SESSION] Session路径: C:\Windows\TEMP/php_sessions
[2026-04-13 16:34:06] [INFO] [SYSTEM] PHP版本: 8.5.1
[2026-04-13 16:34:06] [INFO] [SYSTEM] 🚀 调试系统已启动
[2026-04-13 16:34:06] [DEBUG] [SYSTEM] PHP版本: 8.5.1
[2026-04-13 16:34:06] [INFO] [APP] App配置加载完成
[2026-04-13 16:34:06] [INFO] [SESSION] Session状态: 已启动
[2026-04-13 16:34:06] [INFO] [SESSION] Session ID: e2422f344f1f7d17ac54db6d4a97ca5f
[2026-04-13 16:34:06] [INFO] [SESSION] Session路径: C:\Windows\TEMP/php_sessions
[2026-04-13 16:34:06] [INFO] [SYSTEM] PHP版本: 8.5.1
[2026-04-13 16:34:06] [INFO] [SYSTEM] 🚀 调试系统已启动
[2026-04-13 16:34:06] [DEBUG] [SYSTEM] PHP版本: 8.5.1
[2026-04-13 16:34:06] [INFO] [APP] App配置加载完成
[2026-04-13 16:34:06] [INFO] [SESSION] Session状态: 已启动
[2026-04-13 16:34:06] [INFO] [SESSION] Session ID: e2422f344f1f7d17ac54db6d4a97ca5f
[2026-04-13 16:34:06] [INFO] [SESSION] Session路径: C:\Windows\TEMP/php_sessions
[2026-04-13 16:34:06] [INFO] [SYSTEM] PHP版本: 8.5.1
[2026-04-13 16:35:56] [INFO] [SYSTEM] 🚀 调试系统已启动
[2026-04-13 16:35:56] [DEBUG] [SYSTEM] PHP版本: 8.5.1
[2026-04-13 16:35:56] [INFO] [APP] App配置加载完成
[2026-04-13 16:35:56] [INFO] [SESSION] Session状态: 已启动
[2026-04-13 16:35:56] [INFO] [SESSION] Session ID: e2422f344f1f7d17ac54db6d4a97ca5f
[2026-04-13 16:35:56] [INFO] [SESSION] Session路径: C:\Windows\TEMP/php_sessions
[2026-04-13 16:35:56] [INFO] [SYSTEM] PHP版本: 8.5.1
[2026-04-13 16:35:56] [INFO] [SYSTEM] 🚀 调试系统已启动
[2026-04-13 16:35:56] [DEBUG] [SYSTEM] PHP版本: 8.5.1
[2026-04-13 16:35:56] [INFO] [APP] App配置加载完成
[2026-04-13 16:35:56] [INFO] [SESSION] Session状态: 已启动
[2026-04-13 16:35:56] [INFO] [SESSION] Session ID: e2422f344f1f7d17ac54db6d4a97ca5f
[2026-04-13 16:35:56] [INFO] [SESSION] Session路径: C:\Windows\TEMP/php_sessions
[2026-04-13 16:35:56] [INFO] [SYSTEM] PHP版本: 8.5.1
[2026-04-13 16:35:56] [INFO] [SYSTEM] 🚀 调试系统已启动
[2026-04-13 16:35:56] [DEBUG] [SYSTEM] PHP版本: 8.5.1
[2026-04-13 16:35:56] [INFO] [APP] App配置加载完成
[2026-04-13 16:35:56] [INFO] [SESSION] Session状态: 已启动
[2026-04-13 16:35:56] [INFO] [SESSION] Session ID: e2422f344f1f7d17ac54db6d4a97ca5f
[2026-04-13 16:35:56] [INFO] [SESSION] Session路径: C:\Windows\TEMP/php_sessions
[2026-04-13 16:35:56] [INFO] [SYSTEM] PHP版本: 8.5.1
[2026-04-13 16:36:00] [INFO] [SYSTEM] 🚀 调试系统已启动
[2026-04-13 16:36:00] [DEBUG] [SYSTEM] PHP版本: 8.5.1
[2026-04-13 16:36:00] [INFO] [APP] App配置加载完成
[2026-04-13 16:36:00] [INFO] [SESSION] Session状态: 已启动
[2026-04-13 16:36:00] [INFO] [SESSION] Session ID: e2422f344f1f7d17ac54db6d4a97ca5f
[2026-04-13 16:36:00] [INFO] [SESSION] Session路径: C:\Windows\TEMP/php_sessions
[2026-04-13 16:36:00] [INFO] [SYSTEM] PHP版本: 8.5.1
[2026-04-13 16:36:00] [INFO] [SYSTEM] 🚀 调试系统已启动
[2026-04-13 16:36:00] [DEBUG] [SYSTEM] PHP版本: 8.5.1
[2026-04-13 16:36:00] [INFO] [APP] App配置加载完成
[2026-04-13 16:36:00] [INFO] [SESSION] Session状态: 已启动
[2026-04-13 16:36:00] [INFO] [SESSION] Session ID: e2422f344f1f7d17ac54db6d4a97ca5f
[2026-04-13 16:36:00] [INFO] [SESSION] Session路径: C:\Windows\TEMP/php_sessions
[2026-04-13 16:36:00] [INFO] [SYSTEM] PHP版本: 8.5.1
[2026-04-13 16:36:00] [INFO] [SYSTEM] 🚀 调试系统已启动
[2026-04-13 16:36:00] [DEBUG] [SYSTEM] PHP版本: 8.5.1
[2026-04-13 16:36:00] [INFO] [APP] App配置加载完成
[2026-04-13 16:36:00] [INFO] [SESSION] Session状态: 已启动
[2026-04-13 16:36:00] [INFO] [SESSION] Session ID: e2422f344f1f7d17ac54db6d4a97ca5f
[2026-04-13 16:36:00] [INFO] [SESSION] Session路径: C:\Windows\TEMP/php_sessions
[2026-04-13 16:36:00] [INFO] [SYSTEM] PHP版本: 8.5.1
[2026-04-13 16:38:09] [INFO] [SYSTEM] 🚀 调试系统已启动
[2026-04-13 16:38:09] [DEBUG] [SYSTEM] PHP版本: 8.5.1
[2026-04-13 16:38:09] [INFO] [APP] App配置加载完成
[2026-04-13 16:38:09] [INFO] [SESSION] Session状态: 已启动
[2026-04-13 16:38:09] [INFO] [SESSION] Session ID: e2422f344f1f7d17ac54db6d4a97ca5f
[2026-04-13 16:38:09] [INFO] [SESSION] Session路径: C:\Windows\TEMP/php_sessions
[2026-04-13 16:38:09] [INFO] [SYSTEM] PHP版本: 8.5.1
[2026-04-13 16:38:09] [INFO] [SYSTEM] 🚀 调试系统已启动
[2026-04-13 16:38:09] [DEBUG] [SYSTEM] PHP版本: 8.5.1
[2026-04-13 16:38:09] [INFO] [APP] App配置加载完成
[2026-04-13 16:38:09] [INFO] [SESSION] Session状态: 已启动
[2026-04-13 16:38:09] [INFO] [SESSION] Session ID: e2422f344f1f7d17ac54db6d4a97ca5f
[2026-04-13 16:38:09] [INFO] [SESSION] Session路径: C:\Windows\TEMP/php_sessions
[2026-04-13 16:38:09] [INFO] [SYSTEM] PHP版本: 8.5.1
[2026-04-13 16:38:09] [INFO] [SYSTEM] 🚀 调试系统已启动
[2026-04-13 16:38:09] [DEBUG] [SYSTEM] PHP版本: 8.5.1
[2026-04-13 16:38:09] [INFO] [APP] App配置加载完成
[2026-04-13 16:38:09] [INFO] [SESSION] Session状态: 已启动
[2026-04-13 16:38:09] [INFO] [SESSION] Session ID: e2422f344f1f7d17ac54db6d4a97ca5f
[2026-04-13 16:38:09] [INFO] [SESSION] Session路径: C:\Windows\TEMP/php_sessions
[2026-04-13 16:38:09] [INFO] [SYSTEM] PHP版本: 8.5.1
[2026-04-13 16:38:11] [INFO] [SYSTEM] 🚀 调试系统已启动
[2026-04-13 16:38:11] [DEBUG] [SYSTEM] PHP版本: 8.5.1
[2026-04-13 16:38:11] [INFO] [APP] App配置加载完成
[2026-04-13 16:38:11] [INFO] [SESSION] Session状态: 已启动
[2026-04-13 16:38:11] [INFO] [SESSION] Session ID: e2422f344f1f7d17ac54db6d4a97ca5f
[2026-04-13 16:38:11] [INFO] [SESSION] Session路径: C:\Windows\TEMP/php_sessions
[2026-04-13 16:38:11] [INFO] [SYSTEM] PHP版本: 8.5.1
[2026-04-13 16:38:11] [INFO] [SYSTEM] 🚀 调试系统已启动
[2026-04-13 16:38:11] [DEBUG] [SYSTEM] PHP版本: 8.5.1
[2026-04-13 16:38:11] [INFO] [APP] App配置加载完成
[2026-04-13 16:38:11] [INFO] [SESSION] Session状态: 已启动
[2026-04-13 16:38:11] [INFO] [SESSION] Session ID: e2422f344f1f7d17ac54db6d4a97ca5f
[2026-04-13 16:38:11] [INFO] [SESSION] Session路径: C:\Windows\TEMP/php_sessions
[2026-04-13 16:38:11] [INFO] [SYSTEM] PHP版本: 8.5.1
[2026-04-13 16:38:11] [INFO] [SYSTEM] 🚀 调试系统已启动
[2026-04-13 16:38:11] [DEBUG] [SYSTEM] PHP版本: 8.5.1
[2026-04-13 16:38:11] [INFO] [APP] App配置加载完成
[2026-04-13 16:38:11] [INFO] [SESSION] Session状态: 已启动
[2026-04-13 16:38:11] [INFO] [SESSION] Session ID: e2422f344f1f7d17ac54db6d4a97ca5f
[2026-04-13 16:38:11] [INFO] [SESSION] Session路径: C:\Windows\TEMP/php_sessions
[2026-04-13 16:38:11] [INFO] [SYSTEM] PHP版本: 8.5.1
[2026-04-13 16:38:53] [INFO] [SYSTEM] 🚀 调试系统已启动
[2026-04-13 16:38:53] [DEBUG] [SYSTEM] PHP版本: 8.5.1
[2026-04-13 16:38:53] [INFO] [APP] App配置加载完成
[2026-04-13 16:38:53] [INFO] [SESSION] Session状态: 已启动
[2026-04-13 16:38:53] [INFO] [SESSION] Session ID: e2422f344f1f7d17ac54db6d4a97ca5f
[2026-04-13 16:38:53] [INFO] [SESSION] Session路径: C:\Windows\TEMP/php_sessions
[2026-04-13 16:38:53] [INFO] [SYSTEM] PHP版本: 8.5.1
[2026-04-13 16:39:06] [INFO] [SYSTEM] 🚀 调试系统已启动
[2026-04-13 16:39:06] [DEBUG] [SYSTEM] PHP版本: 8.5.1
[2026-04-13 16:39:06] [INFO] [APP] App配置加载完成
[2026-04-13 16:39:06] [INFO] [SESSION] Session状态: 已启动
[2026-04-13 16:39:06] [INFO] [SESSION] Session ID: e2422f344f1f7d17ac54db6d4a97ca5f
[2026-04-13 16:39:06] [INFO] [SESSION] Session路径: C:\Windows\TEMP/php_sessions
[2026-04-13 16:39:06] [INFO] [SYSTEM] PHP版本: 8.5.1
[2026-04-13 16:39:13] [INFO] [SYSTEM] 🚀 调试系统已启动
[2026-04-13 16:39:13] [DEBUG] [SYSTEM] PHP版本: 8.5.1
[2026-04-13 16:39:13] [INFO] [APP] App配置加载完成
[2026-04-13 16:39:13] [INFO] [SESSION] Session状态: 已启动
[2026-04-13 16:39:13] [INFO] [SESSION] Session ID: e2422f344f1f7d17ac54db6d4a97ca5f
[2026-04-13 16:39:13] [INFO] [SESSION] Session路径: C:\Windows\TEMP/php_sessions
[2026-04-13 16:39:13] [INFO] [SYSTEM] PHP版本: 8.5.1
[2026-04-13 16:39:13] [INFO] [SYSTEM] 🚀 调试系统已启动
[2026-04-13 16:39:13] [DEBUG] [SYSTEM] PHP版本: 8.5.1
[2026-04-13 16:39:13] [INFO] [APP] App配置加载完成
[2026-04-13 16:39:13] [INFO] [SESSION] Session状态: 已启动
[2026-04-13 16:39:13] [INFO] [SESSION] Session ID: e2422f344f1f7d17ac54db6d4a97ca5f
[2026-04-13 16:39:13] [INFO] [SESSION] Session数据: {"admin_logged_in":true,"admin_id":1,"admin_username":"admin","admin_role":"admin"}
[2026-04-13 16:39:13] [INFO] [SESSION] Session路径: C:\Windows\TEMP/php_sessions
[2026-04-13 16:39:13] [INFO] [SYSTEM] PHP版本: 8.5.1
[2026-04-13 16:39:13] [INFO] [SYSTEM] 🚀 调试系统已启动
[2026-04-13 16:39:13] [DEBUG] [SYSTEM] PHP版本: 8.5.1
[2026-04-13 16:39:13] [INFO] [APP] App配置加载完成
[2026-04-13 16:39:13] [INFO] [SESSION] Session状态: 已启动
[2026-04-13 16:39:13] [INFO] [SESSION] Session ID: e2422f344f1f7d17ac54db6d4a97ca5f
[2026-04-13 16:39:13] [INFO] [SESSION] Session数据: {"admin_logged_in":true,"admin_id":1,"admin_username":"admin","admin_role":"admin"}
[2026-04-13 16:39:13] [INFO] [SESSION] Session路径: C:\Windows\TEMP/php_sessions
[2026-04-13 16:39:13] [INFO] [SYSTEM] PHP版本: 8.5.1
[2026-04-13 16:39:13] [INFO] [SYSTEM] 🚀 调试系统已启动
[2026-04-13 16:39:13] [DEBUG] [SYSTEM] PHP版本: 8.5.1
[2026-04-13 16:39:13] [INFO] [APP] App配置加载完成
[2026-04-13 16:39:13] [INFO] [SESSION] Session状态: 已启动
[2026-04-13 16:39:13] [INFO] [SESSION] Session ID: e2422f344f1f7d17ac54db6d4a97ca5f
[2026-04-13 16:39:13] [INFO] [SESSION] Session数据: {"admin_logged_in":true,"admin_id":1,"admin_username":"admin","admin_role":"admin"}
[2026-04-13 16:39:13] [INFO] [SESSION] Session路径: C:\Windows\TEMP/php_sessions
[2026-04-13 16:39:13] [INFO] [SYSTEM] PHP版本: 8.5.1
[2026-04-13 16:39:13] [INFO] [SYSTEM] 🚀 调试系统已启动
[2026-04-13 16:39:13] [DEBUG] [SYSTEM] PHP版本: 8.5.1
[2026-04-13 16:39:13] [INFO] [APP] App配置加载完成
[2026-04-13 16:39:13] [INFO] [SESSION] Session状态: 已启动
[2026-04-13 16:39:13] [INFO] [SESSION] Session ID: e2422f344f1f7d17ac54db6d4a97ca5f
[2026-04-13 16:39:13] [INFO] [SESSION] Session数据: {"admin_logged_in":true,"admin_id":1,"admin_username":"admin","admin_role":"admin"}
[2026-04-13 16:39:13] [INFO] [SESSION] Session路径: C:\Windows\TEMP/php_sessions
[2026-04-13 16:39:13] [INFO] [SYSTEM] PHP版本: 8.5.1
[2026-04-13 16:39:13] [INFO] [SYSTEM] 🚀 调试系统已启动
[2026-04-13 16:39:13] [DEBUG] [SYSTEM] PHP版本: 8.5.1
[2026-04-13 16:39:13] [INFO] [APP] App配置加载完成
[2026-04-13 16:39:13] [INFO] [SESSION] Session状态: 已启动
[2026-04-13 16:39:13] [INFO] [SESSION] Session ID: e2422f344f1f7d17ac54db6d4a97ca5f
[2026-04-13 16:39:13] [INFO] [SESSION] Session数据: {"admin_logged_in":true,"admin_id":1,"admin_username":"admin","admin_role":"admin"}
[2026-04-13 16:39:13] [INFO] [SESSION] Session路径: C:\Windows\TEMP/php_sessions
[2026-04-13 16:39:13] [INFO] [SYSTEM] PHP版本: 8.5.1
[2026-04-13 16:39:13] [INFO] [SYSTEM] 🚀 调试系统已启动
[2026-04-13 16:39:13] [DEBUG] [SYSTEM] PHP版本: 8.5.1
[2026-04-13 16:39:13] [INFO] [APP] App配置加载完成
[2026-04-13 16:39:13] [INFO] [SESSION] Session状态: 已启动
[2026-04-13 16:39:13] [INFO] [SESSION] Session ID: e2422f344f1f7d17ac54db6d4a97ca5f
[2026-04-13 16:39:13] [INFO] [SESSION] Session数据: {"admin_logged_in":true,"admin_id":1,"admin_username":"admin","admin_role":"admin"}
[2026-04-13 16:39:13] [INFO] [SESSION] Session路径: C:\Windows\TEMP/php_sessions
[2026-04-13 16:39:13] [INFO] [SYSTEM] PHP版本: 8.5.1
[2026-04-13 16:39:13] [INFO] [SYSTEM] 🚀 调试系统已启动
[2026-04-13 16:39:13] [DEBUG] [SYSTEM] PHP版本: 8.5.1
[2026-04-13 16:39:13] [INFO] [APP] App配置加载完成
[2026-04-13 16:39:13] [INFO] [SESSION] Session状态: 已启动
[2026-04-13 16:39:13] [INFO] [SESSION] Session ID: e2422f344f1f7d17ac54db6d4a97ca5f
[2026-04-13 16:39:13] [INFO] [SESSION] Session数据: {"admin_logged_in":true,"admin_id":1,"admin_username":"admin","admin_role":"admin"}
[2026-04-13 16:39:13] [INFO] [SESSION] Session路径: C:\Windows\TEMP/php_sessions
[2026-04-13 16:39:13] [INFO] [SYSTEM] PHP版本: 8.5.1
[2026-04-13 16:39:13] [INFO] [SYSTEM] 🚀 调试系统已启动
[2026-04-13 16:39:13] [DEBUG] [SYSTEM] PHP版本: 8.5.1
[2026-04-13 16:39:13] [INFO] [APP] App配置加载完成
[2026-04-13 16:39:13] [INFO] [SESSION] Session状态: 已启动
[2026-04-13 16:39:13] [INFO] [SESSION] Session ID: e2422f344f1f7d17ac54db6d4a97ca5f
[2026-04-13 16:39:13] [INFO] [SESSION] Session数据: {"admin_logged_in":true,"admin_id":1,"admin_username":"admin","admin_role":"admin"}
[2026-04-13 16:39:13] [INFO] [SESSION] Session路径: C:\Windows\TEMP/php_sessions
[2026-04-13 16:39:13] [INFO] [SYSTEM] PHP版本: 8.5.1
[2026-04-13 16:39:14] [INFO] [SYSTEM] 🚀 调试系统已启动
[2026-04-13 16:39:14] [DEBUG] [SYSTEM] PHP版本: 8.5.1
[2026-04-13 16:39:14] [INFO] [APP] App配置加载完成
[2026-04-13 16:39:14] [INFO] [SESSION] Session状态: 已启动
[2026-04-13 16:39:14] [INFO] [SESSION] Session ID: e2422f344f1f7d17ac54db6d4a97ca5f
[2026-04-13 16:39:14] [INFO] [SESSION] Session数据: {"admin_logged_in":true,"admin_id":1,"admin_username":"admin","admin_role":"admin"}
[2026-04-13 16:39:14] [INFO] [SESSION] Session路径: C:\Windows\TEMP/php_sessions
[2026-04-13 16:39:14] [INFO] [SYSTEM] PHP版本: 8.5.1
[2026-04-13 16:39:15] [INFO] [SYSTEM] 🚀 调试系统已启动
[2026-04-13 16:39:15] [DEBUG] [SYSTEM] PHP版本: 8.5.1
[2026-04-13 16:39:15] [INFO] [APP] App配置加载完成
[2026-04-13 16:39:15] [INFO] [SESSION] Session状态: 已启动
[2026-04-13 16:39:15] [INFO] [SESSION] Session ID: e2422f344f1f7d17ac54db6d4a97ca5f
[2026-04-13 16:39:15] [INFO] [SESSION] Session数据: {"admin_logged_in":true,"admin_id":1,"admin_username":"admin","admin_role":"admin"}
[2026-04-13 16:39:15] [INFO] [SESSION] Session路径: C:\Windows\TEMP/php_sessions
[2026-04-13 16:39:15] [INFO] [SYSTEM] PHP版本: 8.5.1
[2026-04-13 16:39:15] [INFO] [SYSTEM] 🚀 调试系统已启动
[2026-04-13 16:39:15] [DEBUG] [SYSTEM] PHP版本: 8.5.1
[2026-04-13 16:39:15] [INFO] [APP] App配置加载完成
[2026-04-13 16:39:15] [INFO] [SESSION] Session状态: 已启动
[2026-04-13 16:39:15] [INFO] [SESSION] Session ID: e2422f344f1f7d17ac54db6d4a97ca5f
[2026-04-13 16:39:15] [INFO] [SESSION] Session数据: {"admin_logged_in":true,"admin_id":1,"admin_username":"admin","admin_role":"admin"}
[2026-04-13 16:39:15] [INFO] [SESSION] Session路径: C:\Windows\TEMP/php_sessions
[2026-04-13 16:39:15] [INFO] [SYSTEM] PHP版本: 8.5.1
[2026-04-13 16:39:15] [INFO] [SYSTEM] 🚀 调试系统已启动
[2026-04-13 16:39:15] [DEBUG] [SYSTEM] PHP版本: 8.5.1
[2026-04-13 16:39:15] [INFO] [APP] App配置加载完成
[2026-04-13 16:39:15] [INFO] [SESSION] Session状态: 已启动
[2026-04-13 16:39:15] [INFO] [SESSION] Session ID: e2422f344f1f7d17ac54db6d4a97ca5f
[2026-04-13 16:39:15] [INFO] [SESSION] Session数据: {"admin_logged_in":true,"admin_id":1,"admin_username":"admin","admin_role":"admin"}
[2026-04-13 16:39:15] [INFO] [SESSION] Session路径: C:\Windows\TEMP/php_sessions
[2026-04-13 16:39:15] [INFO] [SYSTEM] PHP版本: 8.5.1
[2026-04-13 16:39:15] [INFO] [SYSTEM] 🚀 调试系统已启动
[2026-04-13 16:39:15] [DEBUG] [SYSTEM] PHP版本: 8.5.1
[2026-04-13 16:39:15] [INFO] [APP] App配置加载完成
[2026-04-13 16:39:15] [INFO] [SESSION] Session状态: 已启动
[2026-04-13 16:39:15] [INFO] [SESSION] Session ID: e2422f344f1f7d17ac54db6d4a97ca5f
[2026-04-13 16:39:15] [INFO] [SESSION] Session数据: {"admin_logged_in":true,"admin_id":1,"admin_username":"admin","admin_role":"admin"}
[2026-04-13 16:39:15] [INFO] [SESSION] Session路径: C:\Windows\TEMP/php_sessions
[2026-04-13 16:39:15] [INFO] [SYSTEM] PHP版本: 8.5.1
[2026-04-13 16:39:15] [INFO] [SYSTEM] 🚀 调试系统已启动
[2026-04-13 16:39:15] [DEBUG] [SYSTEM] PHP版本: 8.5.1
[2026-04-13 16:39:15] [INFO] [APP] App配置加载完成
[2026-04-13 16:39:15] [INFO] [SESSION] Session状态: 已启动
[2026-04-13 16:39:15] [INFO] [SESSION] Session ID: e2422f344f1f7d17ac54db6d4a97ca5f
[2026-04-13 16:39:15] [INFO] [SESSION] Session数据: {"admin_logged_in":true,"admin_id":1,"admin_username":"admin","admin_role":"admin"}
[2026-04-13 16:39:15] [INFO] [SESSION] Session路径: C:\Windows\TEMP/php_sessions
[2026-04-13 16:39:15] [INFO] [SYSTEM] PHP版本: 8.5.1
[2026-04-13 16:39:15] [INFO] [SYSTEM] 🚀 调试系统已启动
[2026-04-13 16:39:15] [DEBUG] [SYSTEM] PHP版本: 8.5.1
[2026-04-13 16:39:15] [INFO] [APP] App配置加载完成
[2026-04-13 16:39:15] [INFO] [SESSION] Session状态: 已启动
[2026-04-13 16:39:15] [INFO] [SESSION] Session ID: e2422f344f1f7d17ac54db6d4a97ca5f
[2026-04-13 16:39:15] [INFO] [SESSION] Session数据: {"admin_logged_in":true,"admin_id":1,"admin_username":"admin","admin_role":"admin"}
[2026-04-13 16:39:15] [INFO] [SESSION] Session路径: C:\Windows\TEMP/php_sessions
[2026-04-13 16:39:15] [INFO] [SYSTEM] PHP版本: 8.5.1
[2026-04-13 16:39:15] [INFO] [SYSTEM] 🚀 调试系统已启动
[2026-04-13 16:39:15] [DEBUG] [SYSTEM] PHP版本: 8.5.1
[2026-04-13 16:39:15] [INFO] [APP] App配置加载完成
[2026-04-13 16:39:15] [INFO] [SESSION] Session状态: 已启动
[2026-04-13 16:39:15] [INFO] [SESSION] Session ID: e2422f344f1f7d17ac54db6d4a97ca5f
[2026-04-13 16:39:15] [INFO] [SESSION] Session数据: {"admin_logged_in":true,"admin_id":1,"admin_username":"admin","admin_role":"admin"}
[2026-04-13 16:39:15] [INFO] [SESSION] Session路径: C:\Windows\TEMP/php_sessions
[2026-04-13 16:39:15] [INFO] [SYSTEM] PHP版本: 8.5.1
[2026-04-13 16:39:15] [INFO] [SYSTEM] 🚀 调试系统已启动
[2026-04-13 16:39:15] [DEBUG] [SYSTEM] PHP版本: 8.5.1
[2026-04-13 16:39:15] [INFO] [APP] App配置加载完成
[2026-04-13 16:39:15] [INFO] [SESSION] Session状态: 已启动
[2026-04-13 16:39:15] [INFO] [SESSION] Session ID: e2422f344f1f7d17ac54db6d4a97ca5f
[2026-04-13 16:39:15] [INFO] [SESSION] Session数据: {"admin_logged_in":true,"admin_id":1,"admin_username":"admin","admin_role":"admin"}
[2026-04-13 16:39:15] [INFO] [SESSION] Session路径: C:\Windows\TEMP/php_sessions
[2026-04-13 16:39:15] [INFO] [SYSTEM] PHP版本: 8.5.1
[2026-04-13 16:39:15] [INFO] [SYSTEM] 🚀 调试系统已启动
[2026-04-13 16:39:15] [DEBUG] [SYSTEM] PHP版本: 8.5.1
[2026-04-13 16:39:15] [INFO] [APP] App配置加载完成
[2026-04-13 16:39:15] [INFO] [SESSION] Session状态: 已启动
[2026-04-13 16:39:15] [INFO] [SESSION] Session ID: e2422f344f1f7d17ac54db6d4a97ca5f
[2026-04-13 16:39:15] [INFO] [SESSION] Session数据: {"admin_logged_in":true,"admin_id":1,"admin_username":"admin","admin_role":"admin"}
[2026-04-13 16:39:15] [INFO] [SESSION] Session路径: C:\Windows\TEMP/php_sessions
[2026-04-13 16:39:15] [INFO] [SYSTEM] PHP版本: 8.5.1
[2026-04-13 16:39:15] [INFO] [SYSTEM] 🚀 调试系统已启动
[2026-04-13 16:39:15] [DEBUG] [SYSTEM] PHP版本: 8.5.1
[2026-04-13 16:39:15] [INFO] [APP] App配置加载完成
[2026-04-13 16:39:15] [INFO] [SESSION] Session状态: 已启动
[2026-04-13 16:39:15] [INFO] [SESSION] Session ID: e2422f344f1f7d17ac54db6d4a97ca5f
[2026-04-13 16:39:15] [INFO] [SESSION] Session数据: {"admin_logged_in":true,"admin_id":1,"admin_username":"admin","admin_role":"admin"}
[2026-04-13 16:39:15] [INFO] [SESSION] Session路径: C:\Windows\TEMP/php_sessions
[2026-04-13 16:39:15] [INFO] [SYSTEM] PHP版本: 8.5.1
[2026-04-13 16:39:20] [INFO] [SYSTEM] 🚀 调试系统已启动
[2026-04-13 16:39:20] [DEBUG] [SYSTEM] PHP版本: 8.5.1
[2026-04-13 16:39:20] [INFO] [APP] App配置加载完成
[2026-04-13 16:39:20] [INFO] [SESSION] Session状态: 已启动
[2026-04-13 16:39:20] [INFO] [SESSION] Session ID: e2422f344f1f7d17ac54db6d4a97ca5f
[2026-04-13 16:39:20] [INFO] [SESSION] Session数据: {"admin_logged_in":true,"admin_id":1,"admin_username":"admin","admin_role":"admin"}
[2026-04-13 16:39:20] [INFO] [SESSION] Session路径: C:\Windows\TEMP/php_sessions
[2026-04-13 16:39:20] [INFO] [SYSTEM] PHP版本: 8.5.1
[2026-04-13 16:39:20] [INFO] [SYSTEM] 🚀 调试系统已启动
[2026-04-13 16:39:20] [DEBUG] [SYSTEM] PHP版本: 8.5.1
[2026-04-13 16:39:20] [INFO] [APP] App配置加载完成
[2026-04-13 16:39:20] [INFO] [SESSION] Session状态: 已启动
[2026-04-13 16:39:20] [INFO] [SESSION] Session ID: e2422f344f1f7d17ac54db6d4a97ca5f
[2026-04-13 16:39:20] [INFO] [SESSION] Session数据: {"admin_logged_in":true,"admin_id":1,"admin_username":"admin","admin_role":"admin"}
[2026-04-13 16:39:20] [INFO] [SESSION] Session路径: C:\Windows\TEMP/php_sessions
[2026-04-13 16:39:20] [INFO] [SYSTEM] PHP版本: 8.5.1
[2026-04-13 16:39:20] [INFO] [SYSTEM] 🚀 调试系统已启动
[2026-04-13 16:39:20] [DEBUG] [SYSTEM] PHP版本: 8.5.1
[2026-04-13 16:39:20] [INFO] [APP] App配置加载完成
[2026-04-13 16:39:20] [INFO] [SESSION] Session状态: 已启动
[2026-04-13 16:39:20] [INFO] [SESSION] Session ID: e2422f344f1f7d17ac54db6d4a97ca5f
[2026-04-13 16:39:20] [INFO] [SESSION] Session数据: {"admin_logged_in":true,"admin_id":1,"admin_username":"admin","admin_role":"admin"}
[2026-04-13 16:39:20] [INFO] [SESSION] Session路径: C:\Windows\TEMP/php_sessions
[2026-04-13 16:39:20] [INFO] [SYSTEM] PHP版本: 8.5.1
[2026-04-13 16:39:20] [INFO] [SYSTEM] 🚀 调试系统已启动
[2026-04-13 16:39:20] [DEBUG] [SYSTEM] PHP版本: 8.5.1
[2026-04-13 16:39:20] [INFO] [APP] App配置加载完成
[2026-04-13 16:39:20] [INFO] [SESSION] Session状态: 已启动
[2026-04-13 16:39:20] [INFO] [SESSION] Session ID: e2422f344f1f7d17ac54db6d4a97ca5f
[2026-04-13 16:39:20] [INFO] [SESSION] Session数据: {"admin_logged_in":true,"admin_id":1,"admin_username":"admin","admin_role":"admin"}
[2026-04-13 16:39:20] [INFO] [SESSION] Session路径: C:\Windows\TEMP/php_sessions
[2026-04-13 16:39:20] [INFO] [SYSTEM] PHP版本: 8.5.1
[2026-04-13 16:39:20] [INFO] [SYSTEM] 🚀 调试系统已启动
[2026-04-13 16:39:20] [DEBUG] [SYSTEM] PHP版本: 8.5.1
[2026-04-13 16:39:20] [INFO] [APP] App配置加载完成
[2026-04-13 16:39:20] [INFO] [SESSION] Session状态: 已启动
[2026-04-13 16:39:20] [INFO] [SESSION] Session ID: e2422f344f1f7d17ac54db6d4a97ca5f
[2026-04-13 16:39:20] [INFO] [SESSION] Session数据: {"admin_logged_in":true,"admin_id":1,"admin_username":"admin","admin_role":"admin"}
[2026-04-13 16:39:20] [INFO] [SESSION] Session路径: C:\Windows\TEMP/php_sessions
[2026-04-13 16:39:20] [INFO] [SYSTEM] PHP版本: 8.5.1
[2026-04-13 16:39:20] [INFO] [SYSTEM] 🚀 调试系统已启动
[2026-04-13 16:39:20] [DEBUG] [SYSTEM] PHP版本: 8.5.1
[2026-04-13 16:39:20] [INFO] [APP] App配置加载完成
[2026-04-13 16:39:20] [INFO] [SESSION] Session状态: 已启动
[2026-04-13 16:39:20] [INFO] [SESSION] Session ID: e2422f344f1f7d17ac54db6d4a97ca5f
[2026-04-13 16:39:20] [INFO] [SESSION] Session数据: {"admin_logged_in":true,"admin_id":1,"admin_username":"admin","admin_role":"admin"}
[2026-04-13 16:39:20] [INFO] [SESSION] Session路径: C:\Windows\TEMP/php_sessions
[2026-04-13 16:39:20] [INFO] [SYSTEM] PHP版本: 8.5.1
[2026-04-13 16:39:20] [INFO] [SYSTEM] 🚀 调试系统已启动
[2026-04-13 16:39:20] [DEBUG] [SYSTEM] PHP版本: 8.5.1
[2026-04-13 16:39:20] [INFO] [APP] App配置加载完成
[2026-04-13 16:39:20] [INFO] [SESSION] Session状态: 已启动
[2026-04-13 16:39:20] [INFO] [SESSION] Session ID: e2422f344f1f7d17ac54db6d4a97ca5f
[2026-04-13 16:39:20] [INFO] [SESSION] Session数据: {"admin_logged_in":true,"admin_id":1,"admin_username":"admin","admin_role":"admin"}
[2026-04-13 16:39:20] [INFO] [SESSION] Session路径: C:\Windows\TEMP/php_sessions
[2026-04-13 16:39:20] [INFO] [SYSTEM] PHP版本: 8.5.1
[2026-04-13 16:39:20] [INFO] [SYSTEM] 🚀 调试系统已启动
[2026-04-13 16:39:20] [DEBUG] [SYSTEM] PHP版本: 8.5.1
[2026-04-13 16:39:20] [INFO] [APP] App配置加载完成
[2026-04-13 16:39:20] [INFO] [SESSION] Session状态: 已启动
[2026-04-13 16:39:20] [INFO] [SESSION] Session ID: e2422f344f1f7d17ac54db6d4a97ca5f
[2026-04-13 16:39:20] [INFO] [SESSION] Session数据: {"admin_logged_in":true,"admin_id":1,"admin_username":"admin","admin_role":"admin"}
[2026-04-13 16:39:20] [INFO] [SESSION] Session路径: C:\Windows\TEMP/php_sessions
[2026-04-13 16:39:20] [INFO] [SYSTEM] PHP版本: 8.5.1
[2026-04-13 16:39:20] [INFO] [SYSTEM] 🚀 调试系统已启动
[2026-04-13 16:39:20] [DEBUG] [SYSTEM] PHP版本: 8.5.1
[2026-04-13 16:39:20] [INFO] [APP] App配置加载完成
[2026-04-13 16:39:20] [INFO] [SESSION] Session状态: 已启动
[2026-04-13 16:39:20] [INFO] [SESSION] Session ID: e2422f344f1f7d17ac54db6d4a97ca5f
[2026-04-13 16:39:20] [INFO] [SESSION] Session数据: {"admin_logged_in":true,"admin_id":1,"admin_username":"admin","admin_role":"admin"}
[2026-04-13 16:39:20] [INFO] [SESSION] Session路径: C:\Windows\TEMP/php_sessions
[2026-04-13 16:39:20] [INFO] [SYSTEM] PHP版本: 8.5.1
[2026-04-13 16:39:20] [INFO] [SYSTEM] 🚀 调试系统已启动
[2026-04-13 16:39:20] [DEBUG] [SYSTEM] PHP版本: 8.5.1
[2026-04-13 16:39:20] [INFO] [APP] App配置加载完成
[2026-04-13 16:39:20] [INFO] [SESSION] Session状态: 已启动
[2026-04-13 16:39:20] [INFO] [SESSION] Session ID: e2422f344f1f7d17ac54db6d4a97ca5f
[2026-04-13 16:39:20] [INFO] [SESSION] Session数据: {"admin_logged_in":true,"admin_id":1,"admin_username":"admin","admin_role":"admin"}
[2026-04-13 16:39:20] [INFO] [SESSION] Session路径: C:\Windows\TEMP/php_sessions
[2026-04-13 16:39:20] [INFO] [SYSTEM] PHP版本: 8.5.1
[2026-04-13 16:39:22] [INFO] [SYSTEM] 🚀 调试系统已启动
[2026-04-13 16:39:22] [DEBUG] [SYSTEM] PHP版本: 8.5.1
[2026-04-13 16:39:22] [INFO] [APP] App配置加载完成
[2026-04-13 16:39:22] [INFO] [SESSION] Session状态: 已启动
[2026-04-13 16:39:22] [INFO] [SESSION] Session ID: e2422f344f1f7d17ac54db6d4a97ca5f
[2026-04-13 16:39:22] [INFO] [SESSION] Session数据: {"admin_logged_in":true,"admin_id":1,"admin_username":"admin","admin_role":"admin"}
[2026-04-13 16:39:22] [INFO] [SESSION] Session路径: C:\Windows\TEMP/php_sessions
[2026-04-13 16:39:22] [INFO] [SYSTEM] PHP版本: 8.5.1
[2026-04-13 16:39:22] [INFO] [SYSTEM] 🚀 调试系统已启动
[2026-04-13 16:39:22] [DEBUG] [SYSTEM] PHP版本: 8.5.1
[2026-04-13 16:39:22] [INFO] [APP] App配置加载完成
[2026-04-13 16:39:22] [INFO] [SESSION] Session状态: 已启动
[2026-04-13 16:39:22] [INFO] [SESSION] Session ID: e2422f344f1f7d17ac54db6d4a97ca5f
[2026-04-13 16:39:22] [INFO] [SESSION] Session数据: {"admin_logged_in":true,"admin_id":1,"admin_username":"admin","admin_role":"admin"}
[2026-04-13 16:39:22] [INFO] [SESSION] Session路径: C:\Windows\TEMP/php_sessions
[2026-04-13 16:39:22] [INFO] [SYSTEM] PHP版本: 8.5.1
[2026-04-13 16:39:22] [INFO] [SYSTEM] 🚀 调试系统已启动
[2026-04-13 16:39:22] [DEBUG] [SYSTEM] PHP版本: 8.5.1
[2026-04-13 16:39:22] [INFO] [APP] App配置加载完成
[2026-04-13 16:39:22] [INFO] [SESSION] Session状态: 已启动
[2026-04-13 16:39:22] [INFO] [SESSION] Session ID: e2422f344f1f7d17ac54db6d4a97ca5f
[2026-04-13 16:39:22] [INFO] [SESSION] Session数据: {"admin_logged_in":true,"admin_id":1,"admin_username":"admin","admin_role":"admin"}
[2026-04-13 16:39:22] [INFO] [SESSION] Session路径: C:\Windows\TEMP/php_sessions
[2026-04-13 16:39:22] [INFO] [SYSTEM] PHP版本: 8.5.1
[2026-04-13 16:39:22] [INFO] [SYSTEM] 🚀 调试系统已启动
[2026-04-13 16:39:22] [DEBUG] [SYSTEM] PHP版本: 8.5.1
[2026-04-13 16:39:22] [INFO] [APP] App配置加载完成
[2026-04-13 16:39:22] [INFO] [SESSION] Session状态: 已启动
[2026-04-13 16:39:22] [INFO] [SESSION] Session ID: e2422f344f1f7d17ac54db6d4a97ca5f
[2026-04-13 16:39:22] [INFO] [SESSION] Session数据: {"admin_logged_in":true,"admin_id":1,"admin_username":"admin","admin_role":"admin"}
[2026-04-13 16:39:22] [INFO] [SESSION] Session路径: C:\Windows\TEMP/php_sessions
[2026-04-13 16:39:22] [INFO] [SYSTEM] PHP版本: 8.5.1
[2026-04-13 16:39:22] [INFO] [SYSTEM] 🚀 调试系统已启动
[2026-04-13 16:39:22] [DEBUG] [SYSTEM] PHP版本: 8.5.1
[2026-04-13 16:39:22] [INFO] [APP] App配置加载完成
[2026-04-13 16:39:22] [INFO] [SESSION] Session状态: 已启动
[2026-04-13 16:39:22] [INFO] [SESSION] Session ID: e2422f344f1f7d17ac54db6d4a97ca5f
[2026-04-13 16:39:22] [INFO] [SESSION] Session数据: {"admin_logged_in":true,"admin_id":1,"admin_username":"admin","admin_role":"admin"}
[2026-04-13 16:39:22] [INFO] [SESSION] Session路径: C:\Windows\TEMP/php_sessions
[2026-04-13 16:39:22] [INFO] [SYSTEM] PHP版本: 8.5.1
[2026-04-13 16:39:22] [INFO] [SYSTEM] 🚀 调试系统已启动
[2026-04-13 16:39:22] [DEBUG] [SYSTEM] PHP版本: 8.5.1
[2026-04-13 16:39:22] [INFO] [APP] App配置加载完成
[2026-04-13 16:39:22] [INFO] [SESSION] Session状态: 已启动
[2026-04-13 16:39:22] [INFO] [SESSION] Session ID: e2422f344f1f7d17ac54db6d4a97ca5f
[2026-04-13 16:39:22] [INFO] [SESSION] Session数据: {"admin_logged_in":true,"admin_id":1,"admin_username":"admin","admin_role":"admin"}
[2026-04-13 16:39:22] [INFO] [SESSION] Session路径: C:\Windows\TEMP/php_sessions
[2026-04-13 16:39:22] [INFO] [SYSTEM] PHP版本: 8.5.1
[2026-04-13 16:39:22] [INFO] [SYSTEM] 🚀 调试系统已启动
[2026-04-13 16:39:22] [DEBUG] [SYSTEM] PHP版本: 8.5.1
[2026-04-13 16:39:22] [INFO] [APP] App配置加载完成
[2026-04-13 16:39:22] [INFO] [SESSION] Session状态: 已启动
[2026-04-13 16:39:22] [INFO] [SESSION] Session ID: e2422f344f1f7d17ac54db6d4a97ca5f
[2026-04-13 16:39:22] [INFO] [SESSION] Session数据: {"admin_logged_in":true,"admin_id":1,"admin_username":"admin","admin_role":"admin"}
[2026-04-13 16:39:22] [INFO] [SESSION] Session路径: C:\Windows\TEMP/php_sessions
[2026-04-13 16:39:22] [INFO] [SYSTEM] PHP版本: 8.5.1
[2026-04-13 16:39:22] [INFO] [SYSTEM] 🚀 调试系统已启动
[2026-04-13 16:39:22] [DEBUG] [SYSTEM] PHP版本: 8.5.1
[2026-04-13 16:39:22] [INFO] [APP] App配置加载完成
[2026-04-13 16:39:22] [INFO] [SESSION] Session状态: 已启动
[2026-04-13 16:39:22] [INFO] [SESSION] Session ID: e2422f344f1f7d17ac54db6d4a97ca5f
[2026-04-13 16:39:22] [INFO] [SESSION] Session数据: {"admin_logged_in":true,"admin_id":1,"admin_username":"admin","admin_role":"admin"}
[2026-04-13 16:39:22] [INFO] [SESSION] Session路径: C:\Windows\TEMP/php_sessions
[2026-04-13 16:39:22] [INFO] [SYSTEM] PHP版本: 8.5.1
[2026-04-13 16:39:22] [INFO] [SYSTEM] 🚀 调试系统已启动
[2026-04-13 16:39:22] [DEBUG] [SYSTEM] PHP版本: 8.5.1
[2026-04-13 16:39:22] [INFO] [APP] App配置加载完成
[2026-04-13 16:39:22] [INFO] [SESSION] Session状态: 已启动
[2026-04-13 16:39:22] [INFO] [SESSION] Session ID: e2422f344f1f7d17ac54db6d4a97ca5f
[2026-04-13 16:39:22] [INFO] [SESSION] Session数据: {"admin_logged_in":true,"admin_id":1,"admin_username":"admin","admin_role":"admin"}
[2026-04-13 16:39:22] [INFO] [SESSION] Session路径: C:\Windows\TEMP/php_sessions
[2026-04-13 16:39:22] [INFO] [SYSTEM] PHP版本: 8.5.1
[2026-04-13 16:39:22] [INFO] [SYSTEM] 🚀 调试系统已启动
[2026-04-13 16:39:22] [DEBUG] [SYSTEM] PHP版本: 8.5.1
[2026-04-13 16:39:22] [INFO] [APP] App配置加载完成
[2026-04-13 16:39:22] [INFO] [SESSION] Session状态: 已启动
[2026-04-13 16:39:22] [INFO] [SESSION] Session ID: e2422f344f1f7d17ac54db6d4a97ca5f
[2026-04-13 16:39:22] [INFO] [SESSION] Session数据: {"admin_logged_in":true,"admin_id":1,"admin_username":"admin","admin_role":"admin"}
[2026-04-13 16:39:22] [INFO] [SESSION] Session路径: C:\Windows\TEMP/php_sessions
[2026-04-13 16:39:22] [INFO] [SYSTEM] PHP版本: 8.5.1
[2026-04-13 16:39:24] [INFO] [SYSTEM] 🚀 调试系统已启动
[2026-04-13 16:39:24] [DEBUG] [SYSTEM] PHP版本: 8.5.1
[2026-04-13 16:39:24] [INFO] [APP] App配置加载完成
[2026-04-13 16:39:24] [INFO] [SESSION] Session状态: 已启动
[2026-04-13 16:39:24] [INFO] [SESSION] Session ID: e2422f344f1f7d17ac54db6d4a97ca5f
[2026-04-13 16:39:24] [INFO] [SESSION] Session数据: {"admin_logged_in":true,"admin_id":1,"admin_username":"admin","admin_role":"admin"}
[2026-04-13 16:39:24] [INFO] [SESSION] Session路径: C:\Windows\TEMP/php_sessions
[2026-04-13 16:39:24] [INFO] [SYSTEM] PHP版本: 8.5.1
[2026-04-13 16:39:24] [INFO] [SYSTEM] 🚀 调试系统已启动
[2026-04-13 16:39:24] [DEBUG] [SYSTEM] PHP版本: 8.5.1
[2026-04-13 16:39:24] [INFO] [APP] App配置加载完成
[2026-04-13 16:39:24] [INFO] [SESSION] Session状态: 已启动
[2026-04-13 16:39:24] [INFO] [SESSION] Session ID: e2422f344f1f7d17ac54db6d4a97ca5f
[2026-04-13 16:39:24] [INFO] [SESSION] Session数据: {"admin_logged_in":true,"admin_id":1,"admin_username":"admin","admin_role":"admin"}
[2026-04-13 16:39:24] [INFO] [SESSION] Session路径: C:\Windows\TEMP/php_sessions
[2026-04-13 16:39:24] [INFO] [SYSTEM] PHP版本: 8.5.1
[2026-04-13 16:39:24] [INFO] [SYSTEM] 🚀 调试系统已启动
[2026-04-13 16:39:24] [DEBUG] [SYSTEM] PHP版本: 8.5.1
[2026-04-13 16:39:24] [INFO] [APP] App配置加载完成
[2026-04-13 16:39:24] [INFO] [SESSION] Session状态: 已启动
[2026-04-13 16:39:24] [INFO] [SESSION] Session ID: e2422f344f1f7d17ac54db6d4a97ca5f
[2026-04-13 16:39:24] [INFO] [SESSION] Session数据: {"admin_logged_in":true,"admin_id":1,"admin_username":"admin","admin_role":"admin"}
[2026-04-13 16:39:24] [INFO] [SESSION] Session路径: C:\Windows\TEMP/php_sessions
[2026-04-13 16:39:24] [INFO] [SYSTEM] PHP版本: 8.5.1
[2026-04-13 16:39:24] [INFO] [SYSTEM] 🚀 调试系统已启动
[2026-04-13 16:39:24] [DEBUG] [SYSTEM] PHP版本: 8.5.1
[2026-04-13 16:39:24] [INFO] [APP] App配置加载完成
[2026-04-13 16:39:24] [INFO] [SESSION] Session状态: 已启动
[2026-04-13 16:39:24] [INFO] [SESSION] Session ID: e2422f344f1f7d17ac54db6d4a97ca5f
[2026-04-13 16:39:24] [INFO] [SESSION] Session数据: {"admin_logged_in":true,"admin_id":1,"admin_username":"admin","admin_role":"admin"}
[2026-04-13 16:39:24] [INFO] [SESSION] Session路径: C:\Windows\TEMP/php_sessions
[2026-04-13 16:39:24] [INFO] [SYSTEM] PHP版本: 8.5.1
[2026-04-13 16:39:24] [INFO] [SYSTEM] 🚀 调试系统已启动
[2026-04-13 16:39:24] [DEBUG] [SYSTEM] PHP版本: 8.5.1
[2026-04-13 16:39:24] [INFO] [APP] App配置加载完成
[2026-04-13 16:39:24] [INFO] [SESSION] Session状态: 已启动
[2026-04-13 16:39:24] [INFO] [SESSION] Session ID: e2422f344f1f7d17ac54db6d4a97ca5f
[2026-04-13 16:39:24] [INFO] [SESSION] Session数据: {"admin_logged_in":true,"admin_id":1,"admin_username":"admin","admin_role":"admin"}
[2026-04-13 16:39:24] [INFO] [SESSION] Session路径: C:\Windows\TEMP/php_sessions
[2026-04-13 16:39:24] [INFO] [SYSTEM] PHP版本: 8.5.1
[2026-04-13 16:39:24] [INFO] [SYSTEM] 🚀 调试系统已启动
[2026-04-13 16:39:24] [DEBUG] [SYSTEM] PHP版本: 8.5.1
[2026-04-13 16:39:24] [INFO] [APP] App配置加载完成
[2026-04-13 16:39:24] [INFO] [SESSION] Session状态: 已启动
[2026-04-13 16:39:24] [INFO] [SESSION] Session ID: e2422f344f1f7d17ac54db6d4a97ca5f
[2026-04-13 16:39:24] [INFO] [SESSION] Session数据: {"admin_logged_in":true,"admin_id":1,"admin_username":"admin","admin_role":"admin"}
[2026-04-13 16:39:24] [INFO] [SESSION] Session路径: C:\Windows\TEMP/php_sessions
[2026-04-13 16:39:24] [INFO] [SYSTEM] PHP版本: 8.5.1
[2026-04-13 16:39:24] [INFO] [SYSTEM] 🚀 调试系统已启动
[2026-04-13 16:39:24] [DEBUG] [SYSTEM] PHP版本: 8.5.1
[2026-04-13 16:39:24] [INFO] [APP] App配置加载完成
[2026-04-13 16:39:24] [INFO] [SESSION] Session状态: 已启动
[2026-04-13 16:39:24] [INFO] [SESSION] Session ID: e2422f344f1f7d17ac54db6d4a97ca5f
[2026-04-13 16:39:24] [INFO] [SESSION] Session数据: {"admin_logged_in":true,"admin_id":1,"admin_username":"admin","admin_role":"admin"}
[2026-04-13 16:39:24] [INFO] [SESSION] Session路径: C:\Windows\TEMP/php_sessions
[2026-04-13 16:39:24] [INFO] [SYSTEM] PHP版本: 8.5.1
[2026-04-13 16:39:24] [INFO] [SYSTEM] 🚀 调试系统已启动
[2026-04-13 16:39:24] [DEBUG] [SYSTEM] PHP版本: 8.5.1
[2026-04-13 16:39:24] [INFO] [APP] App配置加载完成
[2026-04-13 16:39:24] [INFO] [SESSION] Session状态: 已启动
[2026-04-13 16:39:24] [INFO] [SESSION] Session ID: e2422f344f1f7d17ac54db6d4a97ca5f
[2026-04-13 16:39:24] [INFO] [SESSION] Session数据: {"admin_logged_in":true,"admin_id":1,"admin_username":"admin","admin_role":"admin"}
[2026-04-13 16:39:24] [INFO] [SESSION] Session路径: C:\Windows\TEMP/php_sessions
[2026-04-13 16:39:24] [INFO] [SYSTEM] PHP版本: 8.5.1
[2026-04-13 16:39:25] [INFO] [SYSTEM] 🚀 调试系统已启动
[2026-04-13 16:39:25] [DEBUG] [SYSTEM] PHP版本: 8.5.1
[2026-04-13 16:39:25] [INFO] [APP] App配置加载完成
[2026-04-13 16:39:25] [INFO] [SESSION] Session状态: 已启动
[2026-04-13 16:39:25] [INFO] [SESSION] Session ID: e2422f344f1f7d17ac54db6d4a97ca5f
[2026-04-13 16:39:25] [INFO] [SESSION] Session数据: {"admin_logged_in":true,"admin_id":1,"admin_username":"admin","admin_role":"admin"}
[2026-04-13 16:39:25] [INFO] [SESSION] Session路径: C:\Windows\TEMP/php_sessions
[2026-04-13 16:39:25] [INFO] [SYSTEM] PHP版本: 8.5.1
[2026-04-13 16:39:25] [INFO] [SYSTEM] 🚀 调试系统已启动
[2026-04-13 16:39:25] [DEBUG] [SYSTEM] PHP版本: 8.5.1
[2026-04-13 16:39:25] [INFO] [APP] App配置加载完成
[2026-04-13 16:39:25] [INFO] [SESSION] Session状态: 已启动
[2026-04-13 16:39:25] [INFO] [SESSION] Session ID: e2422f344f1f7d17ac54db6d4a97ca5f
[2026-04-13 16:39:25] [INFO] [SESSION] Session数据: {"admin_logged_in":true,"admin_id":1,"admin_username":"admin","admin_role":"admin"}
[2026-04-13 16:39:25] [INFO] [SESSION] Session路径: C:\Windows\TEMP/php_sessions
[2026-04-13 16:39:25] [INFO] [SYSTEM] PHP版本: 8.5.1
[2026-04-13 16:39:26] [INFO] [SYSTEM] 🚀 调试系统已启动
[2026-04-13 16:39:26] [DEBUG] [SYSTEM] PHP版本: 8.5.1
[2026-04-13 16:39:26] [INFO] [APP] App配置加载完成
[2026-04-13 16:39:26] [INFO] [SESSION] Session状态: 已启动
[2026-04-13 16:39:26] [INFO] [SESSION] Session ID: e2422f344f1f7d17ac54db6d4a97ca5f
[2026-04-13 16:39:26] [INFO] [SESSION] Session数据: {"admin_logged_in":true,"admin_id":1,"admin_username":"admin","admin_role":"admin"}
[2026-04-13 16:39:26] [INFO] [SESSION] Session路径: C:\Windows\TEMP/php_sessions
[2026-04-13 16:39:26] [INFO] [SYSTEM] PHP版本: 8.5.1
[2026-04-13 16:39:26] [INFO] [SYSTEM] 🚀 调试系统已启动
[2026-04-13 16:39:26] [DEBUG] [SYSTEM] PHP版本: 8.5.1
[2026-04-13 16:39:26] [INFO] [APP] App配置加载完成
[2026-04-13 16:39:26] [INFO] [SESSION] Session状态: 已启动
[2026-04-13 16:39:26] [INFO] [SESSION] Session ID: e2422f344f1f7d17ac54db6d4a97ca5f
[2026-04-13 16:39:26] [INFO] [SESSION] Session数据: {"admin_logged_in":true,"admin_id":1,"admin_username":"admin","admin_role":"admin"}
[2026-04-13 16:39:26] [INFO] [SESSION] Session路径: C:\Windows\TEMP/php_sessions
[2026-04-13 16:39:26] [INFO] [SYSTEM] PHP版本: 8.5.1
[2026-04-13 16:39:26] [INFO] [SYSTEM] 🚀 调试系统已启动
[2026-04-13 16:39:26] [DEBUG] [SYSTEM] PHP版本: 8.5.1
[2026-04-13 16:39:26] [INFO] [APP] App配置加载完成
[2026-04-13 16:39:26] [INFO] [SESSION] Session状态: 已启动
[2026-04-13 16:39:26] [INFO] [SESSION] Session ID: e2422f344f1f7d17ac54db6d4a97ca5f
[2026-04-13 16:39:26] [INFO] [SESSION] Session数据: {"admin_logged_in":true,"admin_id":1,"admin_username":"admin","admin_role":"admin"}
[2026-04-13 16:39:26] [INFO] [SESSION] Session路径: C:\Windows\TEMP/php_sessions
[2026-04-13 16:39:26] [INFO] [SYSTEM] PHP版本: 8.5.1
[2026-04-13 16:39:26] [INFO] [SYSTEM] 🚀 调试系统已启动
[2026-04-13 16:39:26] [DEBUG] [SYSTEM] PHP版本: 8.5.1
[2026-04-13 16:39:26] [INFO] [APP] App配置加载完成
[2026-04-13 16:39:26] [INFO] [SESSION] Session状态: 已启动
[2026-04-13 16:39:26] [INFO] [SESSION] Session ID: e2422f344f1f7d17ac54db6d4a97ca5f
[2026-04-13 16:39:26] [INFO] [SESSION] Session数据: {"admin_logged_in":true,"admin_id":1,"admin_username":"admin","admin_role":"admin"}
[2026-04-13 16:39:26] [INFO] [SESSION] Session路径: C:\Windows\TEMP/php_sessions
[2026-04-13 16:39:26] [INFO] [SYSTEM] PHP版本: 8.5.1
[2026-04-13 16:39:26] [INFO] [SYSTEM] 🚀 调试系统已启动
[2026-04-13 16:39:26] [DEBUG] [SYSTEM] PHP版本: 8.5.1
[2026-04-13 16:39:26] [INFO] [APP] App配置加载完成
[2026-04-13 16:39:26] [INFO] [SESSION] Session状态: 已启动
[2026-04-13 16:39:26] [INFO] [SESSION] Session ID: e2422f344f1f7d17ac54db6d4a97ca5f
[2026-04-13 16:39:26] [INFO] [SESSION] Session数据: {"admin_logged_in":true,"admin_id":1,"admin_username":"admin","admin_role":"admin"}
[2026-04-13 16:39:26] [INFO] [SESSION] Session路径: C:\Windows\TEMP/php_sessions
[2026-04-13 16:39:26] [INFO] [SYSTEM] PHP版本: 8.5.1
[2026-04-13 16:39:26] [INFO] [SYSTEM] 🚀 调试系统已启动
[2026-04-13 16:39:26] [DEBUG] [SYSTEM] PHP版本: 8.5.1
[2026-04-13 16:39:26] [INFO] [APP] App配置加载完成
[2026-04-13 16:39:26] [INFO] [SESSION] Session状态: 已启动
[2026-04-13 16:39:26] [INFO] [SESSION] Session ID: e2422f344f1f7d17ac54db6d4a97ca5f
[2026-04-13 16:39:26] [INFO] [SESSION] Session数据: {"admin_logged_in":true,"admin_id":1,"admin_username":"admin","admin_role":"admin"}
[2026-04-13 16:39:26] [INFO] [SESSION] Session路径: C:\Windows\TEMP/php_sessions
[2026-04-13 16:39:26] [INFO] [SYSTEM] PHP版本: 8.5.1
[2026-04-13 16:39:26] [INFO] [SYSTEM] 🚀 调试系统已启动
[2026-04-13 16:39:26] [DEBUG] [SYSTEM] PHP版本: 8.5.1
[2026-04-13 16:39:26] [INFO] [APP] App配置加载完成
[2026-04-13 16:39:26] [INFO] [SESSION] Session状态: 已启动
[2026-04-13 16:39:26] [INFO] [SESSION] Session ID: e2422f344f1f7d17ac54db6d4a97ca5f
[2026-04-13 16:39:26] [INFO] [SESSION] Session数据: {"admin_logged_in":true,"admin_id":1,"admin_username":"admin","admin_role":"admin"}
[2026-04-13 16:39:26] [INFO] [SESSION] Session路径: C:\Windows\TEMP/php_sessions
[2026-04-13 16:39:26] [INFO] [SYSTEM] PHP版本: 8.5.1
[2026-04-13 16:39:26] [INFO] [SYSTEM] 🚀 调试系统已启动
[2026-04-13 16:39:26] [DEBUG] [SYSTEM] PHP版本: 8.5.1
[2026-04-13 16:39:26] [INFO] [APP] App配置加载完成
[2026-04-13 16:39:26] [INFO] [SESSION] Session状态: 已启动
[2026-04-13 16:39:26] [INFO] [SESSION] Session ID: e2422f344f1f7d17ac54db6d4a97ca5f
[2026-04-13 16:39:26] [INFO] [SESSION] Session数据: {"admin_logged_in":true,"admin_id":1,"admin_username":"admin","admin_role":"admin"}
[2026-04-13 16:39:26] [INFO] [SESSION] Session路径: C:\Windows\TEMP/php_sessions
[2026-04-13 16:39:26] [INFO] [SYSTEM] PHP版本: 8.5.1
[2026-04-13 16:39:26] [INFO] [SYSTEM] 🚀 调试系统已启动
[2026-04-13 16:39:26] [DEBUG] [SYSTEM] PHP版本: 8.5.1
[2026-04-13 16:39:26] [INFO] [APP] App配置加载完成
[2026-04-13 16:39:26] [INFO] [SESSION] Session状态: 已启动
[2026-04-13 16:39:26] [INFO] [SESSION] Session ID: e2422f344f1f7d17ac54db6d4a97ca5f
[2026-04-13 16:39:26] [INFO] [SESSION] Session数据: {"admin_logged_in":true,"admin_id":1,"admin_username":"admin","admin_role":"admin"}
[2026-04-13 16:39:26] [INFO] [SESSION] Session路径: C:\Windows\TEMP/php_sessions
[2026-04-13 16:39:26] [INFO] [SYSTEM] PHP版本: 8.5.1
[2026-04-13 16:39:26] [INFO] [SYSTEM] 🚀 调试系统已启动
[2026-04-13 16:39:26] [DEBUG] [SYSTEM] PHP版本: 8.5.1
[2026-04-13 16:39:26] [INFO] [APP] App配置加载完成
[2026-04-13 16:39:26] [INFO] [SESSION] Session状态: 已启动
[2026-04-13 16:39:26] [INFO] [SESSION] Session ID: e2422f344f1f7d17ac54db6d4a97ca5f
[2026-04-13 16:39:26] [INFO] [SESSION] Session数据: {"admin_logged_in":true,"admin_id":1,"admin_username":"admin","admin_role":"admin"}
[2026-04-13 16:39:26] [INFO] [SESSION] Session路径: C:\Windows\TEMP/php_sessions
[2026-04-13 16:39:26] [INFO] [SYSTEM] PHP版本: 8.5.1
[2026-04-13 16:39:28] [INFO] [SYSTEM] 🚀 调试系统已启动
[2026-04-13 16:39:28] [DEBUG] [SYSTEM] PHP版本: 8.5.1
[2026-04-13 16:39:28] [INFO] [APP] App配置加载完成
[2026-04-13 16:39:28] [INFO] [SESSION] Session状态: 已启动
[2026-04-13 16:39:28] [INFO] [SESSION] Session ID: e2422f344f1f7d17ac54db6d4a97ca5f
[2026-04-13 16:39:28] [INFO] [SESSION] Session数据: {"admin_logged_in":true,"admin_id":1,"admin_username":"admin","admin_role":"admin"}
[2026-04-13 16:39:28] [INFO] [SESSION] Session路径: C:\Windows\TEMP/php_sessions
[2026-04-13 16:39:28] [INFO] [SYSTEM] PHP版本: 8.5.1
[2026-04-13 16:39:28] [INFO] [SYSTEM] 🚀 调试系统已启动
[2026-04-13 16:39:28] [DEBUG] [SYSTEM] PHP版本: 8.5.1
[2026-04-13 16:39:28] [INFO] [APP] App配置加载完成
[2026-04-13 16:39:28] [INFO] [SESSION] Session状态: 已启动
[2026-04-13 16:39:28] [INFO] [SESSION] Session ID: e2422f344f1f7d17ac54db6d4a97ca5f
[2026-04-13 16:39:28] [INFO] [SESSION] Session数据: {"admin_logged_in":true,"admin_id":1,"admin_username":"admin","admin_role":"admin"}
[2026-04-13 16:39:28] [INFO] [SESSION] Session路径: C:\Windows\TEMP/php_sessions
[2026-04-13 16:39:28] [INFO] [SYSTEM] PHP版本: 8.5.1
[2026-04-13 16:39:28] [INFO] [SYSTEM] 🚀 调试系统已启动
[2026-04-13 16:39:28] [DEBUG] [SYSTEM] PHP版本: 8.5.1
[2026-04-13 16:39:28] [INFO] [APP] App配置加载完成
[2026-04-13 16:39:28] [INFO] [SESSION] Session状态: 已启动
[2026-04-13 16:39:28] [INFO] [SESSION] Session ID: e2422f344f1f7d17ac54db6d4a97ca5f
[2026-04-13 16:39:28] [INFO] [SESSION] Session数据: {"admin_logged_in":true,"admin_id":1,"admin_username":"admin","admin_role":"admin"}
[2026-04-13 16:39:28] [INFO] [SESSION] Session路径: C:\Windows\TEMP/php_sessions
[2026-04-13 16:39:28] [INFO] [SYSTEM] PHP版本: 8.5.1
[2026-04-13 16:39:28] [INFO] [SYSTEM] 🚀 调试系统已启动
[2026-04-13 16:39:28] [DEBUG] [SYSTEM] PHP版本: 8.5.1
[2026-04-13 16:39:28] [INFO] [APP] App配置加载完成
[2026-04-13 16:39:28] [INFO] [SESSION] Session状态: 已启动
[2026-04-13 16:39:28] [INFO] [SESSION] Session ID: e2422f344f1f7d17ac54db6d4a97ca5f
[2026-04-13 16:39:28] [INFO] [SESSION] Session数据: {"admin_logged_in":true,"admin_id":1,"admin_username":"admin","admin_role":"admin"}
[2026-04-13 16:39:28] [INFO] [SESSION] Session路径: C:\Windows\TEMP/php_sessions
[2026-04-13 16:39:28] [INFO] [SYSTEM] PHP版本: 8.5.1
[2026-04-13 16:39:28] [INFO] [SYSTEM] 🚀 调试系统已启动
[2026-04-13 16:39:28] [DEBUG] [SYSTEM] PHP版本: 8.5.1
[2026-04-13 16:39:28] [INFO] [APP] App配置加载完成
[2026-04-13 16:39:28] [INFO] [SESSION] Session状态: 已启动
[2026-04-13 16:39:28] [INFO] [SESSION] Session ID: e2422f344f1f7d17ac54db6d4a97ca5f
[2026-04-13 16:39:28] [INFO] [SESSION] Session数据: {"admin_logged_in":true,"admin_id":1,"admin_username":"admin","admin_role":"admin"}
[2026-04-13 16:39:28] [INFO] [SESSION] Session路径: C:\Windows\TEMP/php_sessions
[2026-04-13 16:39:28] [INFO] [SYSTEM] PHP版本: 8.5.1
[2026-04-13 16:39:28] [INFO] [SYSTEM] 🚀 调试系统已启动
[2026-04-13 16:39:28] [DEBUG] [SYSTEM] PHP版本: 8.5.1
[2026-04-13 16:39:28] [INFO] [APP] App配置加载完成
[2026-04-13 16:39:28] [INFO] [SESSION] Session状态: 已启动
[2026-04-13 16:39:28] [INFO] [SESSION] Session ID: e2422f344f1f7d17ac54db6d4a97ca5f
[2026-04-13 16:39:28] [INFO] [SESSION] Session数据: {"admin_logged_in":true,"admin_id":1,"admin_username":"admin","admin_role":"admin"}
[2026-04-13 16:39:28] [INFO] [SESSION] Session路径: C:\Windows\TEMP/php_sessions
[2026-04-13 16:39:28] [INFO] [SYSTEM] PHP版本: 8.5.1
[2026-04-13 16:39:28] [INFO] [SYSTEM] 🚀 调试系统已启动
[2026-04-13 16:39:28] [DEBUG] [SYSTEM] PHP版本: 8.5.1
[2026-04-13 16:39:28] [INFO] [APP] App配置加载完成
[2026-04-13 16:39:28] [INFO] [SESSION] Session状态: 已启动
[2026-04-13 16:39:28] [INFO] [SESSION] Session ID: e2422f344f1f7d17ac54db6d4a97ca5f
[2026-04-13 16:39:28] [INFO] [SESSION] Session数据: {"admin_logged_in":true,"admin_id":1,"admin_username":"admin","admin_role":"admin"}
[2026-04-13 16:39:28] [INFO] [SESSION] Session路径: C:\Windows\TEMP/php_sessions
[2026-04-13 16:39:28] [INFO] [SYSTEM] PHP版本: 8.5.1
[2026-04-13 16:39:28] [INFO] [SYSTEM] 🚀 调试系统已启动
[2026-04-13 16:39:28] [DEBUG] [SYSTEM] PHP版本: 8.5.1
[2026-04-13 16:39:28] [INFO] [APP] App配置加载完成
[2026-04-13 16:39:28] [INFO] [SESSION] Session状态: 已启动
[2026-04-13 16:39:28] [INFO] [SESSION] Session ID: e2422f344f1f7d17ac54db6d4a97ca5f
[2026-04-13 16:39:28] [INFO] [SESSION] Session数据: {"admin_logged_in":true,"admin_id":1,"admin_username":"admin","admin_role":"admin"}
[2026-04-13 16:39:28] [INFO] [SESSION] Session路径: C:\Windows\TEMP/php_sessions
[2026-04-13 16:39:28] [INFO] [SYSTEM] PHP版本: 8.5.1
[2026-04-13 16:39:28] [INFO] [SYSTEM] 🚀 调试系统已启动
[2026-04-13 16:39:28] [DEBUG] [SYSTEM] PHP版本: 8.5.1
[2026-04-13 16:39:28] [INFO] [APP] App配置加载完成
[2026-04-13 16:39:28] [INFO] [SESSION] Session状态: 已启动
[2026-04-13 16:39:28] [INFO] [SESSION] Session ID: e2422f344f1f7d17ac54db6d4a97ca5f
[2026-04-13 16:39:28] [INFO] [SESSION] Session数据: {"admin_logged_in":true,"admin_id":1,"admin_username":"admin","admin_role":"admin"}
[2026-04-13 16:39:28] [INFO] [SESSION] Session路径: C:\Windows\TEMP/php_sessions
[2026-04-13 16:39:28] [INFO] [SYSTEM] PHP版本: 8.5.1
[2026-04-13 16:39:28] [INFO] [SYSTEM] 🚀 调试系统已启动
[2026-04-13 16:39:28] [DEBUG] [SYSTEM] PHP版本: 8.5.1
[2026-04-13 16:39:28] [INFO] [APP] App配置加载完成
[2026-04-13 16:39:28] [INFO] [SESSION] Session状态: 已启动
[2026-04-13 16:39:28] [INFO] [SESSION] Session ID: e2422f344f1f7d17ac54db6d4a97ca5f
[2026-04-13 16:39:28] [INFO] [SESSION] Session数据: {"admin_logged_in":true,"admin_id":1,"admin_username":"admin","admin_role":"admin"}
[2026-04-13 16:39:28] [INFO] [SESSION] Session路径: C:\Windows\TEMP/php_sessions
[2026-04-13 16:39:28] [INFO] [SYSTEM] PHP版本: 8.5.1
[2026-04-13 16:39:29] [INFO] [SYSTEM] 🚀 调试系统已启动
[2026-04-13 16:39:29] [DEBUG] [SYSTEM] PHP版本: 8.5.1
[2026-04-13 16:39:29] [INFO] [APP] App配置加载完成
[2026-04-13 16:39:29] [INFO] [SESSION] Session状态: 已启动
[2026-04-13 16:39:29] [INFO] [SESSION] Session ID: e2422f344f1f7d17ac54db6d4a97ca5f
[2026-04-13 16:39:29] [INFO] [SESSION] Session数据: {"admin_logged_in":true,"admin_id":1,"admin_username":"admin","admin_role":"admin"}
[2026-04-13 16:39:29] [INFO] [SESSION] Session路径: C:\Windows\TEMP/php_sessions
[2026-04-13 16:39:29] [INFO] [SYSTEM] PHP版本: 8.5.1
[2026-04-13 16:39:29] [INFO] [SYSTEM] 🚀 调试系统已启动
[2026-04-13 16:39:29] [DEBUG] [SYSTEM] PHP版本: 8.5.1
[2026-04-13 16:39:29] [INFO] [APP] App配置加载完成
[2026-04-13 16:39:29] [INFO] [SESSION] Session状态: 已启动
[2026-04-13 16:39:29] [INFO] [SESSION] Session ID: e2422f344f1f7d17ac54db6d4a97ca5f
[2026-04-13 16:39:29] [INFO] [SESSION] Session数据: {"admin_logged_in":true,"admin_id":1,"admin_username":"admin","admin_role":"admin"}
[2026-04-13 16:39:29] [INFO] [SESSION] Session路径: C:\Windows\TEMP/php_sessions
[2026-04-13 16:39:29] [INFO] [SYSTEM] PHP版本: 8.5.1
[2026-04-13 16:39:29] [INFO] [SYSTEM] 🚀 调试系统已启动
[2026-04-13 16:39:29] [DEBUG] [SYSTEM] PHP版本: 8.5.1
[2026-04-13 16:39:29] [INFO] [APP] App配置加载完成
[2026-04-13 16:39:29] [INFO] [SESSION] Session状态: 已启动
[2026-04-13 16:39:29] [INFO] [SESSION] Session ID: e2422f344f1f7d17ac54db6d4a97ca5f
[2026-04-13 16:39:29] [INFO] [SESSION] Session数据: {"admin_logged_in":true,"admin_id":1,"admin_username":"admin","admin_role":"admin"}
[2026-04-13 16:39:29] [INFO] [SESSION] Session路径: C:\Windows\TEMP/php_sessions
[2026-04-13 16:39:29] [INFO] [SYSTEM] PHP版本: 8.5.1
[2026-04-13 16:39:29] [INFO] [SYSTEM] 🚀 调试系统已启动
[2026-04-13 16:39:29] [DEBUG] [SYSTEM] PHP版本: 8.5.1
[2026-04-13 16:39:29] [INFO] [APP] App配置加载完成
[2026-04-13 16:39:29] [INFO] [SESSION] Session状态: 已启动
[2026-04-13 16:39:29] [INFO] [SESSION] Session ID: e2422f344f1f7d17ac54db6d4a97ca5f
[2026-04-13 16:39:29] [INFO] [SESSION] Session数据: {"admin_logged_in":true,"admin_id":1,"admin_username":"admin","admin_role":"admin"}
[2026-04-13 16:39:29] [INFO] [SESSION] Session路径: C:\Windows\TEMP/php_sessions
[2026-04-13 16:39:29] [INFO] [SYSTEM] PHP版本: 8.5.1
[2026-04-13 16:39:29] [INFO] [SYSTEM] 🚀 调试系统已启动
[2026-04-13 16:39:29] [DEBUG] [SYSTEM] PHP版本: 8.5.1
[2026-04-13 16:39:29] [INFO] [APP] App配置加载完成
[2026-04-13 16:39:29] [INFO] [SESSION] Session状态: 已启动
[2026-04-13 16:39:29] [INFO] [SESSION] Session ID: e2422f344f1f7d17ac54db6d4a97ca5f
[2026-04-13 16:39:29] [INFO] [SESSION] Session数据: {"admin_logged_in":true,"admin_id":1,"admin_username":"admin","admin_role":"admin"}
[2026-04-13 16:39:29] [INFO] [SESSION] Session路径: C:\Windows\TEMP/php_sessions
[2026-04-13 16:39:29] [INFO] [SYSTEM] PHP版本: 8.5.1
[2026-04-13 16:39:29] [INFO] [SYSTEM] 🚀 调试系统已启动
[2026-04-13 16:39:29] [DEBUG] [SYSTEM] PHP版本: 8.5.1
[2026-04-13 16:39:29] [INFO] [APP] App配置加载完成
[2026-04-13 16:39:29] [INFO] [SESSION] Session状态: 已启动
[2026-04-13 16:39:29] [INFO] [SESSION] Session ID: e2422f344f1f7d17ac54db6d4a97ca5f
[2026-04-13 16:39:29] [INFO] [SESSION] Session数据: {"admin_logged_in":true,"admin_id":1,"admin_username":"admin","admin_role":"admin"}
[2026-04-13 16:39:29] [INFO] [SESSION] Session路径: C:\Windows\TEMP/php_sessions
[2026-04-13 16:39:29] [INFO] [SYSTEM] PHP版本: 8.5.1
[2026-04-13 16:39:29] [INFO] [SYSTEM] 🚀 调试系统已启动
[2026-04-13 16:39:29] [DEBUG] [SYSTEM] PHP版本: 8.5.1
[2026-04-13 16:39:29] [INFO] [APP] App配置加载完成
[2026-04-13 16:39:29] [INFO] [SESSION] Session状态: 已启动
[2026-04-13 16:39:29] [INFO] [SESSION] Session ID: e2422f344f1f7d17ac54db6d4a97ca5f
[2026-04-13 16:39:29] [INFO] [SESSION] Session数据: {"admin_logged_in":true,"admin_id":1,"admin_username":"admin","admin_role":"admin"}
[2026-04-13 16:39:29] [INFO] [SESSION] Session路径: C:\Windows\TEMP/php_sessions
[2026-04-13 16:39:29] [INFO] [SYSTEM] PHP版本: 8.5.1
[2026-04-13 16:39:29] [INFO] [SYSTEM] 🚀 调试系统已启动
[2026-04-13 16:39:29] [DEBUG] [SYSTEM] PHP版本: 8.5.1
[2026-04-13 16:39:29] [INFO] [APP] App配置加载完成
[2026-04-13 16:39:29] [INFO] [SESSION] Session状态: 已启动
[2026-04-13 16:39:29] [INFO] [SESSION] Session ID: e2422f344f1f7d17ac54db6d4a97ca5f
[2026-04-13 16:39:29] [INFO] [SESSION] Session数据: {"admin_logged_in":true,"admin_id":1,"admin_username":"admin","admin_role":"admin"}
[2026-04-13 16:39:29] [INFO] [SESSION] Session路径: C:\Windows\TEMP/php_sessions
[2026-04-13 16:39:29] [INFO] [SYSTEM] PHP版本: 8.5.1
[2026-04-13 16:39:29] [INFO] [SYSTEM] 🚀 调试系统已启动
[2026-04-13 16:39:29] [DEBUG] [SYSTEM] PHP版本: 8.5.1
[2026-04-13 16:39:29] [INFO] [APP] App配置加载完成
[2026-04-13 16:39:29] [INFO] [SESSION] Session状态: 已启动
[2026-04-13 16:39:29] [INFO] [SESSION] Session ID: e2422f344f1f7d17ac54db6d4a97ca5f
[2026-04-13 16:39:29] [INFO] [SESSION] Session数据: {"admin_logged_in":true,"admin_id":1,"admin_username":"admin","admin_role":"admin"}
[2026-04-13 16:39:29] [INFO] [SESSION] Session路径: C:\Windows\TEMP/php_sessions
[2026-04-13 16:39:29] [INFO] [SYSTEM] PHP版本: 8.5.1
[2026-04-13 16:39:30] [INFO] [SYSTEM] 🚀 调试系统已启动
[2026-04-13 16:39:30] [DEBUG] [SYSTEM] PHP版本: 8.5.1
[2026-04-13 16:39:30] [INFO] [APP] App配置加载完成
[2026-04-13 16:39:30] [INFO] [SESSION] Session状态: 已启动
[2026-04-13 16:39:30] [INFO] [SESSION] Session ID: e2422f344f1f7d17ac54db6d4a97ca5f
[2026-04-13 16:39:30] [INFO] [SESSION] Session数据: {"admin_logged_in":true,"admin_id":1,"admin_username":"admin","admin_role":"admin"}
[2026-04-13 16:39:30] [INFO] [SESSION] Session路径: C:\Windows\TEMP/php_sessions
[2026-04-13 16:39:30] [INFO] [SYSTEM] PHP版本: 8.5.1
[2026-04-13 16:39:30] [INFO] [SYSTEM] 🚀 调试系统已启动
[2026-04-13 16:39:30] [DEBUG] [SYSTEM] PHP版本: 8.5.1
[2026-04-13 16:39:30] [INFO] [APP] App配置加载完成
[2026-04-13 16:39:30] [INFO] [SESSION] Session状态: 已启动
[2026-04-13 16:39:30] [INFO] [SESSION] Session ID: e2422f344f1f7d17ac54db6d4a97ca5f
[2026-04-13 16:39:30] [INFO] [SESSION] Session数据: {"admin_logged_in":true,"admin_id":1,"admin_username":"admin","admin_role":"admin"}
[2026-04-13 16:39:30] [INFO] [SESSION] Session路径: C:\Windows\TEMP/php_sessions
[2026-04-13 16:39:30] [INFO] [SYSTEM] PHP版本: 8.5.1
[2026-04-13 16:39:30] [INFO] [SYSTEM] 🚀 调试系统已启动
[2026-04-13 16:39:30] [DEBUG] [SYSTEM] PHP版本: 8.5.1
[2026-04-13 16:39:30] [INFO] [APP] App配置加载完成
[2026-04-13 16:39:30] [INFO] [SESSION] Session状态: 已启动
[2026-04-13 16:39:30] [INFO] [SESSION] Session ID: e2422f344f1f7d17ac54db6d4a97ca5f
[2026-04-13 16:39:30] [INFO] [SESSION] Session数据: {"admin_logged_in":true,"admin_id":1,"admin_username":"admin","admin_role":"admin"}
[2026-04-13 16:39:30] [INFO] [SESSION] Session路径: C:\Windows\TEMP/php_sessions
[2026-04-13 16:39:30] [INFO] [SYSTEM] PHP版本: 8.5.1
[2026-04-13 16:39:30] [INFO] [SYSTEM] 🚀 调试系统已启动
[2026-04-13 16:39:30] [DEBUG] [SYSTEM] PHP版本: 8.5.1
[2026-04-13 16:39:30] [INFO] [APP] App配置加载完成
[2026-04-13 16:39:30] [INFO] [SESSION] Session状态: 已启动
[2026-04-13 16:39:30] [INFO] [SESSION] Session ID: e2422f344f1f7d17ac54db6d4a97ca5f
[2026-04-13 16:39:30] [INFO] [SESSION] Session数据: {"admin_logged_in":true,"admin_id":1,"admin_username":"admin","admin_role":"admin"}
[2026-04-13 16:39:30] [INFO] [SESSION] Session路径: C:\Windows\TEMP/php_sessions
[2026-04-13 16:39:30] [INFO] [SYSTEM] PHP版本: 8.5.1
[2026-04-13 16:39:30] [INFO] [SYSTEM] 🚀 调试系统已启动
[2026-04-13 16:39:30] [DEBUG] [SYSTEM] PHP版本: 8.5.1
[2026-04-13 16:39:30] [INFO] [APP] App配置加载完成
[2026-04-13 16:39:30] [INFO] [SESSION] Session状态: 已启动
[2026-04-13 16:39:30] [INFO] [SESSION] Session ID: e2422f344f1f7d17ac54db6d4a97ca5f
[2026-04-13 16:39:30] [INFO] [SESSION] Session数据: {"admin_logged_in":true,"admin_id":1,"admin_username":"admin","admin_role":"admin"}
[2026-04-13 16:39:30] [INFO] [SESSION] Session路径: C:\Windows\TEMP/php_sessions
[2026-04-13 16:39:30] [INFO] [SYSTEM] PHP版本: 8.5.1
[2026-04-13 16:39:30] [INFO] [SYSTEM] 🚀 调试系统已启动
[2026-04-13 16:39:30] [DEBUG] [SYSTEM] PHP版本: 8.5.1
[2026-04-13 16:39:30] [INFO] [APP] App配置加载完成
[2026-04-13 16:39:30] [INFO] [SESSION] Session状态: 已启动
[2026-04-13 16:39:30] [INFO] [SESSION] Session ID: e2422f344f1f7d17ac54db6d4a97ca5f
[2026-04-13 16:39:30] [INFO] [SESSION] Session数据: {"admin_logged_in":true,"admin_id":1,"admin_username":"admin","admin_role":"admin"}
[2026-04-13 16:39:30] [INFO] [SESSION] Session路径: C:\Windows\TEMP/php_sessions
[2026-04-13 16:39:30] [INFO] [SYSTEM] PHP版本: 8.5.1
[2026-04-13 16:39:30] [INFO] [SYSTEM] 🚀 调试系统已启动
[2026-04-13 16:39:30] [DEBUG] [SYSTEM] PHP版本: 8.5.1
[2026-04-13 16:39:30] [INFO] [APP] App配置加载完成
[2026-04-13 16:39:30] [INFO] [SESSION] Session状态: 已启动
[2026-04-13 16:39:30] [INFO] [SESSION] Session ID: e2422f344f1f7d17ac54db6d4a97ca5f
[2026-04-13 16:39:30] [INFO] [SESSION] Session数据: {"admin_logged_in":true,"admin_id":1,"admin_username":"admin","admin_role":"admin"}
[2026-04-13 16:39:30] [INFO] [SESSION] Session路径: C:\Windows\TEMP/php_sessions
[2026-04-13 16:39:30] [INFO] [SYSTEM] PHP版本: 8.5.1
[2026-04-13 16:39:30] [INFO] [SYSTEM] 🚀 调试系统已启动
[2026-04-13 16:39:30] [DEBUG] [SYSTEM] PHP版本: 8.5.1
[2026-04-13 16:39:30] [INFO] [APP] App配置加载完成
[2026-04-13 16:39:30] [INFO] [SESSION] Session状态: 已启动
[2026-04-13 16:39:30] [INFO] [SESSION] Session ID: e2422f344f1f7d17ac54db6d4a97ca5f
[2026-04-13 16:39:30] [INFO] [SESSION] Session数据: {"admin_logged_in":true,"admin_id":1,"admin_username":"admin","admin_role":"admin"}
[2026-04-13 16:39:30] [INFO] [SESSION] Session路径: C:\Windows\TEMP/php_sessions
[2026-04-13 16:39:30] [INFO] [SYSTEM] PHP版本: 8.5.1
[2026-04-13 16:39:30] [INFO] [SYSTEM] 🚀 调试系统已启动
[2026-04-13 16:39:30] [DEBUG] [SYSTEM] PHP版本: 8.5.1
[2026-04-13 16:39:30] [INFO] [APP] App配置加载完成
[2026-04-13 16:39:30] [INFO] [SESSION] Session状态: 已启动
[2026-04-13 16:39:30] [INFO] [SESSION] Session ID: e2422f344f1f7d17ac54db6d4a97ca5f
[2026-04-13 16:39:30] [INFO] [SESSION] Session数据: {"admin_logged_in":true,"admin_id":1,"admin_username":"admin","admin_role":"admin"}
[2026-04-13 16:39:30] [INFO] [SESSION] Session路径: C:\Windows\TEMP/php_sessions
[2026-04-13 16:39:30] [INFO] [SYSTEM] PHP版本: 8.5.1
[2026-04-13 16:39:30] [INFO] [SYSTEM] 🚀 调试系统已启动
[2026-04-13 16:39:30] [DEBUG] [SYSTEM] PHP版本: 8.5.1
[2026-04-13 16:39:30] [INFO] [APP] App配置加载完成
[2026-04-13 16:39:30] [INFO] [SESSION] Session状态: 已启动
[2026-04-13 16:39:30] [INFO] [SESSION] Session ID: e2422f344f1f7d17ac54db6d4a97ca5f
[2026-04-13 16:39:30] [INFO] [SESSION] Session数据: {"admin_logged_in":true,"admin_id":1,"admin_username":"admin","admin_role":"admin"}
[2026-04-13 16:39:30] [INFO] [SESSION] Session路径: C:\Windows\TEMP/php_sessions
[2026-04-13 16:39:30] [INFO] [SYSTEM] PHP版本: 8.5.1
[2026-04-13 16:39:30] [INFO] [SYSTEM] 🚀 调试系统已启动
[2026-04-13 16:39:30] [DEBUG] [SYSTEM] PHP版本: 8.5.1
[2026-04-13 16:39:30] [INFO] [APP] App配置加载完成
[2026-04-13 16:39:30] [INFO] [SESSION] Session状态: 已启动
[2026-04-13 16:39:30] [INFO] [SESSION] Session ID: e2422f344f1f7d17ac54db6d4a97ca5f
[2026-04-13 16:39:30] [INFO] [SESSION] Session数据: {"admin_logged_in":true,"admin_id":1,"admin_username":"admin","admin_role":"admin"}
[2026-04-13 16:39:30] [INFO] [SESSION] Session路径: C:\Windows\TEMP/php_sessions
[2026-04-13 16:39:30] [INFO] [SYSTEM] PHP版本: 8.5.1
[2026-04-13 16:39:30] [INFO] [SYSTEM] 🚀 调试系统已启动
[2026-04-13 16:39:30] [DEBUG] [SYSTEM] PHP版本: 8.5.1
[2026-04-13 16:39:30] [INFO] [APP] App配置加载完成
[2026-04-13 16:39:30] [INFO] [SESSION] Session状态: 已启动
[2026-04-13 16:39:30] [INFO] [SESSION] Session ID: e2422f344f1f7d17ac54db6d4a97ca5f
[2026-04-13 16:39:30] [INFO] [SESSION] Session数据: {"admin_logged_in":true,"admin_id":1,"admin_username":"admin","admin_role":"admin"}
[2026-04-13 16:39:30] [INFO] [SESSION] Session路径: C:\Windows\TEMP/php_sessions
[2026-04-13 16:39:30] [INFO] [SYSTEM] PHP版本: 8.5.1
[2026-04-13 16:39:30] [INFO] [SYSTEM] 🚀 调试系统已启动
[2026-04-13 16:39:30] [DEBUG] [SYSTEM] PHP版本: 8.5.1
[2026-04-13 16:39:30] [INFO] [APP] App配置加载完成
[2026-04-13 16:39:30] [INFO] [SESSION] Session状态: 已启动
[2026-04-13 16:39:30] [INFO] [SESSION] Session ID: e2422f344f1f7d17ac54db6d4a97ca5f
[2026-04-13 16:39:30] [INFO] [SESSION] Session数据: {"admin_logged_in":true,"admin_id":1,"admin_username":"admin","admin_role":"admin"}
[2026-04-13 16:39:30] [INFO] [SESSION] Session路径: C:\Windows\TEMP/php_sessions
[2026-04-13 16:39:30] [INFO] [SYSTEM] PHP版本: 8.5.1
[2026-04-13 16:39:31] [INFO] [SYSTEM] 🚀 调试系统已启动
[2026-04-13 16:39:31] [DEBUG] [SYSTEM] PHP版本: 8.5.1
[2026-04-13 16:39:31] [INFO] [APP] App配置加载完成
[2026-04-13 16:39:31] [INFO] [SESSION] Session状态: 已启动
[2026-04-13 16:39:31] [INFO] [SESSION] Session ID: f310187468c2e9ca825cec1a5bc1e4ac
[2026-04-13 16:39:31] [INFO] [SESSION] Session路径: C:\Windows\TEMP/php_sessions
[2026-04-13 16:39:31] [INFO] [SYSTEM] PHP版本: 8.5.1
[2026-04-13 16:39:31] [INFO] [SYSTEM] 🚀 调试系统已启动
[2026-04-13 16:39:31] [DEBUG] [SYSTEM] PHP版本: 8.5.1
[2026-04-13 16:39:31] [INFO] [APP] App配置加载完成
[2026-04-13 16:39:31] [INFO] [SESSION] Session状态: 已启动
[2026-04-13 16:39:31] [INFO] [SESSION] Session ID: f310187468c2e9ca825cec1a5bc1e4ac
[2026-04-13 16:39:31] [INFO] [SESSION] Session路径: C:\Windows\TEMP/php_sessions
[2026-04-13 16:39:31] [INFO] [SYSTEM] PHP版本: 8.5.1
[2026-04-13 16:39:37] [INFO] [SYSTEM] 🚀 调试系统已启动
[2026-04-13 16:39:37] [DEBUG] [SYSTEM] PHP版本: 8.5.1
[2026-04-13 16:39:37] [INFO] [APP] App配置加载完成
[2026-04-13 16:39:37] [INFO] [SESSION] Session状态: 已启动
[2026-04-13 16:39:37] [INFO] [SESSION] Session ID: f310187468c2e9ca825cec1a5bc1e4ac
[2026-04-13 16:39:37] [INFO] [SESSION] Session路径: C:\Windows\TEMP/php_sessions
[2026-04-13 16:39:37] [INFO] [SYSTEM] PHP版本: 8.5.1
[2026-04-13 16:39:38] [INFO] [SYSTEM] 🚀 调试系统已启动
[2026-04-13 16:39:38] [DEBUG] [SYSTEM] PHP版本: 8.5.1
[2026-04-13 16:39:38] [INFO] [APP] App配置加载完成
[2026-04-13 16:39:38] [INFO] [SESSION] Session状态: 已启动
[2026-04-13 16:39:38] [INFO] [SESSION] Session ID: f310187468c2e9ca825cec1a5bc1e4ac
[2026-04-13 16:39:38] [INFO] [SESSION] Session数据: {"admin_logged_in":true,"admin_id":1,"admin_username":"admin","admin_role":"admin"}
[2026-04-13 16:39:38] [INFO] [SESSION] Session路径: C:\Windows\TEMP/php_sessions
[2026-04-13 16:39:38] [INFO] [SYSTEM] PHP版本: 8.5.1
[2026-04-13 16:39:38] [INFO] [SYSTEM] 🚀 调试系统已启动
[2026-04-13 16:39:38] [DEBUG] [SYSTEM] PHP版本: 8.5.1
[2026-04-13 16:39:38] [INFO] [APP] App配置加载完成
[2026-04-13 16:39:38] [INFO] [SESSION] Session状态: 已启动
[2026-04-13 16:39:38] [INFO] [SESSION] Session ID: f310187468c2e9ca825cec1a5bc1e4ac
[2026-04-13 16:39:38] [INFO] [SESSION] Session数据: {"admin_logged_in":true,"admin_id":1,"admin_username":"admin","admin_role":"admin"}
[2026-04-13 16:39:38] [INFO] [SESSION] Session路径: C:\Windows\TEMP/php_sessions
[2026-04-13 16:39:38] [INFO] [SYSTEM] PHP版本: 8.5.1
[2026-04-13 16:39:38] [INFO] [SYSTEM] 🚀 调试系统已启动
[2026-04-13 16:39:38] [DEBUG] [SYSTEM] PHP版本: 8.5.1
[2026-04-13 16:39:38] [INFO] [APP] App配置加载完成
[2026-04-13 16:39:38] [INFO] [SESSION] Session状态: 已启动
[2026-04-13 16:39:38] [INFO] [SESSION] Session ID: f310187468c2e9ca825cec1a5bc1e4ac
[2026-04-13 16:39:38] [INFO] [SESSION] Session数据: {"admin_logged_in":true,"admin_id":1,"admin_username":"admin","admin_role":"admin"}
[2026-04-13 16:39:38] [INFO] [SESSION] Session路径: C:\Windows\TEMP/php_sessions
[2026-04-13 16:39:38] [INFO] [SYSTEM] PHP版本: 8.5.1
[2026-04-13 16:39:38] [INFO] [SYSTEM] 🚀 调试系统已启动
[2026-04-13 16:39:38] [DEBUG] [SYSTEM] PHP版本: 8.5.1
[2026-04-13 16:39:38] [INFO] [APP] App配置加载完成
[2026-04-13 16:39:38] [INFO] [SESSION] Session状态: 已启动
[2026-04-13 16:39:38] [INFO] [SESSION] Session ID: f310187468c2e9ca825cec1a5bc1e4ac
[2026-04-13 16:39:38] [INFO] [SESSION] Session数据: {"admin_logged_in":true,"admin_id":1,"admin_username":"admin","admin_role":"admin"}
[2026-04-13 16:39:38] [INFO] [SESSION] Session路径: C:\Windows\TEMP/php_sessions
[2026-04-13 16:39:38] [INFO] [SYSTEM] PHP版本: 8.5.1
[2026-04-13 16:39:38] [INFO] [SYSTEM] 🚀 调试系统已启动
[2026-04-13 16:39:38] [DEBUG] [SYSTEM] PHP版本: 8.5.1
[2026-04-13 16:39:38] [INFO] [APP] App配置加载完成
[2026-04-13 16:39:38] [INFO] [SESSION] Session状态: 已启动
[2026-04-13 16:39:38] [INFO] [SESSION] Session ID: f310187468c2e9ca825cec1a5bc1e4ac
[2026-04-13 16:39:38] [INFO] [SESSION] Session数据: {"admin_logged_in":true,"admin_id":1,"admin_username":"admin","admin_role":"admin"}
[2026-04-13 16:39:38] [INFO] [SESSION] Session路径: C:\Windows\TEMP/php_sessions
[2026-04-13 16:39:38] [INFO] [SYSTEM] PHP版本: 8.5.1
[2026-04-13 16:39:38] [INFO] [SYSTEM] 🚀 调试系统已启动
[2026-04-13 16:39:38] [DEBUG] [SYSTEM] PHP版本: 8.5.1
[2026-04-13 16:39:38] [INFO] [APP] App配置加载完成
[2026-04-13 16:39:38] [INFO] [SESSION] Session状态: 已启动
[2026-04-13 16:39:38] [INFO] [SESSION] Session ID: f310187468c2e9ca825cec1a5bc1e4ac
[2026-04-13 16:39:38] [INFO] [SESSION] Session数据: {"admin_logged_in":true,"admin_id":1,"admin_username":"admin","admin_role":"admin"}
[2026-04-13 16:39:38] [INFO] [SESSION] Session路径: C:\Windows\TEMP/php_sessions
[2026-04-13 16:39:38] [INFO] [SYSTEM] PHP版本: 8.5.1
[2026-04-13 16:39:38] [INFO] [SYSTEM] 🚀 调试系统已启动
[2026-04-13 16:39:38] [DEBUG] [SYSTEM] PHP版本: 8.5.1
[2026-04-13 16:39:38] [INFO] [APP] App配置加载完成
[2026-04-13 16:39:38] [INFO] [SESSION] Session状态: 已启动
[2026-04-13 16:39:38] [INFO] [SESSION] Session ID: f310187468c2e9ca825cec1a5bc1e4ac
[2026-04-13 16:39:38] [INFO] [SESSION] Session数据: {"admin_logged_in":true,"admin_id":1,"admin_username":"admin","admin_role":"admin"}
[2026-04-13 16:39:38] [INFO] [SESSION] Session路径: C:\Windows\TEMP/php_sessions
[2026-04-13 16:39:38] [INFO] [SYSTEM] PHP版本: 8.5.1
[2026-04-13 16:39:38] [INFO] [SYSTEM] 🚀 调试系统已启动
[2026-04-13 16:39:38] [DEBUG] [SYSTEM] PHP版本: 8.5.1
[2026-04-13 16:39:38] [INFO] [APP] App配置加载完成
[2026-04-13 16:39:38] [INFO] [SESSION] Session状态: 已启动
[2026-04-13 16:39:38] [INFO] [SESSION] Session ID: f310187468c2e9ca825cec1a5bc1e4ac
[2026-04-13 16:39:38] [INFO] [SESSION] Session数据: {"admin_logged_in":true,"admin_id":1,"admin_username":"admin","admin_role":"admin"}
[2026-04-13 16:39:38] [INFO] [SESSION] Session路径: C:\Windows\TEMP/php_sessions
[2026-04-13 16:39:38] [INFO] [SYSTEM] PHP版本: 8.5.1
[2026-04-13 16:39:38] [INFO] [SYSTEM] 🚀 调试系统已启动
[2026-04-13 16:39:38] [DEBUG] [SYSTEM] PHP版本: 8.5.1
[2026-04-13 16:39:38] [INFO] [APP] App配置加载完成
[2026-04-13 16:39:38] [INFO] [SESSION] Session状态: 已启动
[2026-04-13 16:39:38] [INFO] [SESSION] Session ID: f310187468c2e9ca825cec1a5bc1e4ac
[2026-04-13 16:39:38] [INFO] [SESSION] Session数据: {"admin_logged_in":true,"admin_id":1,"admin_username":"admin","admin_role":"admin"}
[2026-04-13 16:39:38] [INFO] [SESSION] Session路径: C:\Windows\TEMP/php_sessions
[2026-04-13 16:39:38] [INFO] [SYSTEM] PHP版本: 8.5.1
[2026-04-13 16:39:39] [INFO] [SYSTEM] 🚀 调试系统已启动
[2026-04-13 16:39:39] [DEBUG] [SYSTEM] PHP版本: 8.5.1
[2026-04-13 16:39:39] [INFO] [APP] App配置加载完成
[2026-04-13 16:39:39] [INFO] [SESSION] Session状态: 已启动
[2026-04-13 16:39:39] [INFO] [SESSION] Session ID: f310187468c2e9ca825cec1a5bc1e4ac
[2026-04-13 16:39:39] [INFO] [SESSION] Session数据: {"admin_logged_in":true,"admin_id":1,"admin_username":"admin","admin_role":"admin"}
[2026-04-13 16:39:39] [INFO] [SESSION] Session路径: C:\Windows\TEMP/php_sessions
[2026-04-13 16:39:39] [INFO] [SYSTEM] PHP版本: 8.5.1
[2026-04-13 16:39:39] [INFO] [SYSTEM] 🚀 调试系统已启动
[2026-04-13 16:39:39] [DEBUG] [SYSTEM] PHP版本: 8.5.1
[2026-04-13 16:39:39] [INFO] [APP] App配置加载完成
[2026-04-13 16:39:39] [INFO] [SESSION] Session状态: 已启动
[2026-04-13 16:39:39] [INFO] [SESSION] Session ID: f310187468c2e9ca825cec1a5bc1e4ac
[2026-04-13 16:39:39] [INFO] [SESSION] Session数据: {"admin_logged_in":true,"admin_id":1,"admin_username":"admin","admin_role":"admin"}
[2026-04-13 16:39:39] [INFO] [SESSION] Session路径: C:\Windows\TEMP/php_sessions
[2026-04-13 16:39:39] [INFO] [SYSTEM] PHP版本: 8.5.1
[2026-04-13 16:39:39] [INFO] [SYSTEM] 🚀 调试系统已启动
[2026-04-13 16:39:39] [DEBUG] [SYSTEM] PHP版本: 8.5.1
[2026-04-13 16:39:39] [INFO] [APP] App配置加载完成
[2026-04-13 16:39:39] [INFO] [SESSION] Session状态: 已启动
[2026-04-13 16:39:39] [INFO] [SESSION] Session ID: f310187468c2e9ca825cec1a5bc1e4ac
[2026-04-13 16:39:39] [INFO] [SESSION] Session数据: {"admin_logged_in":true,"admin_id":1,"admin_username":"admin","admin_role":"admin"}
[2026-04-13 16:39:39] [INFO] [SESSION] Session路径: C:\Windows\TEMP/php_sessions
[2026-04-13 16:39:39] [INFO] [SYSTEM] PHP版本: 8.5.1
[2026-04-13 16:39:39] [INFO] [SYSTEM] 🚀 调试系统已启动
[2026-04-13 16:39:39] [DEBUG] [SYSTEM] PHP版本: 8.5.1
[2026-04-13 16:39:39] [INFO] [APP] App配置加载完成
[2026-04-13 16:39:39] [INFO] [SESSION] Session状态: 已启动
[2026-04-13 16:39:39] [INFO] [SESSION] Session ID: f310187468c2e9ca825cec1a5bc1e4ac
[2026-04-13 16:39:39] [INFO] [SESSION] Session数据: {"admin_logged_in":true,"admin_id":1,"admin_username":"admin","admin_role":"admin"}
[2026-04-13 16:39:39] [INFO] [SESSION] Session路径: C:\Windows\TEMP/php_sessions
[2026-04-13 16:39:39] [INFO] [SYSTEM] PHP版本: 8.5.1
[2026-04-13 16:39:39] [INFO] [SYSTEM] 🚀 调试系统已启动
[2026-04-13 16:39:39] [DEBUG] [SYSTEM] PHP版本: 8.5.1
[2026-04-13 16:39:39] [INFO] [APP] App配置加载完成
[2026-04-13 16:39:39] [INFO] [SESSION] Session状态: 已启动
[2026-04-13 16:39:39] [INFO] [SESSION] Session ID: f310187468c2e9ca825cec1a5bc1e4ac
[2026-04-13 16:39:39] [INFO] [SESSION] Session数据: {"admin_logged_in":true,"admin_id":1,"admin_username":"admin","admin_role":"admin"}
[2026-04-13 16:39:39] [INFO] [SESSION] Session路径: C:\Windows\TEMP/php_sessions
[2026-04-13 16:39:39] [INFO] [SYSTEM] PHP版本: 8.5.1
[2026-04-13 16:39:39] [INFO] [SYSTEM] 🚀 调试系统已启动
[2026-04-13 16:39:39] [DEBUG] [SYSTEM] PHP版本: 8.5.1
[2026-04-13 16:39:39] [INFO] [APP] App配置加载完成
[2026-04-13 16:39:39] [INFO] [SESSION] Session状态: 已启动
[2026-04-13 16:39:39] [INFO] [SESSION] Session ID: f310187468c2e9ca825cec1a5bc1e4ac
[2026-04-13 16:39:39] [INFO] [SESSION] Session数据: {"admin_logged_in":true,"admin_id":1,"admin_username":"admin","admin_role":"admin"}
[2026-04-13 16:39:39] [INFO] [SESSION] Session路径: C:\Windows\TEMP/php_sessions
[2026-04-13 16:39:39] [INFO] [SYSTEM] PHP版本: 8.5.1
[2026-04-13 16:39:39] [INFO] [SYSTEM] 🚀 调试系统已启动
[2026-04-13 16:39:39] [DEBUG] [SYSTEM] PHP版本: 8.5.1
[2026-04-13 16:39:39] [INFO] [APP] App配置加载完成
[2026-04-13 16:39:39] [INFO] [SESSION] Session状态: 已启动
[2026-04-13 16:39:39] [INFO] [SESSION] Session ID: f310187468c2e9ca825cec1a5bc1e4ac
[2026-04-13 16:39:39] [INFO] [SESSION] Session数据: {"admin_logged_in":true,"admin_id":1,"admin_username":"admin","admin_role":"admin"}
[2026-04-13 16:39:39] [INFO] [SESSION] Session路径: C:\Windows\TEMP/php_sessions
[2026-04-13 16:39:39] [INFO] [SYSTEM] PHP版本: 8.5.1
[2026-04-13 16:39:40] [INFO] [SYSTEM] 🚀 调试系统已启动
[2026-04-13 16:39:40] [DEBUG] [SYSTEM] PHP版本: 8.5.1
[2026-04-13 16:39:40] [INFO] [APP] App配置加载完成
[2026-04-13 16:39:40] [INFO] [SESSION] Session状态: 已启动
[2026-04-13 16:39:40] [INFO] [SESSION] Session ID: f310187468c2e9ca825cec1a5bc1e4ac
[2026-04-13 16:39:40] [INFO] [SESSION] Session数据: {"admin_logged_in":true,"admin_id":1,"admin_username":"admin","admin_role":"admin"}
[2026-04-13 16:39:40] [INFO] [SESSION] Session路径: C:\Windows\TEMP/php_sessions
[2026-04-13 16:39:40] [INFO] [SYSTEM] PHP版本: 8.5.1
[2026-04-13 16:39:40] [INFO] [SYSTEM] 🚀 调试系统已启动
[2026-04-13 16:39:40] [DEBUG] [SYSTEM] PHP版本: 8.5.1
[2026-04-13 16:39:40] [INFO] [APP] App配置加载完成
[2026-04-13 16:39:40] [INFO] [SESSION] Session状态: 已启动
[2026-04-13 16:39:40] [INFO] [SESSION] Session ID: f310187468c2e9ca825cec1a5bc1e4ac
[2026-04-13 16:39:40] [INFO] [SESSION] Session数据: {"admin_logged_in":true,"admin_id":1,"admin_username":"admin","admin_role":"admin"}
[2026-04-13 16:39:40] [INFO] [SESSION] Session路径: C:\Windows\TEMP/php_sessions
[2026-04-13 16:39:40] [INFO] [SYSTEM] PHP版本: 8.5.1
[2026-04-13 16:39:40] [INFO] [SYSTEM] 🚀 调试系统已启动
[2026-04-13 16:39:40] [DEBUG] [SYSTEM] PHP版本: 8.5.1
[2026-04-13 16:39:40] [INFO] [APP] App配置加载完成
[2026-04-13 16:39:40] [INFO] [SESSION] Session状态: 已启动
[2026-04-13 16:39:40] [INFO] [SESSION] Session ID: f310187468c2e9ca825cec1a5bc1e4ac
[2026-04-13 16:39:40] [INFO] [SESSION] Session数据: {"admin_logged_in":true,"admin_id":1,"admin_username":"admin","admin_role":"admin"}
[2026-04-13 16:39:40] [INFO] [SESSION] Session路径: C:\Windows\TEMP/php_sessions
[2026-04-13 16:39:40] [INFO] [SYSTEM] PHP版本: 8.5.1
[2026-04-13 16:39:45] [INFO] [SYSTEM] 🚀 调试系统已启动
[2026-04-13 16:39:45] [DEBUG] [SYSTEM] PHP版本: 8.5.1
[2026-04-13 16:39:45] [INFO] [APP] App配置加载完成
[2026-04-13 16:39:45] [INFO] [SESSION] Session状态: 已启动
[2026-04-13 16:39:45] [INFO] [SESSION] Session ID: f310187468c2e9ca825cec1a5bc1e4ac
[2026-04-13 16:39:45] [INFO] [SESSION] Session数据: {"admin_logged_in":true,"admin_id":1,"admin_username":"admin","admin_role":"admin"}
[2026-04-13 16:39:45] [INFO] [SESSION] Session路径: C:\Windows\TEMP/php_sessions
[2026-04-13 16:39:45] [INFO] [SYSTEM] PHP版本: 8.5.1
[2026-04-13 16:39:45] [INFO] [SYSTEM] 🚀 调试系统已启动
[2026-04-13 16:39:45] [DEBUG] [SYSTEM] PHP版本: 8.5.1
[2026-04-13 16:39:45] [INFO] [APP] App配置加载完成
[2026-04-13 16:39:45] [INFO] [SESSION] Session状态: 已启动
[2026-04-13 16:39:45] [INFO] [SESSION] Session ID: f310187468c2e9ca825cec1a5bc1e4ac
[2026-04-13 16:39:45] [INFO] [SESSION] Session数据: {"admin_logged_in":true,"admin_id":1,"admin_username":"admin","admin_role":"admin"}
[2026-04-13 16:39:45] [INFO] [SESSION] Session路径: C:\Windows\TEMP/php_sessions
[2026-04-13 16:39:45] [INFO] [SYSTEM] PHP版本: 8.5.1
[2026-04-13 16:39:45] [INFO] [SYSTEM] 🚀 调试系统已启动
[2026-04-13 16:39:45] [DEBUG] [SYSTEM] PHP版本: 8.5.1
[2026-04-13 16:39:45] [INFO] [APP] App配置加载完成
[2026-04-13 16:39:45] [INFO] [SESSION] Session状态: 已启动
[2026-04-13 16:39:45] [INFO] [SESSION] Session ID: f310187468c2e9ca825cec1a5bc1e4ac
[2026-04-13 16:39:45] [INFO] [SESSION] Session数据: {"admin_logged_in":true,"admin_id":1,"admin_username":"admin","admin_role":"admin"}
[2026-04-13 16:39:45] [INFO] [SESSION] Session路径: C:\Windows\TEMP/php_sessions
[2026-04-13 16:39:45] [INFO] [SYSTEM] PHP版本: 8.5.1
[2026-04-13 16:39:45] [INFO] [SYSTEM] 🚀 调试系统已启动
[2026-04-13 16:39:45] [DEBUG] [SYSTEM] PHP版本: 8.5.1
[2026-04-13 16:39:45] [INFO] [APP] App配置加载完成
[2026-04-13 16:39:45] [INFO] [SESSION] Session状态: 已启动
[2026-04-13 16:39:45] [INFO] [SESSION] Session ID: f310187468c2e9ca825cec1a5bc1e4ac
[2026-04-13 16:39:45] [INFO] [SESSION] Session数据: {"admin_logged_in":true,"admin_id":1,"admin_username":"admin","admin_role":"admin"}
[2026-04-13 16:39:45] [INFO] [SESSION] Session路径: C:\Windows\TEMP/php_sessions
[2026-04-13 16:39:45] [INFO] [SYSTEM] PHP版本: 8.5.1
[2026-04-13 16:39:45] [INFO] [SYSTEM] 🚀 调试系统已启动
[2026-04-13 16:39:45] [DEBUG] [SYSTEM] PHP版本: 8.5.1
[2026-04-13 16:39:45] [INFO] [APP] App配置加载完成
[2026-04-13 16:39:45] [INFO] [SESSION] Session状态: 已启动
[2026-04-13 16:39:45] [INFO] [SESSION] Session ID: f310187468c2e9ca825cec1a5bc1e4ac
[2026-04-13 16:39:45] [INFO] [SESSION] Session数据: {"admin_logged_in":true,"admin_id":1,"admin_username":"admin","admin_role":"admin"}
[2026-04-13 16:39:45] [INFO] [SESSION] Session路径: C:\Windows\TEMP/php_sessions
[2026-04-13 16:39:45] [INFO] [SYSTEM] PHP版本: 8.5.1
[2026-04-13 16:39:45] [INFO] [SYSTEM] 🚀 调试系统已启动
[2026-04-13 16:39:45] [DEBUG] [SYSTEM] PHP版本: 8.5.1
[2026-04-13 16:39:45] [INFO] [APP] App配置加载完成
[2026-04-13 16:39:45] [INFO] [SESSION] Session状态: 已启动
[2026-04-13 16:39:45] [INFO] [SESSION] Session ID: f310187468c2e9ca825cec1a5bc1e4ac
[2026-04-13 16:39:45] [INFO] [SESSION] Session数据: {"admin_logged_in":true,"admin_id":1,"admin_username":"admin","admin_role":"admin"}
[2026-04-13 16:39:45] [INFO] [SESSION] Session路径: C:\Windows\TEMP/php_sessions
[2026-04-13 16:39:45] [INFO] [SYSTEM] PHP版本: 8.5.1
[2026-04-13 16:39:45] [INFO] [SYSTEM] 🚀 调试系统已启动
[2026-04-13 16:39:45] [DEBUG] [SYSTEM] PHP版本: 8.5.1
[2026-04-13 16:39:45] [INFO] [APP] App配置加载完成
[2026-04-13 16:39:45] [INFO] [SESSION] Session状态: 已启动
[2026-04-13 16:39:45] [INFO] [SESSION] Session ID: f310187468c2e9ca825cec1a5bc1e4ac
[2026-04-13 16:39:45] [INFO] [SESSION] Session数据: {"admin_logged_in":true,"admin_id":1,"admin_username":"admin","admin_role":"admin"}
[2026-04-13 16:39:45] [INFO] [SESSION] Session路径: C:\Windows\TEMP/php_sessions
[2026-04-13 16:39:45] [INFO] [SYSTEM] PHP版本: 8.5.1
[2026-04-13 16:39:45] [INFO] [SYSTEM] 🚀 调试系统已启动
[2026-04-13 16:39:45] [DEBUG] [SYSTEM] PHP版本: 8.5.1
[2026-04-13 16:39:45] [INFO] [APP] App配置加载完成
[2026-04-13 16:39:45] [INFO] [SESSION] Session状态: 已启动
[2026-04-13 16:39:45] [INFO] [SESSION] Session ID: f310187468c2e9ca825cec1a5bc1e4ac
[2026-04-13 16:39:45] [INFO] [SESSION] Session数据: {"admin_logged_in":true,"admin_id":1,"admin_username":"admin","admin_role":"admin"}
[2026-04-13 16:39:45] [INFO] [SESSION] Session路径: C:\Windows\TEMP/php_sessions
[2026-04-13 16:39:45] [INFO] [SYSTEM] PHP版本: 8.5.1
[2026-04-13 16:39:45] [INFO] [SYSTEM] 🚀 调试系统已启动
[2026-04-13 16:39:45] [DEBUG] [SYSTEM] PHP版本: 8.5.1
[2026-04-13 16:39:45] [INFO] [APP] App配置加载完成
[2026-04-13 16:39:45] [INFO] [SESSION] Session状态: 已启动
[2026-04-13 16:39:45] [INFO] [SESSION] Session ID: f310187468c2e9ca825cec1a5bc1e4ac
[2026-04-13 16:39:45] [INFO] [SESSION] Session数据: {"admin_logged_in":true,"admin_id":1,"admin_username":"admin","admin_role":"admin"}
[2026-04-13 16:39:45] [INFO] [SESSION] Session路径: C:\Windows\TEMP/php_sessions
[2026-04-13 16:39:45] [INFO] [SYSTEM] PHP版本: 8.5.1
[2026-04-13 16:39:45] [INFO] [SYSTEM] 🚀 调试系统已启动
[2026-04-13 16:39:45] [DEBUG] [SYSTEM] PHP版本: 8.5.1
[2026-04-13 16:39:45] [INFO] [APP] App配置加载完成
[2026-04-13 16:39:45] [INFO] [SESSION] Session状态: 已启动
[2026-04-13 16:39:45] [INFO] [SESSION] Session ID: f310187468c2e9ca825cec1a5bc1e4ac
[2026-04-13 16:39:45] [INFO] [SESSION] Session数据: {"admin_logged_in":true,"admin_id":1,"admin_username":"admin","admin_role":"admin"}
[2026-04-13 16:39:45] [INFO] [SESSION] Session路径: C:\Windows\TEMP/php_sessions
[2026-04-13 16:39:45] [INFO] [SYSTEM] PHP版本: 8.5.1
[2026-04-13 16:40:15] [INFO] [SYSTEM] 🚀 调试系统已启动
[2026-04-13 16:40:15] [DEBUG] [SYSTEM] PHP版本: 8.5.1
[2026-04-13 16:40:15] [INFO] [APP] App配置加载完成
[2026-04-13 16:40:15] [INFO] [SESSION] Session状态: 已启动
[2026-04-13 16:40:15] [INFO] [SESSION] Session ID: f310187468c2e9ca825cec1a5bc1e4ac
[2026-04-13 16:40:15] [INFO] [SESSION] Session数据: {"admin_logged_in":true,"admin_id":1,"admin_username":"admin","admin_role":"admin"}
[2026-04-13 16:40:15] [INFO] [SESSION] Session路径: C:\Windows\TEMP/php_sessions
[2026-04-13 16:40:15] [INFO] [SYSTEM] PHP版本: 8.5.1
[2026-04-13 16:40:15] [INFO] [SYSTEM] 🚀 调试系统已启动
[2026-04-13 16:40:15] [DEBUG] [SYSTEM] PHP版本: 8.5.1
[2026-04-13 16:40:15] [INFO] [APP] App配置加载完成
[2026-04-13 16:40:15] [INFO] [SESSION] Session状态: 已启动
[2026-04-13 16:40:15] [INFO] [SESSION] Session ID: f310187468c2e9ca825cec1a5bc1e4ac
[2026-04-13 16:40:15] [INFO] [SESSION] Session数据: {"admin_logged_in":true,"admin_id":1,"admin_username":"admin","admin_role":"admin"}
[2026-04-13 16:40:15] [INFO] [SESSION] Session路径: C:\Windows\TEMP/php_sessions
[2026-04-13 16:40:15] [INFO] [SYSTEM] PHP版本: 8.5.1
[2026-04-13 16:40:15] [INFO] [SYSTEM] 🚀 调试系统已启动
[2026-04-13 16:40:15] [DEBUG] [SYSTEM] PHP版本: 8.5.1
[2026-04-13 16:40:15] [INFO] [APP] App配置加载完成
[2026-04-13 16:40:15] [INFO] [SESSION] Session状态: 已启动
[2026-04-13 16:40:15] [INFO] [SESSION] Session ID: f310187468c2e9ca825cec1a5bc1e4ac
[2026-04-13 16:40:15] [INFO] [SESSION] Session数据: {"admin_logged_in":true,"admin_id":1,"admin_username":"admin","admin_role":"admin"}
[2026-04-13 16:40:15] [INFO] [SESSION] Session路径: C:\Windows\TEMP/php_sessions
[2026-04-13 16:40:15] [INFO] [SYSTEM] PHP版本: 8.5.1
[2026-04-13 16:40:15] [INFO] [SYSTEM] 🚀 调试系统已启动
[2026-04-13 16:40:15] [DEBUG] [SYSTEM] PHP版本: 8.5.1
[2026-04-13 16:40:15] [INFO] [APP] App配置加载完成
[2026-04-13 16:40:15] [INFO] [SESSION] Session状态: 已启动
[2026-04-13 16:40:15] [INFO] [SESSION] Session ID: f310187468c2e9ca825cec1a5bc1e4ac
[2026-04-13 16:40:15] [INFO] [SESSION] Session数据: {"admin_logged_in":true,"admin_id":1,"admin_username":"admin","admin_role":"admin"}
[2026-04-13 16:40:15] [INFO] [SESSION] Session路径: C:\Windows\TEMP/php_sessions
[2026-04-13 16:40:15] [INFO] [SYSTEM] PHP版本: 8.5.1
[2026-04-13 16:40:16] [INFO] [SYSTEM] 🚀 调试系统已启动
[2026-04-13 16:40:16] [DEBUG] [SYSTEM] PHP版本: 8.5.1
[2026-04-13 16:40:16] [INFO] [APP] App配置加载完成
[2026-04-13 16:40:16] [INFO] [SESSION] Session状态: 已启动
[2026-04-13 16:40:16] [INFO] [SESSION] Session ID: f310187468c2e9ca825cec1a5bc1e4ac
[2026-04-13 16:40:16] [INFO] [SESSION] Session数据: {"admin_logged_in":true,"admin_id":1,"admin_username":"admin","admin_role":"admin"}
[2026-04-13 16:40:16] [INFO] [SESSION] Session路径: C:\Windows\TEMP/php_sessions
[2026-04-13 16:40:16] [INFO] [SYSTEM] PHP版本: 8.5.1
[2026-04-13 16:40:16] [INFO] [SYSTEM] 🚀 调试系统已启动
[2026-04-13 16:40:16] [DEBUG] [SYSTEM] PHP版本: 8.5.1
[2026-04-13 16:40:16] [INFO] [APP] App配置加载完成
[2026-04-13 16:40:16] [INFO] [SESSION] Session状态: 已启动
[2026-04-13 16:40:16] [INFO] [SESSION] Session ID: f310187468c2e9ca825cec1a5bc1e4ac
[2026-04-13 16:40:16] [INFO] [SESSION] Session数据: {"admin_logged_in":true,"admin_id":1,"admin_username":"admin","admin_role":"admin"}
[2026-04-13 16:40:16] [INFO] [SESSION] Session路径: C:\Windows\TEMP/php_sessions
[2026-04-13 16:40:16] [INFO] [SYSTEM] PHP版本: 8.5.1
[2026-04-13 16:40:16] [INFO] [SYSTEM] 🚀 调试系统已启动
[2026-04-13 16:40:16] [DEBUG] [SYSTEM] PHP版本: 8.5.1
[2026-04-13 16:40:16] [INFO] [APP] App配置加载完成
[2026-04-13 16:40:16] [INFO] [SESSION] Session状态: 已启动
[2026-04-13 16:40:16] [INFO] [SESSION] Session ID: f310187468c2e9ca825cec1a5bc1e4ac
[2026-04-13 16:40:16] [INFO] [SESSION] Session数据: {"admin_logged_in":true,"admin_id":1,"admin_username":"admin","admin_role":"admin"}
[2026-04-13 16:40:16] [INFO] [SESSION] Session路径: C:\Windows\TEMP/php_sessions
[2026-04-13 16:40:16] [INFO] [SYSTEM] PHP版本: 8.5.1
[2026-04-13 16:40:16] [INFO] [SYSTEM] 🚀 调试系统已启动
[2026-04-13 16:40:16] [DEBUG] [SYSTEM] PHP版本: 8.5.1
[2026-04-13 16:40:16] [INFO] [APP] App配置加载完成
[2026-04-13 16:40:16] [INFO] [SESSION] Session状态: 已启动
[2026-04-13 16:40:16] [INFO] [SESSION] Session ID: f310187468c2e9ca825cec1a5bc1e4ac
[2026-04-13 16:40:16] [INFO] [SESSION] Session数据: {"admin_logged_in":true,"admin_id":1,"admin_username":"admin","admin_role":"admin"}
[2026-04-13 16:40:16] [INFO] [SESSION] Session路径: C:\Windows\TEMP/php_sessions
[2026-04-13 16:40:16] [INFO] [SYSTEM] PHP版本: 8.5.1
[2026-04-13 16:40:16] [INFO] [SYSTEM] 🚀 调试系统已启动
[2026-04-13 16:40:16] [DEBUG] [SYSTEM] PHP版本: 8.5.1
[2026-04-13 16:40:16] [INFO] [APP] App配置加载完成
[2026-04-13 16:40:16] [INFO] [SESSION] Session状态: 已启动
[2026-04-13 16:40:16] [INFO] [SESSION] Session ID: f310187468c2e9ca825cec1a5bc1e4ac
[2026-04-13 16:40:16] [INFO] [SESSION] Session数据: {"admin_logged_in":true,"admin_id":1,"admin_username":"admin","admin_role":"admin"}
[2026-04-13 16:40:16] [INFO] [SESSION] Session路径: C:\Windows\TEMP/php_sessions
[2026-04-13 16:40:16] [INFO] [SYSTEM] PHP版本: 8.5.1
[2026-04-13 16:40:16] [INFO] [SYSTEM] 🚀 调试系统已启动
[2026-04-13 16:40:16] [DEBUG] [SYSTEM] PHP版本: 8.5.1
[2026-04-13 16:40:16] [INFO] [APP] App配置加载完成
[2026-04-13 16:40:16] [INFO] [SESSION] Session状态: 已启动
[2026-04-13 16:40:16] [INFO] [SESSION] Session ID: f310187468c2e9ca825cec1a5bc1e4ac
[2026-04-13 16:40:16] [INFO] [SESSION] Session数据: {"admin_logged_in":true,"admin_id":1,"admin_username":"admin","admin_role":"admin"}
[2026-04-13 16:40:16] [INFO] [SESSION] Session路径: C:\Windows\TEMP/php_sessions
[2026-04-13 16:40:16] [INFO] [SYSTEM] PHP版本: 8.5.1
[2026-04-13 16:41:16] [INFO] [SYSTEM] 🚀 调试系统已启动
[2026-04-13 16:41:16] [DEBUG] [SYSTEM] PHP版本: 8.5.1
[2026-04-13 16:41:16] [INFO] [APP] App配置加载完成
[2026-04-13 16:41:16] [INFO] [SESSION] Session状态: 已启动
[2026-04-13 16:41:16] [INFO] [SESSION] Session ID: f310187468c2e9ca825cec1a5bc1e4ac
[2026-04-13 16:41:16] [INFO] [SESSION] Session数据: {"admin_logged_in":true,"admin_id":1,"admin_username":"admin","admin_role":"admin"}
[2026-04-13 16:41:16] [INFO] [SESSION] Session路径: C:\Windows\TEMP/php_sessions
[2026-04-13 16:41:16] [INFO] [SYSTEM] PHP版本: 8.5.1
[2026-04-13 16:41:16] [INFO] [SYSTEM] 🚀 调试系统已启动
[2026-04-13 16:41:16] [DEBUG] [SYSTEM] PHP版本: 8.5.1
[2026-04-13 16:41:16] [INFO] [APP] App配置加载完成
[2026-04-13 16:41:16] [INFO] [SESSION] Session状态: 已启动
[2026-04-13 16:41:16] [INFO] [SESSION] Session ID: f310187468c2e9ca825cec1a5bc1e4ac
[2026-04-13 16:41:16] [INFO] [SESSION] Session数据: {"admin_logged_in":true,"admin_id":1,"admin_username":"admin","admin_role":"admin"}
[2026-04-13 16:41:16] [INFO] [SESSION] Session路径: C:\Windows\TEMP/php_sessions
[2026-04-13 16:41:16] [INFO] [SYSTEM] PHP版本: 8.5.1
[2026-04-13 16:41:16] [INFO] [SYSTEM] 🚀 调试系统已启动
[2026-04-13 16:41:16] [DEBUG] [SYSTEM] PHP版本: 8.5.1
[2026-04-13 16:41:16] [INFO] [APP] App配置加载完成
[2026-04-13 16:41:16] [INFO] [SESSION] Session状态: 已启动
[2026-04-13 16:41:16] [INFO] [SESSION] Session ID: f310187468c2e9ca825cec1a5bc1e4ac
[2026-04-13 16:41:16] [INFO] [SESSION] Session数据: {"admin_logged_in":true,"admin_id":1,"admin_username":"admin","admin_role":"admin"}
[2026-04-13 16:41:16] [INFO] [SESSION] Session路径: C:\Windows\TEMP/php_sessions
[2026-04-13 16:41:16] [INFO] [SYSTEM] PHP版本: 8.5.1
[2026-04-13 16:41:16] [INFO] [SYSTEM] 🚀 调试系统已启动
[2026-04-13 16:41:16] [DEBUG] [SYSTEM] PHP版本: 8.5.1
[2026-04-13 16:41:16] [INFO] [APP] App配置加载完成
[2026-04-13 16:41:16] [INFO] [SESSION] Session状态: 已启动
[2026-04-13 16:41:16] [INFO] [SESSION] Session ID: f310187468c2e9ca825cec1a5bc1e4ac
[2026-04-13 16:41:16] [INFO] [SESSION] Session数据: {"admin_logged_in":true,"admin_id":1,"admin_username":"admin","admin_role":"admin"}
[2026-04-13 16:41:16] [INFO] [SESSION] Session路径: C:\Windows\TEMP/php_sessions
[2026-04-13 16:41:16] [INFO] [SYSTEM] PHP版本: 8.5.1
[2026-04-13 16:41:16] [INFO] [SYSTEM] 🚀 调试系统已启动
[2026-04-13 16:41:16] [DEBUG] [SYSTEM] PHP版本: 8.5.1
[2026-04-13 16:41:16] [INFO] [APP] App配置加载完成
[2026-04-13 16:41:16] [INFO] [SESSION] Session状态: 已启动
[2026-04-13 16:41:16] [INFO] [SESSION] Session ID: f310187468c2e9ca825cec1a5bc1e4ac
[2026-04-13 16:41:16] [INFO] [SESSION] Session数据: {"admin_logged_in":true,"admin_id":1,"admin_username":"admin","admin_role":"admin"}
[2026-04-13 16:41:16] [INFO] [SESSION] Session路径: C:\Windows\TEMP/php_sessions
[2026-04-13 16:41:16] [INFO] [SYSTEM] PHP版本: 8.5.1
[2026-04-13 16:41:16] [INFO] [SYSTEM] 🚀 调试系统已启动
[2026-04-13 16:41:16] [DEBUG] [SYSTEM] PHP版本: 8.5.1
[2026-04-13 16:41:16] [INFO] [APP] App配置加载完成
[2026-04-13 16:41:16] [INFO] [SESSION] Session状态: 已启动
[2026-04-13 16:41:16] [INFO] [SESSION] Session ID: f310187468c2e9ca825cec1a5bc1e4ac
[2026-04-13 16:41:16] [INFO] [SESSION] Session数据: {"admin_logged_in":true,"admin_id":1,"admin_username":"admin","admin_role":"admin"}
[2026-04-13 16:41:16] [INFO] [SESSION] Session路径: C:\Windows\TEMP/php_sessions
[2026-04-13 16:41:16] [INFO] [SYSTEM] PHP版本: 8.5.1
[2026-04-13 16:41:16] [INFO] [SYSTEM] 🚀 调试系统已启动
[2026-04-13 16:41:16] [DEBUG] [SYSTEM] PHP版本: 8.5.1
[2026-04-13 16:41:16] [INFO] [APP] App配置加载完成
[2026-04-13 16:41:16] [INFO] [SESSION] Session状态: 已启动
[2026-04-13 16:41:16] [INFO] [SESSION] Session ID: f310187468c2e9ca825cec1a5bc1e4ac
[2026-04-13 16:41:16] [INFO] [SESSION] Session数据: {"admin_logged_in":true,"admin_id":1,"admin_username":"admin","admin_role":"admin"}
[2026-04-13 16:41:16] [INFO] [SESSION] Session路径: C:\Windows\TEMP/php_sessions
[2026-04-13 16:41:16] [INFO] [SYSTEM] PHP版本: 8.5.1
[2026-04-13 16:41:16] [INFO] [SYSTEM] 🚀 调试系统已启动
[2026-04-13 16:41:16] [DEBUG] [SYSTEM] PHP版本: 8.5.1
[2026-04-13 16:41:16] [INFO] [APP] App配置加载完成
[2026-04-13 16:41:16] [INFO] [SESSION] Session状态: 已启动
[2026-04-13 16:41:16] [INFO] [SESSION] Session ID: f310187468c2e9ca825cec1a5bc1e4ac
[2026-04-13 16:41:16] [INFO] [SESSION] Session数据: {"admin_logged_in":true,"admin_id":1,"admin_username":"admin","admin_role":"admin"}
[2026-04-13 16:41:16] [INFO] [SESSION] Session路径: C:\Windows\TEMP/php_sessions
[2026-04-13 16:41:16] [INFO] [SYSTEM] PHP版本: 8.5.1
[2026-04-13 16:41:16] [INFO] [SYSTEM] 🚀 调试系统已启动
[2026-04-13 16:41:16] [DEBUG] [SYSTEM] PHP版本: 8.5.1
[2026-04-13 16:41:16] [INFO] [APP] App配置加载完成
[2026-04-13 16:41:16] [INFO] [SESSION] Session状态: 已启动
[2026-04-13 16:41:16] [INFO] [SESSION] Session ID: f310187468c2e9ca825cec1a5bc1e4ac
[2026-04-13 16:41:16] [INFO] [SESSION] Session数据: {"admin_logged_in":true,"admin_id":1,"admin_username":"admin","admin_role":"admin"}
[2026-04-13 16:41:16] [INFO] [SESSION] Session路径: C:\Windows\TEMP/php_sessions
[2026-04-13 16:41:16] [INFO] [SYSTEM] PHP版本: 8.5.1
[2026-04-13 16:41:16] [INFO] [SYSTEM] 🚀 调试系统已启动
[2026-04-13 16:41:16] [DEBUG] [SYSTEM] PHP版本: 8.5.1
[2026-04-13 16:41:16] [INFO] [APP] App配置加载完成
[2026-04-13 16:41:16] [INFO] [SESSION] Session状态: 已启动
[2026-04-13 16:41:16] [INFO] [SESSION] Session ID: f310187468c2e9ca825cec1a5bc1e4ac
[2026-04-13 16:41:16] [INFO] [SESSION] Session数据: {"admin_logged_in":true,"admin_id":1,"admin_username":"admin","admin_role":"admin"}
[2026-04-13 16:41:16] [INFO] [SESSION] Session路径: C:\Windows\TEMP/php_sessions
[2026-04-13 16:41:16] [INFO] [SYSTEM] PHP版本: 8.5.1
[2026-04-13 16:46:12] [INFO] [SYSTEM] 🚀 调试系统已启动
[2026-04-13 16:46:12] [DEBUG] [SYSTEM] PHP版本: 8.5.1
[2026-04-13 16:46:12] [INFO] [APP] App配置加载完成
[2026-04-13 16:46:12] [INFO] [SESSION] Session状态: 已启动
[2026-04-13 16:46:12] [INFO] [SESSION] Session ID: f310187468c2e9ca825cec1a5bc1e4ac
[2026-04-13 16:46:12] [INFO] [SESSION] Session数据: {"admin_logged_in":true,"admin_id":1,"admin_username":"admin","admin_role":"admin"}
[2026-04-13 16:46:12] [INFO] [SESSION] Session路径: C:\Windows\TEMP/php_sessions
[2026-04-13 16:46:12] [INFO] [SYSTEM] PHP版本: 8.5.1
[2026-04-13 16:46:12] [INFO] [SYSTEM] 🚀 调试系统已启动
[2026-04-13 16:46:12] [DEBUG] [SYSTEM] PHP版本: 8.5.1
[2026-04-13 16:46:12] [INFO] [APP] App配置加载完成
[2026-04-13 16:46:12] [INFO] [SESSION] Session状态: 已启动
[2026-04-13 16:46:12] [INFO] [SESSION] Session ID: f310187468c2e9ca825cec1a5bc1e4ac
[2026-04-13 16:46:12] [INFO] [SESSION] Session数据: {"admin_logged_in":true,"admin_id":1,"admin_username":"admin","admin_role":"admin"}
[2026-04-13 16:46:12] [INFO] [SESSION] Session路径: C:\Windows\TEMP/php_sessions
[2026-04-13 16:46:12] [INFO] [SYSTEM] PHP版本: 8.5.1
[2026-04-13 16:46:12] [INFO] [SYSTEM] 🚀 调试系统已启动
[2026-04-13 16:46:12] [DEBUG] [SYSTEM] PHP版本: 8.5.1
[2026-04-13 16:46:12] [INFO] [APP] App配置加载完成
[2026-04-13 16:46:12] [INFO] [SESSION] Session状态: 已启动
[2026-04-13 16:46:12] [INFO] [SESSION] Session ID: f310187468c2e9ca825cec1a5bc1e4ac
[2026-04-13 16:46:12] [INFO] [SESSION] Session数据: {"admin_logged_in":true,"admin_id":1,"admin_username":"admin","admin_role":"admin"}
[2026-04-13 16:46:12] [INFO] [SESSION] Session路径: C:\Windows\TEMP/php_sessions
[2026-04-13 16:46:12] [INFO] [SYSTEM] PHP版本: 8.5.1
[2026-04-13 16:46:14] [INFO] [SYSTEM] 🚀 调试系统已启动
[2026-04-13 16:46:14] [DEBUG] [SYSTEM] PHP版本: 8.5.1
[2026-04-13 16:46:14] [INFO] [APP] App配置加载完成
[2026-04-13 16:46:14] [INFO] [SESSION] Session状态: 已启动
[2026-04-13 16:46:14] [INFO] [SESSION] Session ID: f310187468c2e9ca825cec1a5bc1e4ac
[2026-04-13 16:46:14] [INFO] [SESSION] Session数据: {"admin_logged_in":true,"admin_id":1,"admin_username":"admin","admin_role":"admin"}
[2026-04-13 16:46:14] [INFO] [SESSION] Session路径: C:\Windows\TEMP/php_sessions
[2026-04-13 16:46:14] [INFO] [SYSTEM] PHP版本: 8.5.1
[2026-04-13 16:46:14] [INFO] [SYSTEM] 🚀 调试系统已启动
[2026-04-13 16:46:14] [DEBUG] [SYSTEM] PHP版本: 8.5.1
[2026-04-13 16:46:14] [INFO] [APP] App配置加载完成
[2026-04-13 16:46:14] [INFO] [SESSION] Session状态: 已启动
[2026-04-13 16:46:14] [INFO] [SESSION] Session ID: f310187468c2e9ca825cec1a5bc1e4ac
[2026-04-13 16:46:14] [INFO] [SESSION] Session数据: {"admin_logged_in":true,"admin_id":1,"admin_username":"admin","admin_role":"admin"}
[2026-04-13 16:46:14] [INFO] [SESSION] Session路径: C:\Windows\TEMP/php_sessions
[2026-04-13 16:46:14] [INFO] [SYSTEM] PHP版本: 8.5.1
[2026-04-13 16:46:14] [INFO] [SYSTEM] 🚀 调试系统已启动
[2026-04-13 16:46:14] [DEBUG] [SYSTEM] PHP版本: 8.5.1
[2026-04-13 16:46:14] [INFO] [APP] App配置加载完成
[2026-04-13 16:46:14] [INFO] [SESSION] Session状态: 已启动
[2026-04-13 16:46:14] [INFO] [SESSION] Session ID: f310187468c2e9ca825cec1a5bc1e4ac
[2026-04-13 16:46:14] [INFO] [SESSION] Session数据: {"admin_logged_in":true,"admin_id":1,"admin_username":"admin","admin_role":"admin"}
[2026-04-13 16:46:14] [INFO] [SESSION] Session路径: C:\Windows\TEMP/php_sessions
[2026-04-13 16:46:14] [INFO] [SYSTEM] PHP版本: 8.5.1
[2026-04-13 16:53:37] [INFO] [SYSTEM] 🚀 调试系统已启动
[2026-04-13 16:53:37] [DEBUG] [SYSTEM] PHP版本: 8.5.1
[2026-04-13 16:53:37] [INFO] [APP] App配置加载完成
[2026-04-13 16:53:37] [INFO] [SESSION] Session状态: 未启动
[2026-04-13 16:53:37] [INFO] [SESSION] Session路径: C:\\BtSoft\temp\session
[2026-04-13 16:53:37] [INFO] [SYSTEM] PHP版本: 8.5.1
[2026-04-13 16:53:37] [INFO] [SYSTEM] 🚀 调试系统已启动
[2026-04-13 16:53:37] [DEBUG] [SYSTEM] PHP版本: 8.5.1
[2026-04-13 16:53:37] [INFO] [APP] App配置加载完成
[2026-04-13 16:53:37] [INFO] [SESSION] Session状态: 未启动
[2026-04-13 16:53:37] [INFO] [SESSION] Session路径: C:\\BtSoft\temp\session
[2026-04-13 16:53:37] [INFO] [SYSTEM] PHP版本: 8.5.1
[2026-04-13 16:53:37] [INFO] [SYSTEM] 🚀 调试系统已启动
[2026-04-13 16:53:37] [DEBUG] [SYSTEM] PHP版本: 8.5.1
[2026-04-13 16:53:37] [INFO] [APP] App配置加载完成
[2026-04-13 16:53:37] [INFO] [SESSION] Session状态: 未启动
[2026-04-13 16:53:37] [INFO] [SESSION] Session路径: C:\\BtSoft\temp\session
[2026-04-13 16:53:37] [INFO] [SYSTEM] PHP版本: 8.5.1
[2026-04-13 16:53:50] [INFO] [SYSTEM] 🚀 调试系统已启动
[2026-04-13 16:53:50] [DEBUG] [SYSTEM] PHP版本: 8.5.1
[2026-04-13 16:53:50] [INFO] [APP] App配置加载完成
[2026-04-13 16:53:50] [INFO] [SESSION] Session状态: 未启动
[2026-04-13 16:53:50] [INFO] [SESSION] Session路径: C:\\BtSoft\temp\session
[2026-04-13 16:53:50] [INFO] [SYSTEM] PHP版本: 8.5.1
[2026-04-13 16:53:50] [INFO] [SYSTEM] 🚀 调试系统已启动
[2026-04-13 16:53:50] [DEBUG] [SYSTEM] PHP版本: 8.5.1
[2026-04-13 16:53:50] [INFO] [APP] App配置加载完成
[2026-04-13 16:53:50] [INFO] [SESSION] Session状态: 未启动
[2026-04-13 16:53:50] [INFO] [SESSION] Session路径: C:\\BtSoft\temp\session
[2026-04-13 16:53:50] [INFO] [SYSTEM] PHP版本: 8.5.1
[2026-04-13 16:53:54] [INFO] [SYSTEM] 🚀 调试系统已启动
[2026-04-13 16:53:54] [DEBUG] [SYSTEM] PHP版本: 8.5.1
[2026-04-13 16:53:54] [INFO] [APP] App配置加载完成
[2026-04-13 16:53:54] [INFO] [SESSION] Session状态: 未启动
[2026-04-13 16:53:54] [INFO] [SESSION] Session路径: C:\\BtSoft\temp\session
[2026-04-13 16:53:54] [INFO] [SYSTEM] PHP版本: 8.5.1
[2026-04-13 16:53:54] [INFO] [SYSTEM] 🚀 调试系统已启动
[2026-04-13 16:53:54] [DEBUG] [SYSTEM] PHP版本: 8.5.1
[2026-04-13 16:53:54] [INFO] [APP] App配置加载完成
[2026-04-13 16:53:54] [INFO] [SESSION] Session状态: 未启动
[2026-04-13 16:53:54] [INFO] [SESSION] Session路径: C:\\BtSoft\temp\session
[2026-04-13 16:53:54] [INFO] [SYSTEM] PHP版本: 8.5.1
[2026-04-13 16:56:25] [INFO] [SYSTEM] 🚀 调试系统已启动
[2026-04-13 16:56:25] [DEBUG] [SYSTEM] PHP版本: 8.5.1
[2026-04-13 16:56:25] [INFO] [APP] App配置加载完成
[2026-04-13 16:56:25] [INFO] [SESSION] Session状态: 未启动
[2026-04-13 16:56:25] [INFO] [SESSION] Session路径: C:\\BtSoft\temp\session
[2026-04-13 16:56:25] [INFO] [SYSTEM] PHP版本: 8.5.1
[2026-04-13 16:56:25] [INFO] [SYSTEM] 🚀 调试系统已启动
[2026-04-13 16:56:25] [DEBUG] [SYSTEM] PHP版本: 8.5.1
[2026-04-13 16:56:25] [INFO] [APP] App配置加载完成
[2026-04-13 16:56:25] [INFO] [SESSION] Session状态: 未启动
[2026-04-13 16:56:25] [INFO] [SESSION] Session路径: C:\\BtSoft\temp\session
[2026-04-13 16:56:25] [INFO] [SYSTEM] PHP版本: 8.5.1
[2026-04-13 16:56:29] [INFO] [SYSTEM] 🚀 调试系统已启动
[2026-04-13 16:56:29] [DEBUG] [SYSTEM] PHP版本: 8.5.1
[2026-04-13 16:56:29] [INFO] [APP] App配置加载完成
[2026-04-13 16:56:29] [INFO] [SESSION] Session状态: 未启动
[2026-04-13 16:56:29] [INFO] [SESSION] Session路径: C:\\BtSoft\temp\session
[2026-04-13 16:56:29] [INFO] [SYSTEM] PHP版本: 8.5.1
[2026-04-13 16:56:30] [INFO] [SYSTEM] 🚀 调试系统已启动
[2026-04-13 16:56:30] [DEBUG] [SYSTEM] PHP版本: 8.5.1
[2026-04-13 16:56:30] [INFO] [APP] App配置加载完成
[2026-04-13 16:56:30] [INFO] [SESSION] Session状态: 未启动
[2026-04-13 16:56:30] [INFO] [SESSION] Session路径: C:\\BtSoft\temp\session
[2026-04-13 16:56:30] [INFO] [SYSTEM] PHP版本: 8.5.1
[2026-04-13 16:56:30] [INFO] [SYSTEM] 🚀 调试系统已启动
[2026-04-13 16:56:30] [DEBUG] [SYSTEM] PHP版本: 8.5.1
[2026-04-13 16:56:30] [INFO] [APP] App配置加载完成
[2026-04-13 16:56:30] [INFO] [SESSION] Session状态: 未启动
[2026-04-13 16:56:30] [INFO] [SESSION] Session路径: C:\\BtSoft\temp\session
[2026-04-13 16:56:30] [INFO] [SYSTEM] PHP版本: 8.5.1
[2026-04-13 16:56:30] [INFO] [SYSTEM] 🚀 调试系统已启动
[2026-04-13 16:56:30] [DEBUG] [SYSTEM] PHP版本: 8.5.1
[2026-04-13 16:56:30] [INFO] [APP] App配置加载完成
[2026-04-13 16:56:30] [INFO] [SESSION] Session状态: 未启动
[2026-04-13 16:56:30] [INFO] [SESSION] Session路径: C:\\BtSoft\temp\session
[2026-04-13 16:56:30] [INFO] [SYSTEM] PHP版本: 8.5.1
[2026-04-13 16:59:48] [INFO] [SYSTEM] 🚀 调试系统已启动
[2026-04-13 16:59:48] [DEBUG] [SYSTEM] PHP版本: 8.5.1
[2026-04-13 16:59:48] [INFO] [APP] App配置加载完成
[2026-04-13 16:59:48] [INFO] [SESSION] Session状态: 未启动
[2026-04-13 16:59:48] [INFO] [SESSION] Session路径: C:\\BtSoft\temp\session
[2026-04-13 16:59:48] [INFO] [SYSTEM] PHP版本: 8.5.1
[2026-04-13 16:59:48] [INFO] [SYSTEM] 🚀 调试系统已启动
[2026-04-13 16:59:48] [DEBUG] [SYSTEM] PHP版本: 8.5.1
[2026-04-13 16:59:48] [INFO] [APP] App配置加载完成
[2026-04-13 16:59:48] [INFO] [SESSION] Session状态: 未启动
[2026-04-13 16:59:48] [INFO] [SESSION] Session路径: C:\\BtSoft\temp\session
[2026-04-13 16:59:48] [INFO] [SYSTEM] PHP版本: 8.5.1
[2026-04-13 16:59:48] [INFO] [SYSTEM] 🚀 调试系统已启动
[2026-04-13 16:59:48] [DEBUG] [SYSTEM] PHP版本: 8.5.1
[2026-04-13 16:59:48] [INFO] [APP] App配置加载完成
[2026-04-13 16:59:48] [INFO] [SESSION] Session状态: 未启动
[2026-04-13 16:59:48] [INFO] [SESSION] Session路径: C:\\BtSoft\temp\session
[2026-04-13 16:59:48] [INFO] [SYSTEM] PHP版本: 8.5.1
[2026-04-13 16:59:52] [INFO] [SYSTEM] 🚀 调试系统已启动
[2026-04-13 16:59:52] [DEBUG] [SYSTEM] PHP版本: 8.5.1
[2026-04-13 16:59:52] [INFO] [APP] App配置加载完成
[2026-04-13 16:59:52] [INFO] [SESSION] Session状态: 未启动
[2026-04-13 16:59:52] [INFO] [SESSION] Session路径: C:\\BtSoft\temp\session
[2026-04-13 16:59:52] [INFO] [SYSTEM] PHP版本: 8.5.1
[2026-04-13 17:05:30] [INFO] [SYSTEM] 🚀 调试系统已启动
[2026-04-13 17:05:30] [DEBUG] [SYSTEM] PHP版本: 8.5.1
[2026-04-13 17:05:30] [INFO] [APP] App配置加载完成
[2026-04-13 17:05:30] [INFO] [SESSION] Session状态: 未启动
[2026-04-13 17:05:30] [INFO] [SESSION] Session路径: C:\\BtSoft\temp\session
[2026-04-13 17:05:30] [INFO] [SYSTEM] PHP版本: 8.5.1
[2026-04-13 17:05:38] [INFO] [SYSTEM] 🚀 调试系统已启动
[2026-04-13 17:05:38] [DEBUG] [SYSTEM] PHP版本: 8.5.1
[2026-04-13 17:05:38] [INFO] [APP] App配置加载完成
[2026-04-13 17:05:38] [INFO] [SESSION] Session状态: 未启动
[2026-04-13 17:05:38] [INFO] [SESSION] Session路径: C:\\BtSoft\temp\session
[2026-04-13 17:05:38] [INFO] [SYSTEM] PHP版本: 8.5.1
[2026-04-13 17:05:38] [INFO] [SYSTEM] 🚀 调试系统已启动
[2026-04-13 17:05:38] [DEBUG] [SYSTEM] PHP版本: 8.5.1
[2026-04-13 17:05:38] [INFO] [APP] App配置加载完成
[2026-04-13 17:05:38] [INFO] [SESSION] Session状态: 未启动
[2026-04-13 17:05:38] [INFO] [SESSION] Session路径: C:\\BtSoft\temp\session
[2026-04-13 17:05:38] [INFO] [SYSTEM] PHP版本: 8.5.1
[2026-04-13 17:09:27] [INFO] [SYSTEM] 🚀 调试系统已启动
[2026-04-13 17:09:27] [DEBUG] [SYSTEM] PHP版本: 8.5.1
[2026-04-13 17:09:27] [INFO] [APP] App配置加载完成
[2026-04-13 17:09:27] [INFO] [SESSION] Session状态: 未启动
[2026-04-13 17:09:27] [INFO] [SESSION] Session路径: C:\\BtSoft\temp\session
[2026-04-13 17:09:27] [INFO] [SYSTEM] PHP版本: 8.5.1
[2026-04-13 17:10:54] [INFO] [SYSTEM] 🚀 调试系统已启动
[2026-04-13 17:10:54] [DEBUG] [SYSTEM] PHP版本: 8.5.1
[2026-04-13 17:10:54] [INFO] [APP] App配置加载完成
[2026-04-13 17:10:54] [INFO] [SESSION] Session状态: 未启动
[2026-04-13 17:10:54] [INFO] [SESSION] Session路径: C:\\BtSoft\temp\session
[2026-04-13 17:10:54] [INFO] [SYSTEM] PHP版本: 8.5.1
[2026-04-13 17:10:59] [INFO] [SYSTEM] 🚀 调试系统已启动
[2026-04-13 17:10:59] [DEBUG] [SYSTEM] PHP版本: 8.5.1
[2026-04-13 17:10:59] [INFO] [APP] App配置加载完成
[2026-04-13 17:10:59] [INFO] [SESSION] Session状态: 未启动
[2026-04-13 17:10:59] [INFO] [SESSION] Session路径: C:\\BtSoft\temp\session
[2026-04-13 17:10:59] [INFO] [SYSTEM] PHP版本: 8.5.1
[2026-04-13 17:11:00] [INFO] [SYSTEM] 🚀 调试系统已启动
[2026-04-13 17:11:00] [DEBUG] [SYSTEM] PHP版本: 8.5.1
[2026-04-13 17:11:00] [INFO] [APP] App配置加载完成
[2026-04-13 17:11:00] [INFO] [SESSION] Session状态: 未启动
[2026-04-13 17:11:00] [INFO] [SESSION] Session路径: C:\\BtSoft\temp\session
[2026-04-13 17:11:00] [INFO] [SYSTEM] PHP版本: 8.5.1
[2026-04-13 17:11:04] [INFO] [SYSTEM] 🚀 调试系统已启动
[2026-04-13 17:11:04] [DEBUG] [SYSTEM] PHP版本: 8.5.1
[2026-04-13 17:11:04] [INFO] [APP] App配置加载完成
[2026-04-13 17:11:04] [INFO] [SESSION] Session状态: 未启动
[2026-04-13 17:11:04] [INFO] [SESSION] Session路径: C:\\BtSoft\temp\session
[2026-04-13 17:11:04] [INFO] [SYSTEM] PHP版本: 8.5.1
[2026-04-13 17:11:10] [INFO] [SYSTEM] 🚀 调试系统已启动
[2026-04-13 17:11:10] [DEBUG] [SYSTEM] PHP版本: 8.5.1
[2026-04-13 17:11:10] [INFO] [APP] App配置加载完成
[2026-04-13 17:11:10] [INFO] [SESSION] Session状态: 未启动
[2026-04-13 17:11:10] [INFO] [SESSION] Session路径: C:\\BtSoft\temp\session
[2026-04-13 17:11:10] [INFO] [SYSTEM] PHP版本: 8.5.1
[2026-04-13 17:11:10] [INFO] [SYSTEM] 🚀 调试系统已启动
[2026-04-13 17:11:10] [DEBUG] [SYSTEM] PHP版本: 8.5.1
[2026-04-13 17:11:10] [INFO] [APP] App配置加载完成
[2026-04-13 17:11:10] [INFO] [SESSION] Session状态: 未启动
[2026-04-13 17:11:10] [INFO] [SESSION] Session路径: C:\\BtSoft\temp\session
[2026-04-13 17:11:10] [INFO] [SYSTEM] PHP版本: 8.5.1
[2026-04-13 17:11:10] [INFO] [SYSTEM] 🚀 调试系统已启动
[2026-04-13 17:11:10] [DEBUG] [SYSTEM] PHP版本: 8.5.1
[2026-04-13 17:11:11] [INFO] [APP] App配置加载完成
[2026-04-13 17:11:11] [INFO] [SESSION] Session状态: 未启动
[2026-04-13 17:11:11] [INFO] [SESSION] Session路径: C:\\BtSoft\temp\session
[2026-04-13 17:11:11] [INFO] [SYSTEM] PHP版本: 8.5.1
[2026-04-13 17:11:34] [INFO] [SYSTEM] 🚀 调试系统已启动
[2026-04-13 17:11:34] [DEBUG] [SYSTEM] PHP版本: 8.5.1
[2026-04-13 17:11:34] [INFO] [APP] App配置加载完成
[2026-04-13 17:11:34] [INFO] [SESSION] Session状态: 未启动
[2026-04-13 17:11:34] [INFO] [SESSION] Session路径: C:\\BtSoft\temp\session
[2026-04-13 17:11:34] [INFO] [SYSTEM] PHP版本: 8.5.1
[2026-04-13 17:11:35] [INFO] [SYSTEM] 🚀 调试系统已启动
[2026-04-13 17:11:35] [DEBUG] [SYSTEM] PHP版本: 8.5.1
[2026-04-13 17:11:35] [INFO] [APP] App配置加载完成
[2026-04-13 17:11:35] [INFO] [SESSION] Session状态: 未启动
[2026-04-13 17:11:35] [INFO] [SESSION] Session路径: C:\\BtSoft\temp\session
[2026-04-13 17:11:35] [INFO] [SYSTEM] PHP版本: 8.5.1
[2026-04-13 17:11:35] [INFO] [SYSTEM] 🚀 调试系统已启动
[2026-04-13 17:11:35] [DEBUG] [SYSTEM] PHP版本: 8.5.1
[2026-04-13 17:11:35] [INFO] [APP] App配置加载完成
[2026-04-13 17:11:35] [INFO] [SESSION] Session状态: 未启动
[2026-04-13 17:11:35] [INFO] [SESSION] Session路径: C:\\BtSoft\temp\session
[2026-04-13 17:11:35] [INFO] [SYSTEM] PHP版本: 8.5.1
[2026-04-13 17:11:35] [INFO] [SYSTEM] 🚀 调试系统已启动
[2026-04-13 17:11:35] [DEBUG] [SYSTEM] PHP版本: 8.5.1
[2026-04-13 17:11:35] [INFO] [APP] App配置加载完成
[2026-04-13 17:11:35] [INFO] [SESSION] Session状态: 未启动
[2026-04-13 17:11:35] [INFO] [SESSION] Session路径: C:\\BtSoft\temp\session
[2026-04-13 17:11:35] [INFO] [SYSTEM] PHP版本: 8.5.1
[2026-04-13 17:17:41] [INFO] [SYSTEM] 🚀 调试系统已启动
[2026-04-13 17:17:41] [DEBUG] [SYSTEM] PHP版本: 8.5.1
[2026-04-13 17:17:41] [INFO] [APP] App配置加载完成
[2026-04-13 17:17:41] [INFO] [SESSION] Session状态: 未启动
[2026-04-13 17:17:41] [INFO] [SESSION] Session路径: C:\\BtSoft\temp\session
[2026-04-13 17:17:41] [INFO] [SYSTEM] PHP版本: 8.5.1
[2026-04-13 17:17:42] [INFO] [SYSTEM] 🚀 调试系统已启动
[2026-04-13 17:17:42] [DEBUG] [SYSTEM] PHP版本: 8.5.1
[2026-04-13 17:17:42] [INFO] [APP] App配置加载完成
[2026-04-13 17:17:42] [INFO] [SESSION] Session状态: 未启动
[2026-04-13 17:17:42] [INFO] [SESSION] Session路径: C:\\BtSoft\temp\session
[2026-04-13 17:17:42] [INFO] [SYSTEM] PHP版本: 8.5.1
[2026-04-13 17:17:42] [INFO] [SYSTEM] 🚀 调试系统已启动
[2026-04-13 17:17:42] [DEBUG] [SYSTEM] PHP版本: 8.5.1
[2026-04-13 17:17:42] [INFO] [APP] App配置加载完成
[2026-04-13 17:17:42] [INFO] [SESSION] Session状态: 未启动
[2026-04-13 17:17:42] [INFO] [SESSION] Session路径: C:\\BtSoft\temp\session
[2026-04-13 17:17:42] [INFO] [SYSTEM] PHP版本: 8.5.1
[2026-04-13 17:17:44] [INFO] [SYSTEM] 🚀 调试系统已启动
[2026-04-13 17:17:44] [DEBUG] [SYSTEM] PHP版本: 8.5.1
[2026-04-13 17:17:44] [INFO] [APP] App配置加载完成
[2026-04-13 17:17:44] [INFO] [SESSION] Session状态: 未启动
[2026-04-13 17:17:44] [INFO] [SESSION] Session路径: C:\\BtSoft\temp\session
[2026-04-13 17:17:44] [INFO] [SYSTEM] PHP版本: 8.5.1
[2026-04-13 17:17:44] [INFO] [SYSTEM] 🚀 调试系统已启动
[2026-04-13 17:17:44] [DEBUG] [SYSTEM] PHP版本: 8.5.1
[2026-04-13 17:17:44] [INFO] [APP] App配置加载完成
[2026-04-13 17:17:44] [INFO] [SESSION] Session状态: 未启动
[2026-04-13 17:17:44] [INFO] [SESSION] Session路径: C:\\BtSoft\temp\session
[2026-04-13 17:17:44] [INFO] [SYSTEM] PHP版本: 8.5.1
[2026-04-13 17:17:44] [INFO] [SYSTEM] 🚀 调试系统已启动
[2026-04-13 17:17:44] [DEBUG] [SYSTEM] PHP版本: 8.5.1
[2026-04-13 17:17:44] [INFO] [APP] App配置加载完成
[2026-04-13 17:17:44] [INFO] [SESSION] Session状态: 未启动
[2026-04-13 17:17:44] [INFO] [SESSION] Session路径: C:\\BtSoft\temp\session
[2026-04-13 17:17:44] [INFO] [SYSTEM] PHP版本: 8.5.1
[2026-04-13 17:17:45] [INFO] [SYSTEM] 🚀 调试系统已启动
[2026-04-13 17:17:45] [DEBUG] [SYSTEM] PHP版本: 8.5.1
[2026-04-13 17:17:45] [INFO] [APP] App配置加载完成
[2026-04-13 17:17:45] [INFO] [SESSION] Session状态: 未启动
[2026-04-13 17:17:45] [INFO] [SESSION] Session路径: C:\\BtSoft\temp\session
[2026-04-13 17:17:45] [INFO] [SYSTEM] PHP版本: 8.5.1
[2026-04-13 17:17:45] [INFO] [SYSTEM] 🚀 调试系统已启动
[2026-04-13 17:17:45] [DEBUG] [SYSTEM] PHP版本: 8.5.1
[2026-04-13 17:17:45] [INFO] [APP] App配置加载完成
[2026-04-13 17:17:45] [INFO] [SESSION] Session状态: 未启动
[2026-04-13 17:17:45] [INFO] [SESSION] Session路径: C:\\BtSoft\temp\session
[2026-04-13 17:17:45] [INFO] [SYSTEM] PHP版本: 8.5.1
[2026-04-13 17:17:45] [INFO] [SYSTEM] 🚀 调试系统已启动
[2026-04-13 17:17:45] [DEBUG] [SYSTEM] PHP版本: 8.5.1
[2026-04-13 17:17:45] [INFO] [APP] App配置加载完成
[2026-04-13 17:17:45] [INFO] [SESSION] Session状态: 未启动
[2026-04-13 17:17:45] [INFO] [SESSION] Session路径: C:\\BtSoft\temp\session
[2026-04-13 17:17:45] [INFO] [SYSTEM] PHP版本: 8.5.1
[2026-04-13 17:17:54] [INFO] [SYSTEM] 🚀 调试系统已启动
[2026-04-13 17:17:54] [DEBUG] [SYSTEM] PHP版本: 8.5.1
[2026-04-13 17:17:54] [INFO] [APP] App配置加载完成
[2026-04-13 17:17:54] [INFO] [SESSION] Session状态: 未启动
[2026-04-13 17:17:54] [INFO] [SESSION] Session路径: C:\\BtSoft\temp\session
[2026-04-13 17:17:54] [INFO] [SYSTEM] PHP版本: 8.5.1
[2026-04-13 17:17:55] [INFO] [SYSTEM] 🚀 调试系统已启动
[2026-04-13 17:17:55] [DEBUG] [SYSTEM] PHP版本: 8.5.1
[2026-04-13 17:17:55] [INFO] [APP] App配置加载完成
[2026-04-13 17:17:55] [INFO] [SESSION] Session状态: 未启动
[2026-04-13 17:17:55] [INFO] [SESSION] Session路径: C:\\BtSoft\temp\session
[2026-04-13 17:17:55] [INFO] [SYSTEM] PHP版本: 8.5.1
[2026-04-13 17:17:55] [INFO] [SYSTEM] 🚀 调试系统已启动
[2026-04-13 17:17:55] [DEBUG] [SYSTEM] PHP版本: 8.5.1
[2026-04-13 17:17:55] [INFO] [APP] App配置加载完成
[2026-04-13 17:17:55] [INFO] [SESSION] Session状态: 未启动
[2026-04-13 17:17:55] [INFO] [SESSION] Session路径: C:\\BtSoft\temp\session
[2026-04-13 17:17:55] [INFO] [SYSTEM] PHP版本: 8.5.1
[2026-04-13 17:17:56] [INFO] [SYSTEM] 🚀 调试系统已启动
[2026-04-13 17:17:56] [DEBUG] [SYSTEM] PHP版本: 8.5.1
[2026-04-13 17:17:56] [INFO] [APP] App配置加载完成
[2026-04-13 17:17:56] [INFO] [SESSION] Session状态: 未启动
[2026-04-13 17:17:56] [INFO] [SESSION] Session路径: C:\\BtSoft\temp\session
[2026-04-13 17:17:56] [INFO] [SYSTEM] PHP版本: 8.5.1
[2026-04-13 17:17:57] [INFO] [SYSTEM] 🚀 调试系统已启动
[2026-04-13 17:17:57] [DEBUG] [SYSTEM] PHP版本: 8.5.1
[2026-04-13 17:17:57] [INFO] [APP] App配置加载完成
[2026-04-13 17:17:57] [INFO] [SESSION] Session状态: 未启动
[2026-04-13 17:17:57] [INFO] [SESSION] Session路径: C:\\BtSoft\temp\session
[2026-04-13 17:17:57] [INFO] [SYSTEM] PHP版本: 8.5.1
[2026-04-13 17:17:57] [INFO] [SYSTEM] 🚀 调试系统已启动
[2026-04-13 17:17:57] [DEBUG] [SYSTEM] PHP版本: 8.5.1
[2026-04-13 17:17:57] [INFO] [APP] App配置加载完成
[2026-04-13 17:17:57] [INFO] [SESSION] Session状态: 未启动
[2026-04-13 17:17:57] [INFO] [SESSION] Session路径: C:\\BtSoft\temp\session
[2026-04-13 17:17:57] [INFO] [SYSTEM] PHP版本: 8.5.1
[2026-04-13 17:17:58] [INFO] [SYSTEM] 🚀 调试系统已启动
[2026-04-13 17:17:58] [DEBUG] [SYSTEM] PHP版本: 8.5.1
[2026-04-13 17:17:58] [INFO] [APP] App配置加载完成
[2026-04-13 17:17:58] [INFO] [SESSION] Session状态: 未启动
[2026-04-13 17:17:58] [INFO] [SESSION] Session路径: C:\\BtSoft\temp\session
[2026-04-13 17:17:58] [INFO] [SYSTEM] PHP版本: 8.5.1
[2026-04-13 17:17:58] [INFO] [SYSTEM] 🚀 调试系统已启动
[2026-04-13 17:17:58] [DEBUG] [SYSTEM] PHP版本: 8.5.1
[2026-04-13 17:17:58] [INFO] [APP] App配置加载完成
[2026-04-13 17:17:58] [INFO] [SESSION] Session状态: 未启动
[2026-04-13 17:17:58] [INFO] [SESSION] Session路径: C:\\BtSoft\temp\session
[2026-04-13 17:17:58] [INFO] [SYSTEM] PHP版本: 8.5.1
[2026-04-13 17:17:58] [INFO] [SYSTEM] 🚀 调试系统已启动
[2026-04-13 17:17:58] [DEBUG] [SYSTEM] PHP版本: 8.5.1
[2026-04-13 17:17:58] [INFO] [APP] App配置加载完成
[2026-04-13 17:17:58] [INFO] [SESSION] Session状态: 未启动
[2026-04-13 17:17:58] [INFO] [SESSION] Session路径: C:\\BtSoft\temp\session
[2026-04-13 17:17:58] [INFO] [SYSTEM] PHP版本: 8.5.1
[2026-04-13 17:17:59] [INFO] [SYSTEM] 🚀 调试系统已启动
[2026-04-13 17:17:59] [DEBUG] [SYSTEM] PHP版本: 8.5.1
[2026-04-13 17:17:59] [INFO] [APP] App配置加载完成
[2026-04-13 17:17:59] [INFO] [SESSION] Session状态: 未启动
[2026-04-13 17:17:59] [INFO] [SESSION] Session路径: C:\\BtSoft\temp\session
[2026-04-13 17:17:59] [INFO] [SYSTEM] PHP版本: 8.5.1
[2026-04-13 17:17:59] [INFO] [SYSTEM] 🚀 调试系统已启动
[2026-04-13 17:17:59] [DEBUG] [SYSTEM] PHP版本: 8.5.1
[2026-04-13 17:17:59] [INFO] [APP] App配置加载完成
[2026-04-13 17:17:59] [INFO] [SESSION] Session状态: 未启动
[2026-04-13 17:17:59] [INFO] [SESSION] Session路径: C:\\BtSoft\temp\session
[2026-04-13 17:17:59] [INFO] [SYSTEM] PHP版本: 8.5.1
[2026-04-13 17:17:59] [INFO] [SYSTEM] 🚀 调试系统已启动
[2026-04-13 17:17:59] [DEBUG] [SYSTEM] PHP版本: 8.5.1
[2026-04-13 17:17:59] [INFO] [APP] App配置加载完成
[2026-04-13 17:17:59] [INFO] [SESSION] Session状态: 未启动
[2026-04-13 17:17:59] [INFO] [SESSION] Session路径: C:\\BtSoft\temp\session
[2026-04-13 17:17:59] [INFO] [SYSTEM] PHP版本: 8.5.1
[2026-04-13 17:18:00] [INFO] [SYSTEM] 🚀 调试系统已启动
[2026-04-13 17:18:00] [DEBUG] [SYSTEM] PHP版本: 8.5.1
[2026-04-13 17:18:00] [INFO] [APP] App配置加载完成
[2026-04-13 17:18:00] [INFO] [SESSION] Session状态: 未启动
[2026-04-13 17:18:00] [INFO] [SESSION] Session路径: C:\\BtSoft\temp\session
[2026-04-13 17:18:00] [INFO] [SYSTEM] PHP版本: 8.5.1
[2026-04-13 17:18:00] [INFO] [SYSTEM] 🚀 调试系统已启动
[2026-04-13 17:18:00] [DEBUG] [SYSTEM] PHP版本: 8.5.1
[2026-04-13 17:18:00] [INFO] [APP] App配置加载完成
[2026-04-13 17:18:00] [INFO] [SESSION] Session状态: 未启动
[2026-04-13 17:18:00] [INFO] [SESSION] Session路径: C:\\BtSoft\temp\session
[2026-04-13 17:18:00] [INFO] [SYSTEM] PHP版本: 8.5.1
[2026-04-13 17:18:00] [INFO] [SYSTEM] 🚀 调试系统已启动
[2026-04-13 17:18:00] [DEBUG] [SYSTEM] PHP版本: 8.5.1
[2026-04-13 17:18:00] [INFO] [APP] App配置加载完成
[2026-04-13 17:18:00] [INFO] [SESSION] Session状态: 未启动
[2026-04-13 17:18:00] [INFO] [SESSION] Session路径: C:\\BtSoft\temp\session
[2026-04-13 17:18:00] [INFO] [SYSTEM] PHP版本: 8.5.1
[2026-04-13 17:18:01] [INFO] [SYSTEM] 🚀 调试系统已启动
[2026-04-13 17:18:01] [DEBUG] [SYSTEM] PHP版本: 8.5.1
[2026-04-13 17:18:01] [INFO] [APP] App配置加载完成
[2026-04-13 17:18:01] [INFO] [SESSION] Session状态: 未启动
[2026-04-13 17:18:01] [INFO] [SESSION] Session路径: C:\\BtSoft\temp\session
[2026-04-13 17:18:01] [INFO] [SYSTEM] PHP版本: 8.5.1
[2026-04-13 17:18:01] [INFO] [SYSTEM] 🚀 调试系统已启动
[2026-04-13 17:18:01] [DEBUG] [SYSTEM] PHP版本: 8.5.1
[2026-04-13 17:18:01] [INFO] [APP] App配置加载完成
[2026-04-13 17:18:01] [INFO] [SESSION] Session状态: 未启动
[2026-04-13 17:18:01] [INFO] [SESSION] Session路径: C:\\BtSoft\temp\session
[2026-04-13 17:18:01] [INFO] [SYSTEM] PHP版本: 8.5.1
[2026-04-13 17:18:01] [INFO] [SYSTEM] 🚀 调试系统已启动
[2026-04-13 17:18:01] [DEBUG] [SYSTEM] PHP版本: 8.5.1
[2026-04-13 17:18:01] [INFO] [APP] App配置加载完成
[2026-04-13 17:18:01] [INFO] [SESSION] Session状态: 未启动
[2026-04-13 17:18:01] [INFO] [SESSION] Session路径: C:\\BtSoft\temp\session
[2026-04-13 17:18:01] [INFO] [SYSTEM] PHP版本: 8.5.1
[2026-04-13 17:18:01] [INFO] [SYSTEM] 🚀 调试系统已启动
[2026-04-13 17:18:01] [DEBUG] [SYSTEM] PHP版本: 8.5.1
[2026-04-13 17:18:01] [INFO] [APP] App配置加载完成
[2026-04-13 17:18:01] [INFO] [SESSION] Session状态: 未启动
[2026-04-13 17:18:01] [INFO] [SESSION] Session路径: C:\\BtSoft\temp\session
[2026-04-13 17:18:01] [INFO] [SYSTEM] PHP版本: 8.5.1
[2026-04-13 17:18:02] [INFO] [SYSTEM] 🚀 调试系统已启动
[2026-04-13 17:18:02] [DEBUG] [SYSTEM] PHP版本: 8.5.1
[2026-04-13 17:18:02] [INFO] [APP] App配置加载完成
[2026-04-13 17:18:02] [INFO] [SESSION] Session状态: 未启动
[2026-04-13 17:18:02] [INFO] [SESSION] Session路径: C:\\BtSoft\temp\session
[2026-04-13 17:18:02] [INFO] [SYSTEM] PHP版本: 8.5.1
[2026-04-13 17:18:02] [INFO] [SYSTEM] 🚀 调试系统已启动
[2026-04-13 17:18:02] [DEBUG] [SYSTEM] PHP版本: 8.5.1
[2026-04-13 17:18:02] [INFO] [APP] App配置加载完成
[2026-04-13 17:18:02] [INFO] [SESSION] Session状态: 未启动
[2026-04-13 17:18:02] [INFO] [SESSION] Session路径: C:\\BtSoft\temp\session
[2026-04-13 17:18:02] [INFO] [SYSTEM] PHP版本: 8.5.1
[2026-04-13 17:18:10] [INFO] [SYSTEM] 🚀 调试系统已启动
[2026-04-13 17:18:10] [DEBUG] [SYSTEM] PHP版本: 8.5.1
[2026-04-13 17:18:10] [INFO] [APP] App配置加载完成
[2026-04-13 17:18:10] [INFO] [SESSION] Session状态: 未启动
[2026-04-13 17:18:10] [INFO] [SESSION] Session路径: C:\\BtSoft\temp\session
[2026-04-13 17:18:10] [INFO] [SYSTEM] PHP版本: 8.5.1
[2026-04-13 17:21:03] [INFO] [SYSTEM] 🚀 调试系统已启动
[2026-04-13 17:21:03] [DEBUG] [SYSTEM] PHP版本: 8.5.1
[2026-04-13 17:21:03] [INFO] [APP] App配置加载完成
[2026-04-13 17:21:03] [INFO] [SESSION] Session状态: 未启动
[2026-04-13 17:21:03] [INFO] [SESSION] Session路径: C:\\BtSoft\temp\session
[2026-04-13 17:21:03] [INFO] [SYSTEM] PHP版本: 8.5.1
[2026-04-13 17:21:12] [INFO] [SYSTEM] 🚀 调试系统已启动
[2026-04-13 17:21:12] [DEBUG] [SYSTEM] PHP版本: 8.5.1
[2026-04-13 17:21:12] [INFO] [APP] App配置加载完成
[2026-04-13 17:21:12] [INFO] [SESSION] Session状态: 未启动
[2026-04-13 17:21:12] [INFO] [SESSION] Session路径: C:\\BtSoft\temp\session
[2026-04-13 17:21:12] [INFO] [SYSTEM] PHP版本: 8.5.1
[2026-04-13 17:21:14] [INFO] [SYSTEM] 🚀 调试系统已启动
[2026-04-13 17:21:14] [DEBUG] [SYSTEM] PHP版本: 8.5.1
[2026-04-13 17:21:14] [INFO] [APP] App配置加载完成
[2026-04-13 17:21:14] [INFO] [SESSION] Session状态: 未启动
[2026-04-13 17:21:14] [INFO] [SESSION] Session路径: C:\\BtSoft\temp\session
[2026-04-13 17:21:14] [INFO] [SYSTEM] PHP版本: 8.5.1
[2026-04-13 17:21:23] [INFO] [SYSTEM] 🚀 调试系统已启动
[2026-04-13 17:21:23] [DEBUG] [SYSTEM] PHP版本: 8.5.1
[2026-04-13 17:21:23] [INFO] [APP] App配置加载完成
[2026-04-13 17:21:23] [INFO] [SESSION] Session状态: 未启动
[2026-04-13 17:21:23] [INFO] [SESSION] Session路径: C:\\BtSoft\temp\session
[2026-04-13 17:21:23] [INFO] [SYSTEM] PHP版本: 8.5.1
[2026-04-13 17:21:37] [INFO] [SYSTEM] 🚀 调试系统已启动
[2026-04-13 17:21:37] [DEBUG] [SYSTEM] PHP版本: 8.5.1
[2026-04-13 17:21:37] [INFO] [APP] App配置加载完成
[2026-04-13 17:21:37] [INFO] [SESSION] Session状态: 未启动
[2026-04-13 17:21:37] [INFO] [SESSION] Session路径: C:\\BtSoft\temp\session
[2026-04-13 17:21:37] [INFO] [SYSTEM] PHP版本: 8.5.1
[2026-04-13 17:21:41] [INFO] [SYSTEM] 🚀 调试系统已启动
[2026-04-13 17:21:41] [DEBUG] [SYSTEM] PHP版本: 8.5.1
[2026-04-13 17:21:41] [INFO] [APP] App配置加载完成
[2026-04-13 17:21:41] [INFO] [SESSION] Session状态: 未启动
[2026-04-13 17:21:41] [INFO] [SESSION] Session路径: C:\\BtSoft\temp\session
[2026-04-13 17:21:41] [INFO] [SYSTEM] PHP版本: 8.5.1
[2026-04-13 17:21:42] [INFO] [SYSTEM] 🚀 调试系统已启动
[2026-04-13 17:21:42] [DEBUG] [SYSTEM] PHP版本: 8.5.1
[2026-04-13 17:21:42] [INFO] [APP] App配置加载完成
[2026-04-13 17:21:42] [INFO] [SESSION] Session状态: 未启动
[2026-04-13 17:21:42] [INFO] [SESSION] Session路径: C:\\BtSoft\temp\session
[2026-04-13 17:21:42] [INFO] [SYSTEM] PHP版本: 8.5.1
[2026-04-13 17:21:46] [INFO] [SYSTEM] 🚀 调试系统已启动
[2026-04-13 17:21:46] [DEBUG] [SYSTEM] PHP版本: 8.5.1
[2026-04-13 17:21:46] [INFO] [APP] App配置加载完成
[2026-04-13 17:21:46] [INFO] [SESSION] Session状态: 未启动
[2026-04-13 17:21:46] [INFO] [SESSION] Session路径: C:\\BtSoft\temp\session
[2026-04-13 17:21:46] [INFO] [SYSTEM] PHP版本: 8.5.1
[2026-04-13 17:27:59] [INFO] [SYSTEM] 🚀 调试系统已启动
[2026-04-13 17:27:59] [DEBUG] [SYSTEM] PHP版本: 8.5.1
[2026-04-13 17:27:59] [INFO] [APP] App配置加载完成
[2026-04-13 17:27:59] [INFO] [SESSION] Session状态: 未启动
[2026-04-13 17:27:59] [INFO] [SESSION] Session路径: C:\\BtSoft\temp\session
[2026-04-13 17:27:59] [INFO] [SYSTEM] PHP版本: 8.5.1
[2026-04-13 17:28:25] [INFO] [SYSTEM] 🚀 调试系统已启动
[2026-04-13 17:28:25] [DEBUG] [SYSTEM] PHP版本: 8.5.1
[2026-04-13 17:28:25] [INFO] [APP] App配置加载完成
[2026-04-13 17:28:25] [INFO] [SESSION] Session状态: 未启动
[2026-04-13 17:28:25] [INFO] [SESSION] Session路径: C:\\BtSoft\temp\session
[2026-04-13 17:28:25] [INFO] [SYSTEM] PHP版本: 8.5.1
[2026-04-13 17:28:25] [INFO] [SYSTEM] 🚀 调试系统已启动
[2026-04-13 17:28:25] [DEBUG] [SYSTEM] PHP版本: 8.5.1
[2026-04-13 17:28:25] [INFO] [APP] App配置加载完成
[2026-04-13 17:28:25] [INFO] [SESSION] Session状态: 未启动
[2026-04-13 17:28:25] [INFO] [SESSION] Session路径: C:\\BtSoft\temp\session
[2026-04-13 17:28:25] [INFO] [SYSTEM] PHP版本: 8.5.1
[2026-04-13 17:28:25] [INFO] [SYSTEM] 🚀 调试系统已启动
[2026-04-13 17:28:25] [DEBUG] [SYSTEM] PHP版本: 8.5.1
[2026-04-13 17:28:25] [INFO] [APP] App配置加载完成
[2026-04-13 17:28:25] [INFO] [SESSION] Session状态: 未启动
[2026-04-13 17:28:25] [INFO] [SESSION] Session路径: C:\\BtSoft\temp\session
[2026-04-13 17:28:25] [INFO] [SYSTEM] PHP版本: 8.5.1
[2026-04-13 17:28:25] [INFO] [SYSTEM] 🚀 调试系统已启动
[2026-04-13 17:28:25] [DEBUG] [SYSTEM] PHP版本: 8.5.1
[2026-04-13 17:28:25] [INFO] [APP] App配置加载完成
[2026-04-13 17:28:25] [INFO] [SESSION] Session状态: 未启动
[2026-04-13 17:28:25] [INFO] [SESSION] Session路径: C:\\BtSoft\temp\session
[2026-04-13 17:28:25] [INFO] [SYSTEM] PHP版本: 8.5.1
[2026-04-15 08:30:28] [INFO] [SYSTEM] 🚀 调试系统已启动
[2026-04-15 08:30:28] [DEBUG] [SYSTEM] PHP版本: 8.5.1
[2026-04-15 08:30:28] [INFO] [APP] App配置加载完成
[2026-04-15 08:30:28] [INFO] [SESSION] Session状态: 未启动
[2026-04-15 08:30:28] [INFO] [SESSION] Session路径: C:\\BtSoft\temp\session
[2026-04-15 08:30:28] [INFO] [SYSTEM] PHP版本: 8.5.1
[2026-04-15 08:30:29] [INFO] [SYSTEM] 🚀 调试系统已启动
[2026-04-15 08:30:29] [DEBUG] [SYSTEM] PHP版本: 8.5.1
[2026-04-15 08:30:29] [INFO] [APP] App配置加载完成
[2026-04-15 08:30:29] [INFO] [SESSION] Session状态: 未启动
[2026-04-15 08:30:29] [INFO] [SESSION] Session路径: C:\\BtSoft\temp\session
[2026-04-15 08:30:29] [INFO] [SYSTEM] PHP版本: 8.5.1
[2026-04-15 08:30:29] [INFO] [SYSTEM] 🚀 调试系统已启动
[2026-04-15 08:30:29] [DEBUG] [SYSTEM] PHP版本: 8.5.1
[2026-04-15 08:30:29] [INFO] [APP] App配置加载完成
[2026-04-15 08:30:29] [INFO] [SESSION] Session状态: 未启动
[2026-04-15 08:30:29] [INFO] [SESSION] Session路径: C:\\BtSoft\temp\session
[2026-04-15 08:30:29] [INFO] [SYSTEM] PHP版本: 8.5.1
[2026-04-15 08:30:29] [INFO] [SYSTEM] 🚀 调试系统已启动
[2026-04-15 08:30:29] [DEBUG] [SYSTEM] PHP版本: 8.5.1
[2026-04-15 08:30:29] [INFO] [APP] App配置加载完成
[2026-04-15 08:30:29] [INFO] [SESSION] Session状态: 未启动
[2026-04-15 08:30:29] [INFO] [SESSION] Session路径: C:\\BtSoft\temp\session
[2026-04-15 08:30:29] [INFO] [SYSTEM] PHP版本: 8.5.1
[2026-04-15 08:30:56] [INFO] [SYSTEM] 🚀 调试系统已启动
[2026-04-15 08:30:56] [DEBUG] [SYSTEM] PHP版本: 8.5.1
[2026-04-15 08:30:56] [INFO] [APP] App配置加载完成
[2026-04-15 08:30:56] [INFO] [SESSION] Session状态: 未启动
[2026-04-15 08:30:56] [INFO] [SESSION] Session路径: C:\\BtSoft\temp\session
[2026-04-15 08:30:56] [INFO] [SYSTEM] PHP版本: 8.5.1
[2026-04-15 08:30:56] [INFO] [SYSTEM] 🚀 调试系统已启动
[2026-04-15 08:30:56] [DEBUG] [SYSTEM] PHP版本: 8.5.1
[2026-04-15 08:30:56] [INFO] [APP] App配置加载完成
[2026-04-15 08:30:56] [INFO] [SESSION] Session状态: 未启动
[2026-04-15 08:30:56] [INFO] [SESSION] Session路径: C:\\BtSoft\temp\session
[2026-04-15 08:30:56] [INFO] [SYSTEM] PHP版本: 8.5.1
[2026-04-15 08:30:56] [INFO] [SYSTEM] 🚀 调试系统已启动
[2026-04-15 08:30:56] [DEBUG] [SYSTEM] PHP版本: 8.5.1
[2026-04-15 08:30:56] [INFO] [APP] App配置加载完成
[2026-04-15 08:30:56] [INFO] [SESSION] Session状态: 未启动
[2026-04-15 08:30:56] [INFO] [SESSION] Session路径: C:\\BtSoft\temp\session
[2026-04-15 08:30:56] [INFO] [SYSTEM] PHP版本: 8.5.1
[2026-04-15 08:30:56] [INFO] [SYSTEM] 🚀 调试系统已启动
[2026-04-15 08:30:56] [DEBUG] [SYSTEM] PHP版本: 8.5.1
[2026-04-15 08:30:56] [INFO] [APP] App配置加载完成
[2026-04-15 08:30:56] [INFO] [SESSION] Session状态: 未启动
[2026-04-15 08:30:56] [INFO] [SESSION] Session路径: C:\\BtSoft\temp\session
[2026-04-15 08:30:56] [INFO] [SYSTEM] PHP版本: 8.5.1
[2026-04-15 08:31:02] [INFO] [SYSTEM] 🚀 调试系统已启动
[2026-04-15 08:31:02] [DEBUG] [SYSTEM] PHP版本: 8.5.1
[2026-04-15 08:31:02] [INFO] [APP] App配置加载完成
[2026-04-15 08:31:02] [INFO] [SESSION] Session状态: 未启动
[2026-04-15 08:31:02] [INFO] [SESSION] Session路径: C:\\BtSoft\temp\session
[2026-04-15 08:31:02] [INFO] [SYSTEM] PHP版本: 8.5.1
[2026-04-15 08:33:44] [INFO] [SYSTEM] 🚀 调试系统已启动
[2026-04-15 08:33:44] [DEBUG] [SYSTEM] PHP版本: 8.5.1
[2026-04-15 08:33:44] [INFO] [APP] App配置加载完成
[2026-04-15 08:33:44] [INFO] [SESSION] Session状态: 未启动
[2026-04-15 08:33:44] [INFO] [SESSION] Session路径: C:\\BtSoft\temp\session
[2026-04-15 08:33:44] [INFO] [SYSTEM] PHP版本: 8.5.1
[2026-04-15 08:33:48] [INFO] [SYSTEM] 🚀 调试系统已启动
[2026-04-15 08:33:48] [DEBUG] [SYSTEM] PHP版本: 8.5.1
[2026-04-15 08:33:48] [INFO] [APP] App配置加载完成
[2026-04-15 08:33:48] [INFO] [SESSION] Session状态: 未启动
[2026-04-15 08:33:48] [INFO] [SESSION] Session路径: C:\\BtSoft\temp\session
[2026-04-15 08:33:48] [INFO] [SYSTEM] PHP版本: 8.5.1
[2026-04-15 08:33:52] [INFO] [SYSTEM] 🚀 调试系统已启动
[2026-04-15 08:33:52] [DEBUG] [SYSTEM] PHP版本: 8.5.1
[2026-04-15 08:33:52] [INFO] [APP] App配置加载完成
[2026-04-15 08:33:52] [INFO] [SESSION] Session状态: 未启动
[2026-04-15 08:33:52] [INFO] [SESSION] Session路径: C:\\BtSoft\temp\session
[2026-04-15 08:33:52] [INFO] [SYSTEM] PHP版本: 8.5.1
[2026-04-15 08:33:52] [INFO] [SYSTEM] 🚀 调试系统已启动
[2026-04-15 08:33:52] [DEBUG] [SYSTEM] PHP版本: 8.5.1
[2026-04-15 08:33:52] [INFO] [APP] App配置加载完成
[2026-04-15 08:33:52] [INFO] [SESSION] Session状态: 未启动
[2026-04-15 08:33:52] [INFO] [SESSION] Session路径: C:\\BtSoft\temp\session
[2026-04-15 08:33:52] [INFO] [SYSTEM] PHP版本: 8.5.1
[2026-04-15 08:33:53] [INFO] [SYSTEM] 🚀 调试系统已启动
[2026-04-15 08:33:53] [DEBUG] [SYSTEM] PHP版本: 8.5.1
[2026-04-15 08:33:53] [INFO] [APP] App配置加载完成
[2026-04-15 08:33:53] [INFO] [SESSION] Session状态: 未启动
[2026-04-15 08:33:53] [INFO] [SESSION] Session路径: C:\\BtSoft\temp\session
[2026-04-15 08:33:53] [INFO] [SYSTEM] PHP版本: 8.5.1
[2026-04-15 08:33:53] [INFO] [SYSTEM] 🚀 调试系统已启动
[2026-04-15 08:33:53] [DEBUG] [SYSTEM] PHP版本: 8.5.1
[2026-04-15 08:33:53] [INFO] [APP] App配置加载完成
[2026-04-15 08:33:53] [INFO] [SESSION] Session状态: 未启动
[2026-04-15 08:33:53] [INFO] [SESSION] Session路径: C:\\BtSoft\temp\session
[2026-04-15 08:33:53] [INFO] [SYSTEM] PHP版本: 8.5.1
[2026-04-15 08:33:58] [INFO] [SYSTEM] 🚀 调试系统已启动
[2026-04-15 08:33:58] [DEBUG] [SYSTEM] PHP版本: 8.5.1
[2026-04-15 08:33:58] [INFO] [APP] App配置加载完成
[2026-04-15 08:33:58] [INFO] [SESSION] Session状态: 未启动
[2026-04-15 08:33:58] [INFO] [SESSION] Session路径: C:\\BtSoft\temp\session
[2026-04-15 08:33:58] [INFO] [SYSTEM] PHP版本: 8.5.1
[2026-04-15 08:34:00] [INFO] [SYSTEM] 🚀 调试系统已启动
[2026-04-15 08:34:00] [DEBUG] [SYSTEM] PHP版本: 8.5.1
[2026-04-15 08:34:00] [INFO] [APP] App配置加载完成
[2026-04-15 08:34:00] [INFO] [SESSION] Session状态: 未启动
[2026-04-15 08:34:00] [INFO] [SESSION] Session路径: C:\\BtSoft\temp\session
[2026-04-15 08:34:00] [INFO] [SYSTEM] PHP版本: 8.5.1
[2026-04-15 11:47:20] [INFO] [SYSTEM] 🚀 调试系统已启动
[2026-04-15 11:47:20] [DEBUG] [SYSTEM] PHP版本: 8.5.1
[2026-04-15 11:47:20] [INFO] [APP] App配置加载完成
[2026-04-15 11:47:20] [INFO] [SESSION] Session状态: 未启动
[2026-04-15 11:47:20] [INFO] [SESSION] Session路径: C:\\BtSoft\temp\session
[2026-04-15 11:47:20] [INFO] [SYSTEM] PHP版本: 8.5.1
[2026-04-15 11:47:48] [INFO] [SYSTEM] 🚀 调试系统已启动
[2026-04-15 11:47:48] [DEBUG] [SYSTEM] PHP版本: 8.5.1
[2026-04-15 11:47:48] [INFO] [APP] App配置加载完成
[2026-04-15 11:47:48] [INFO] [SESSION] Session状态: 未启动
[2026-04-15 11:47:48] [INFO] [SESSION] Session路径: C:\\BtSoft\temp\session
[2026-04-15 11:47:48] [INFO] [SYSTEM] PHP版本: 8.5.1
[2026-04-15 11:47:48] [INFO] [SYSTEM] 🚀 调试系统已启动
[2026-04-15 11:47:48] [DEBUG] [SYSTEM] PHP版本: 8.5.1
[2026-04-15 11:47:48] [INFO] [APP] App配置加载完成
[2026-04-15 11:47:48] [INFO] [SESSION] Session状态: 未启动
[2026-04-15 11:47:48] [INFO] [SESSION] Session路径: C:\\BtSoft\temp\session
[2026-04-15 11:47:48] [INFO] [SYSTEM] PHP版本: 8.5.1
[2026-04-15 11:48:09] [INFO] [SYSTEM] 🚀 调试系统已启动
[2026-04-15 11:48:09] [DEBUG] [SYSTEM] PHP版本: 8.5.1
[2026-04-15 11:48:09] [INFO] [APP] App配置加载完成
[2026-04-15 11:48:09] [INFO] [SESSION] Session状态: 未启动
[2026-04-15 11:48:09] [INFO] [SESSION] Session路径: C:\\BtSoft\temp\session
[2026-04-15 11:48:09] [INFO] [SYSTEM] PHP版本: 8.5.1
[2026-04-15 11:48:09] [INFO] [SYSTEM] 🚀 调试系统已启动
[2026-04-15 11:48:09] [DEBUG] [SYSTEM] PHP版本: 8.5.1
[2026-04-15 11:48:09] [INFO] [APP] App配置加载完成
[2026-04-15 11:48:09] [INFO] [SESSION] Session状态: 未启动
[2026-04-15 11:48:09] [INFO] [SESSION] Session路径: C:\\BtSoft\temp\session
[2026-04-15 11:48:09] [INFO] [SYSTEM] PHP版本: 8.5.1
[2026-04-15 11:48:09] [INFO] [SYSTEM] 🚀 调试系统已启动
[2026-04-15 11:48:09] [DEBUG] [SYSTEM] PHP版本: 8.5.1
[2026-04-15 11:48:09] [INFO] [APP] App配置加载完成
[2026-04-15 11:48:09] [INFO] [SESSION] Session状态: 未启动
[2026-04-15 11:48:09] [INFO] [SESSION] Session路径: C:\\BtSoft\temp\session
[2026-04-15 11:48:09] [INFO] [SYSTEM] PHP版本: 8.5.1
[2026-04-15 11:48:25] [INFO] [SYSTEM] 🚀 调试系统已启动
[2026-04-15 11:48:25] [DEBUG] [SYSTEM] PHP版本: 8.5.1
[2026-04-15 11:48:25] [INFO] [APP] App配置加载完成
[2026-04-15 11:48:25] [INFO] [SESSION] Session状态: 未启动
[2026-04-15 11:48:25] [INFO] [SESSION] Session路径: C:\\BtSoft\temp\session
[2026-04-15 11:48:25] [INFO] [SYSTEM] PHP版本: 8.5.1
[2026-04-15 11:48:29] [INFO] [SYSTEM] 🚀 调试系统已启动
[2026-04-15 11:48:29] [DEBUG] [SYSTEM] PHP版本: 8.5.1
[2026-04-15 11:48:29] [INFO] [APP] App配置加载完成
[2026-04-15 11:48:29] [INFO] [SESSION] Session状态: 未启动
[2026-04-15 11:48:29] [INFO] [SESSION] Session路径: C:\\BtSoft\temp\session
[2026-04-15 11:48:29] [INFO] [SYSTEM] PHP版本: 8.5.1
[2026-04-15 11:48:31] [INFO] [SYSTEM] 🚀 调试系统已启动
[2026-04-15 11:48:31] [DEBUG] [SYSTEM] PHP版本: 8.5.1
[2026-04-15 11:48:31] [INFO] [APP] App配置加载完成
[2026-04-15 11:48:31] [INFO] [SESSION] Session状态: 未启动
[2026-04-15 11:48:31] [INFO] [SESSION] Session路径: C:\\BtSoft\temp\session
[2026-04-15 11:48:31] [INFO] [SYSTEM] PHP版本: 8.5.1
[2026-04-15 11:48:32] [INFO] [SYSTEM] 🚀 调试系统已启动
[2026-04-15 11:48:32] [DEBUG] [SYSTEM] PHP版本: 8.5.1
[2026-04-15 11:48:32] [INFO] [APP] App配置加载完成
[2026-04-15 11:48:32] [INFO] [SESSION] Session状态: 未启动
[2026-04-15 11:48:32] [INFO] [SESSION] Session路径: C:\\BtSoft\temp\session
[2026-04-15 11:48:32] [INFO] [SYSTEM] PHP版本: 8.5.1
[2026-04-15 11:48:33] [INFO] [SYSTEM] 🚀 调试系统已启动
[2026-04-15 11:48:33] [DEBUG] [SYSTEM] PHP版本: 8.5.1
[2026-04-15 11:48:33] [INFO] [APP] App配置加载完成
[2026-04-15 11:48:33] [INFO] [SESSION] Session状态: 未启动
[2026-04-15 11:48:33] [INFO] [SESSION] Session路径: C:\\BtSoft\temp\session
[2026-04-15 11:48:33] [INFO] [SYSTEM] PHP版本: 8.5.1
[2026-04-15 11:48:35] [INFO] [SYSTEM] 🚀 调试系统已启动
[2026-04-15 11:48:35] [DEBUG] [SYSTEM] PHP版本: 8.5.1
[2026-04-15 11:48:35] [INFO] [APP] App配置加载完成
[2026-04-15 11:48:35] [INFO] [SESSION] Session状态: 未启动
[2026-04-15 11:48:35] [INFO] [SESSION] Session路径: C:\\BtSoft\temp\session
[2026-04-15 11:48:35] [INFO] [SYSTEM] PHP版本: 8.5.1
[2026-04-15 11:48:51] [INFO] [SYSTEM] 🚀 调试系统已启动
[2026-04-15 11:48:51] [DEBUG] [SYSTEM] PHP版本: 8.5.1
[2026-04-15 11:48:51] [INFO] [APP] App配置加载完成
[2026-04-15 11:48:51] [INFO] [SESSION] Session状态: 未启动
[2026-04-15 11:48:51] [INFO] [SESSION] Session路径: C:\\BtSoft\temp\session
[2026-04-15 11:48:51] [INFO] [SYSTEM] PHP版本: 8.5.1
[2026-04-15 11:48:53] [INFO] [SYSTEM] 🚀 调试系统已启动
[2026-04-15 11:48:53] [DEBUG] [SYSTEM] PHP版本: 8.5.1
[2026-04-15 11:48:53] [INFO] [APP] App配置加载完成
[2026-04-15 11:48:53] [INFO] [SESSION] Session状态: 未启动
[2026-04-15 11:48:53] [INFO] [SESSION] Session路径: C:\\BtSoft\temp\session
[2026-04-15 11:48:53] [INFO] [SYSTEM] PHP版本: 8.5.1
[2026-04-15 11:48:54] [INFO] [SYSTEM] 🚀 调试系统已启动
[2026-04-15 11:48:54] [DEBUG] [SYSTEM] PHP版本: 8.5.1
[2026-04-15 11:48:54] [INFO] [APP] App配置加载完成
[2026-04-15 11:48:54] [INFO] [SESSION] Session状态: 未启动
[2026-04-15 11:48:54] [INFO] [SESSION] Session路径: C:\\BtSoft\temp\session
[2026-04-15 11:48:54] [INFO] [SYSTEM] PHP版本: 8.5.1
[2026-04-15 11:48:54] [INFO] [SYSTEM] 🚀 调试系统已启动
[2026-04-15 11:48:54] [DEBUG] [SYSTEM] PHP版本: 8.5.1
[2026-04-15 11:48:54] [INFO] [APP] App配置加载完成
[2026-04-15 11:48:54] [INFO] [SESSION] Session状态: 未启动
[2026-04-15 11:48:54] [INFO] [SESSION] Session路径: C:\\BtSoft\temp\session
[2026-04-15 11:48:54] [INFO] [SYSTEM] PHP版本: 8.5.1
[2026-04-15 11:48:54] [INFO] [SYSTEM] 🚀 调试系统已启动
[2026-04-15 11:48:54] [DEBUG] [SYSTEM] PHP版本: 8.5.1
[2026-04-15 11:48:54] [INFO] [APP] App配置加载完成
[2026-04-15 11:48:54] [INFO] [SESSION] Session状态: 未启动
[2026-04-15 11:48:54] [INFO] [SESSION] Session路径: C:\\BtSoft\temp\session
[2026-04-15 11:48:54] [INFO] [SYSTEM] PHP版本: 8.5.1
[2026-04-15 11:48:55] [INFO] [SYSTEM] 🚀 调试系统已启动
[2026-04-15 11:48:55] [DEBUG] [SYSTEM] PHP版本: 8.5.1
[2026-04-15 11:48:55] [INFO] [APP] App配置加载完成
[2026-04-15 11:48:55] [INFO] [SESSION] Session状态: 未启动
[2026-04-15 11:48:55] [INFO] [SESSION] Session路径: C:\\BtSoft\temp\session
[2026-04-15 11:48:55] [INFO] [SYSTEM] PHP版本: 8.5.1
[2026-04-15 11:48:56] [INFO] [SYSTEM] 🚀 调试系统已启动
[2026-04-15 11:48:56] [DEBUG] [SYSTEM] PHP版本: 8.5.1
[2026-04-15 11:48:56] [INFO] [APP] App配置加载完成
[2026-04-15 11:48:56] [INFO] [SESSION] Session状态: 未启动
[2026-04-15 11:48:56] [INFO] [SESSION] Session路径: C:\\BtSoft\temp\session
[2026-04-15 11:48:56] [INFO] [SYSTEM] PHP版本: 8.5.1
[2026-04-15 11:49:06] [INFO] [SYSTEM] 🚀 调试系统已启动
[2026-04-15 11:49:06] [DEBUG] [SYSTEM] PHP版本: 8.5.1
[2026-04-15 11:49:06] [INFO] [APP] App配置加载完成
[2026-04-15 11:49:06] [INFO] [SESSION] Session状态: 未启动
[2026-04-15 11:49:06] [INFO] [SESSION] Session路径: C:\\BtSoft\temp\session
[2026-04-15 11:49:06] [INFO] [SYSTEM] PHP版本: 8.5.1
[2026-04-15 11:49:21] [INFO] [SYSTEM] 🚀 调试系统已启动
[2026-04-15 11:49:21] [DEBUG] [SYSTEM] PHP版本: 8.5.1
[2026-04-15 11:49:21] [INFO] [APP] App配置加载完成
[2026-04-15 11:49:21] [INFO] [SESSION] Session状态: 未启动
[2026-04-15 11:49:21] [INFO] [SESSION] Session路径: C:\\BtSoft\temp\session
[2026-04-15 11:49:21] [INFO] [SYSTEM] PHP版本: 8.5.1
[2026-04-15 11:49:26] [INFO] [SYSTEM] 🚀 调试系统已启动
[2026-04-15 11:49:26] [DEBUG] [SYSTEM] PHP版本: 8.5.1
[2026-04-15 11:49:26] [INFO] [APP] App配置加载完成
[2026-04-15 11:49:26] [INFO] [SESSION] Session状态: 未启动
[2026-04-15 11:49:26] [INFO] [SESSION] Session路径: C:\\BtSoft\temp\session
[2026-04-15 11:49:26] [INFO] [SYSTEM] PHP版本: 8.5.1
[2026-04-15 11:54:04] [INFO] [SYSTEM] 🚀 调试系统已启动
[2026-04-15 11:54:04] [DEBUG] [SYSTEM] PHP版本: 8.5.1
[2026-04-15 11:54:04] [INFO] [APP] App配置加载完成
[2026-04-15 11:54:04] [INFO] [SESSION] Session状态: 未启动
[2026-04-15 11:54:04] [INFO] [SESSION] Session路径: C:\\BtSoft\temp\session
[2026-04-15 11:54:04] [INFO] [SYSTEM] PHP版本: 8.5.1
[2026-04-15 11:54:05] [INFO] [SYSTEM] 🚀 调试系统已启动
[2026-04-15 11:54:05] [DEBUG] [SYSTEM] PHP版本: 8.5.1
[2026-04-15 11:54:05] [INFO] [APP] App配置加载完成
[2026-04-15 11:54:05] [INFO] [SESSION] Session状态: 未启动
[2026-04-15 11:54:05] [INFO] [SESSION] Session路径: C:\\BtSoft\temp\session
[2026-04-15 11:54:05] [INFO] [SYSTEM] PHP版本: 8.5.1
[2026-04-15 11:54:07] [INFO] [SYSTEM] 🚀 调试系统已启动
[2026-04-15 11:54:07] [DEBUG] [SYSTEM] PHP版本: 8.5.1
[2026-04-15 11:54:07] [INFO] [APP] App配置加载完成
[2026-04-15 11:54:07] [INFO] [SESSION] Session状态: 未启动
[2026-04-15 11:54:07] [INFO] [SESSION] Session路径: C:\\BtSoft\temp\session
[2026-04-15 11:54:07] [INFO] [SYSTEM] PHP版本: 8.5.1
[2026-04-15 11:54:08] [INFO] [SYSTEM] 🚀 调试系统已启动
[2026-04-15 11:54:08] [DEBUG] [SYSTEM] PHP版本: 8.5.1
[2026-04-15 11:54:08] [INFO] [APP] App配置加载完成
[2026-04-15 11:54:08] [INFO] [SESSION] Session状态: 未启动
[2026-04-15 11:54:08] [INFO] [SESSION] Session路径: C:\\BtSoft\temp\session
[2026-04-15 11:54:08] [INFO] [SYSTEM] PHP版本: 8.5.1
[2026-04-15 11:56:01] [INFO] [SYSTEM] 🚀 调试系统已启动
[2026-04-15 11:56:01] [DEBUG] [SYSTEM] PHP版本: 8.5.1
[2026-04-15 11:56:01] [INFO] [APP] App配置加载完成
[2026-04-15 11:56:01] [INFO] [SESSION] Session状态: 未启动
[2026-04-15 11:56:01] [INFO] [SESSION] Session路径: C:\\BtSoft\temp\session
[2026-04-15 11:56:01] [INFO] [SYSTEM] PHP版本: 8.5.1
[2026-04-15 11:56:10] [INFO] [SYSTEM] 🚀 调试系统已启动
[2026-04-15 11:56:10] [DEBUG] [SYSTEM] PHP版本: 8.5.1
[2026-04-15 11:56:10] [INFO] [APP] App配置加载完成
[2026-04-15 11:56:10] [INFO] [SESSION] Session状态: 未启动
[2026-04-15 11:56:10] [INFO] [SESSION] Session路径: C:\\BtSoft\temp\session
[2026-04-15 11:56:10] [INFO] [SYSTEM] PHP版本: 8.5.1
[2026-04-15 11:56:10] [INFO] [SYSTEM] 🚀 调试系统已启动
[2026-04-15 11:56:10] [DEBUG] [SYSTEM] PHP版本: 8.5.1
[2026-04-15 11:56:10] [INFO] [APP] App配置加载完成
[2026-04-15 11:56:10] [INFO] [SESSION] Session状态: 未启动
[2026-04-15 11:56:10] [INFO] [SESSION] Session路径: C:\\BtSoft\temp\session
[2026-04-15 11:56:10] [INFO] [SYSTEM] PHP版本: 8.5.1
[2026-04-15 11:56:10] [INFO] [SYSTEM] 🚀 调试系统已启动
[2026-04-15 11:56:10] [DEBUG] [SYSTEM] PHP版本: 8.5.1
[2026-04-15 11:56:10] [INFO] [APP] App配置加载完成
[2026-04-15 11:56:10] [INFO] [SESSION] Session状态: 未启动
[2026-04-15 11:56:10] [INFO] [SESSION] Session路径: C:\\BtSoft\temp\session
[2026-04-15 11:56:10] [INFO] [SYSTEM] PHP版本: 8.5.1
[2026-04-15 11:56:10] [INFO] [SYSTEM] 🚀 调试系统已启动
[2026-04-15 11:56:10] [DEBUG] [SYSTEM] PHP版本: 8.5.1
[2026-04-15 11:56:10] [INFO] [APP] App配置加载完成
[2026-04-15 11:56:10] [INFO] [SESSION] Session状态: 未启动
[2026-04-15 11:56:10] [INFO] [SESSION] Session路径: C:\\BtSoft\temp\session
[2026-04-15 11:56:10] [INFO] [SYSTEM] PHP版本: 8.5.1
[2026-04-15 11:56:16] [INFO] [SYSTEM] 🚀 调试系统已启动
[2026-04-15 11:56:16] [DEBUG] [SYSTEM] PHP版本: 8.5.1
[2026-04-15 11:56:16] [INFO] [APP] App配置加载完成
[2026-04-15 11:56:16] [INFO] [SESSION] Session状态: 未启动
[2026-04-15 11:56:16] [INFO] [SESSION] Session路径: C:\\BtSoft\temp\session
[2026-04-15 11:56:16] [INFO] [SYSTEM] PHP版本: 8.5.1
[2026-04-15 11:56:18] [INFO] [SYSTEM] 🚀 调试系统已启动
[2026-04-15 11:56:18] [DEBUG] [SYSTEM] PHP版本: 8.5.1
[2026-04-15 11:56:18] [INFO] [APP] App配置加载完成
[2026-04-15 11:56:18] [INFO] [SESSION] Session状态: 未启动
[2026-04-15 11:56:18] [INFO] [SESSION] Session路径: C:\\BtSoft\temp\session
[2026-04-15 11:56:18] [INFO] [SYSTEM] PHP版本: 8.5.1
[2026-04-15 11:56:18] [INFO] [SYSTEM] 🚀 调试系统已启动
[2026-04-15 11:56:18] [DEBUG] [SYSTEM] PHP版本: 8.5.1
[2026-04-15 11:56:18] [INFO] [APP] App配置加载完成
[2026-04-15 11:56:18] [INFO] [SESSION] Session状态: 未启动
[2026-04-15 11:56:18] [INFO] [SESSION] Session路径: C:\\BtSoft\temp\session
[2026-04-15 11:56:18] [INFO] [SYSTEM] PHP版本: 8.5.1
[2026-04-15 11:56:18] [INFO] [SYSTEM] 🚀 调试系统已启动
[2026-04-15 11:56:18] [DEBUG] [SYSTEM] PHP版本: 8.5.1
[2026-04-15 11:56:18] [INFO] [APP] App配置加载完成
[2026-04-15 11:56:18] [INFO] [SESSION] Session状态: 未启动
[2026-04-15 11:56:18] [INFO] [SESSION] Session路径: C:\\BtSoft\temp\session
[2026-04-15 11:56:18] [INFO] [SYSTEM] PHP版本: 8.5.1
[2026-04-15 11:56:18] [INFO] [SYSTEM] 🚀 调试系统已启动
[2026-04-15 11:56:18] [DEBUG] [SYSTEM] PHP版本: 8.5.1
[2026-04-15 11:56:18] [INFO] [APP] App配置加载完成
[2026-04-15 11:56:18] [INFO] [SESSION] Session状态: 未启动
[2026-04-15 11:56:18] [INFO] [SESSION] Session路径: C:\\BtSoft\temp\session
[2026-04-15 11:56:18] [INFO] [SYSTEM] PHP版本: 8.5.1
[2026-04-15 11:56:34] [INFO] [SYSTEM] 🚀 调试系统已启动
[2026-04-15 11:56:34] [DEBUG] [SYSTEM] PHP版本: 8.5.1
[2026-04-15 11:56:34] [INFO] [APP] App配置加载完成
[2026-04-15 11:56:34] [INFO] [SESSION] Session状态: 未启动
[2026-04-15 11:56:34] [INFO] [SESSION] Session路径: C:\\BtSoft\temp\session
[2026-04-15 11:56:34] [INFO] [SYSTEM] PHP版本: 8.5.1
[2026-04-15 11:56:37] [INFO] [SYSTEM] 🚀 调试系统已启动
[2026-04-15 11:56:37] [DEBUG] [SYSTEM] PHP版本: 8.5.1
[2026-04-15 11:56:37] [INFO] [APP] App配置加载完成
[2026-04-15 11:56:37] [INFO] [SESSION] Session状态: 未启动
[2026-04-15 11:56:37] [INFO] [SESSION] Session路径: C:\\BtSoft\temp\session
[2026-04-15 11:56:37] [INFO] [SYSTEM] PHP版本: 8.5.1
[2026-04-15 11:56:37] [INFO] [SYSTEM] 🚀 调试系统已启动
[2026-04-15 11:56:37] [DEBUG] [SYSTEM] PHP版本: 8.5.1
[2026-04-15 11:56:37] [INFO] [APP] App配置加载完成
[2026-04-15 11:56:37] [INFO] [SESSION] Session状态: 未启动
[2026-04-15 11:56:37] [INFO] [SESSION] Session路径: C:\\BtSoft\temp\session
[2026-04-15 11:56:37] [INFO] [SYSTEM] PHP版本: 8.5.1
[2026-04-15 11:56:37] [INFO] [SYSTEM] 🚀 调试系统已启动
[2026-04-15 11:56:37] [DEBUG] [SYSTEM] PHP版本: 8.5.1
[2026-04-15 11:56:37] [INFO] [APP] App配置加载完成
[2026-04-15 11:56:37] [INFO] [SESSION] Session状态: 未启动
[2026-04-15 11:56:37] [INFO] [SESSION] Session路径: C:\\BtSoft\temp\session
[2026-04-15 11:56:37] [INFO] [SYSTEM] PHP版本: 8.5.1
[2026-04-15 11:56:37] [INFO] [SYSTEM] 🚀 调试系统已启动
[2026-04-15 11:56:37] [DEBUG] [SYSTEM] PHP版本: 8.5.1
[2026-04-15 11:56:37] [INFO] [APP] App配置加载完成
[2026-04-15 11:56:37] [INFO] [SESSION] Session状态: 未启动
[2026-04-15 11:56:37] [INFO] [SESSION] Session路径: C:\\BtSoft\temp\session
[2026-04-15 11:56:37] [INFO] [SYSTEM] PHP版本: 8.5.1
[2026-04-15 11:56:39] [INFO] [SYSTEM] 🚀 调试系统已启动
[2026-04-15 11:56:39] [DEBUG] [SYSTEM] PHP版本: 8.5.1
[2026-04-15 11:56:39] [INFO] [APP] App配置加载完成
[2026-04-15 11:56:39] [INFO] [SESSION] Session状态: 未启动
[2026-04-15 11:56:39] [INFO] [SESSION] Session路径: C:\\BtSoft\temp\session
[2026-04-15 11:56:39] [INFO] [SYSTEM] PHP版本: 8.5.1
[2026-04-15 11:56:39] [INFO] [SYSTEM] 🚀 调试系统已启动
[2026-04-15 11:56:39] [DEBUG] [SYSTEM] PHP版本: 8.5.1
[2026-04-15 11:56:39] [INFO] [APP] App配置加载完成
[2026-04-15 11:56:39] [INFO] [SESSION] Session状态: 未启动
[2026-04-15 11:56:39] [INFO] [SESSION] Session路径: C:\\BtSoft\temp\session
[2026-04-15 11:56:39] [INFO] [SYSTEM] PHP版本: 8.5.1
[2026-04-15 11:56:39] [INFO] [SYSTEM] 🚀 调试系统已启动
[2026-04-15 11:56:39] [DEBUG] [SYSTEM] PHP版本: 8.5.1
[2026-04-15 11:56:39] [INFO] [APP] App配置加载完成
[2026-04-15 11:56:39] [INFO] [SESSION] Session状态: 未启动
[2026-04-15 11:56:39] [INFO] [SESSION] Session路径: C:\\BtSoft\temp\session
[2026-04-15 11:56:39] [INFO] [SYSTEM] PHP版本: 8.5.1
[2026-04-15 11:56:39] [INFO] [SYSTEM] 🚀 调试系统已启动
[2026-04-15 11:56:39] [DEBUG] [SYSTEM] PHP版本: 8.5.1
[2026-04-15 11:56:39] [INFO] [APP] App配置加载完成
[2026-04-15 11:56:39] [INFO] [SESSION] Session状态: 未启动
[2026-04-15 11:56:39] [INFO] [SESSION] Session路径: C:\\BtSoft\temp\session
[2026-04-15 11:56:39] [INFO] [SYSTEM] PHP版本: 8.5.1
[2026-04-15 11:56:45] [INFO] [SYSTEM] 🚀 调试系统已启动
[2026-04-15 11:56:45] [DEBUG] [SYSTEM] PHP版本: 8.5.1
[2026-04-15 11:56:45] [INFO] [APP] App配置加载完成
[2026-04-15 11:56:45] [INFO] [SESSION] Session状态: 未启动
[2026-04-15 11:56:45] [INFO] [SESSION] Session路径: C:\\BtSoft\temp\session
[2026-04-15 11:56:45] [INFO] [SYSTEM] PHP版本: 8.5.1
[2026-04-15 11:56:47] [INFO] [SYSTEM] 🚀 调试系统已启动
[2026-04-15 11:56:47] [DEBUG] [SYSTEM] PHP版本: 8.5.1
[2026-04-15 11:56:47] [INFO] [APP] App配置加载完成
[2026-04-15 11:56:47] [INFO] [SESSION] Session状态: 未启动
[2026-04-15 11:56:47] [INFO] [SESSION] Session路径: C:\\BtSoft\temp\session
[2026-04-15 11:56:47] [INFO] [SYSTEM] PHP版本: 8.5.1
[2026-04-15 11:56:47] [INFO] [SYSTEM] 🚀 调试系统已启动
[2026-04-15 11:56:47] [DEBUG] [SYSTEM] PHP版本: 8.5.1
[2026-04-15 11:56:47] [INFO] [APP] App配置加载完成
[2026-04-15 11:56:47] [INFO] [SESSION] Session状态: 未启动
[2026-04-15 11:56:47] [INFO] [SESSION] Session路径: C:\\BtSoft\temp\session
[2026-04-15 11:56:47] [INFO] [SYSTEM] PHP版本: 8.5.1
[2026-04-15 11:56:47] [INFO] [SYSTEM] 🚀 调试系统已启动
[2026-04-15 11:56:47] [DEBUG] [SYSTEM] PHP版本: 8.5.1
[2026-04-15 11:56:47] [INFO] [APP] App配置加载完成
[2026-04-15 11:56:47] [INFO] [SESSION] Session状态: 未启动
[2026-04-15 11:56:47] [INFO] [SESSION] Session路径: C:\\BtSoft\temp\session
[2026-04-15 11:56:47] [INFO] [SYSTEM] PHP版本: 8.5.1
[2026-04-15 11:56:47] [INFO] [SYSTEM] 🚀 调试系统已启动
[2026-04-15 11:56:47] [DEBUG] [SYSTEM] PHP版本: 8.5.1
[2026-04-15 11:56:47] [INFO] [APP] App配置加载完成
[2026-04-15 11:56:47] [INFO] [SESSION] Session状态: 未启动
[2026-04-15 11:56:47] [INFO] [SESSION] Session路径: C:\\BtSoft\temp\session
[2026-04-15 11:56:47] [INFO] [SYSTEM] PHP版本: 8.5.1
[2026-04-15 11:57:06] [INFO] [SYSTEM] 🚀 调试系统已启动
[2026-04-15 11:57:06] [DEBUG] [SYSTEM] PHP版本: 8.5.1
[2026-04-15 11:57:06] [INFO] [APP] App配置加载完成
[2026-04-15 11:57:06] [INFO] [SESSION] Session状态: 未启动
[2026-04-15 11:57:06] [INFO] [SESSION] Session路径: C:\\BtSoft\temp\session
[2026-04-15 11:57:06] [INFO] [SYSTEM] PHP版本: 8.5.1
[2026-04-15 11:57:08] [INFO] [SYSTEM] 🚀 调试系统已启动
[2026-04-15 11:57:08] [DEBUG] [SYSTEM] PHP版本: 8.5.1
[2026-04-15 11:57:08] [INFO] [APP] App配置加载完成
[2026-04-15 11:57:08] [INFO] [SESSION] Session状态: 未启动
[2026-04-15 11:57:08] [INFO] [SESSION] Session路径: C:\\BtSoft\temp\session
[2026-04-15 11:57:08] [INFO] [SYSTEM] PHP版本: 8.5.1
[2026-04-15 11:57:09] [INFO] [SYSTEM] 🚀 调试系统已启动
[2026-04-15 11:57:09] [DEBUG] [SYSTEM] PHP版本: 8.5.1
[2026-04-15 11:57:09] [INFO] [APP] App配置加载完成
[2026-04-15 11:57:09] [INFO] [SESSION] Session状态: 未启动
[2026-04-15 11:57:09] [INFO] [SESSION] Session路径: C:\\BtSoft\temp\session
[2026-04-15 11:57:09] [INFO] [SYSTEM] PHP版本: 8.5.1
[2026-04-15 11:57:09] [INFO] [SYSTEM] 🚀 调试系统已启动
[2026-04-15 11:57:09] [DEBUG] [SYSTEM] PHP版本: 8.5.1
[2026-04-15 11:57:09] [INFO] [APP] App配置加载完成
[2026-04-15 11:57:09] [INFO] [SESSION] Session状态: 未启动
[2026-04-15 11:57:09] [INFO] [SESSION] Session路径: C:\\BtSoft\temp\session
[2026-04-15 11:57:09] [INFO] [SYSTEM] PHP版本: 8.5.1
[2026-04-15 11:57:09] [INFO] [SYSTEM] 🚀 调试系统已启动
[2026-04-15 11:57:09] [DEBUG] [SYSTEM] PHP版本: 8.5.1
[2026-04-15 11:57:09] [INFO] [APP] App配置加载完成
[2026-04-15 11:57:09] [INFO] [SESSION] Session状态: 未启动
[2026-04-15 11:57:09] [INFO] [SESSION] Session路径: C:\\BtSoft\temp\session
[2026-04-15 11:57:09] [INFO] [SYSTEM] PHP版本: 8.5.1
[2026-04-15 12:57:43] [INFO] [SYSTEM] 🚀 调试系统已启动
[2026-04-15 12:57:43] [DEBUG] [SYSTEM] PHP版本: 8.5.1
[2026-04-15 12:57:43] [INFO] [APP] App配置加载完成
[2026-04-15 12:57:43] [INFO] [SESSION] Session状态: 未启动
[2026-04-15 12:57:43] [INFO] [SESSION] Session路径: C:\\BtSoft\temp\session
[2026-04-15 12:57:43] [INFO] [SYSTEM] PHP版本: 8.5.1
[2026-04-15 12:57:49] [INFO] [SYSTEM] 🚀 调试系统已启动
[2026-04-15 12:57:49] [DEBUG] [SYSTEM] PHP版本: 8.5.1
[2026-04-15 12:57:49] [INFO] [APP] App配置加载完成
[2026-04-15 12:57:49] [INFO] [SESSION] Session状态: 未启动
[2026-04-15 12:57:49] [INFO] [SESSION] Session路径: C:\\BtSoft\temp\session
[2026-04-15 12:57:49] [INFO] [SYSTEM] PHP版本: 8.5.1
[2026-04-15 12:57:49] [INFO] [SYSTEM] 🚀 调试系统已启动
[2026-04-15 12:57:49] [DEBUG] [SYSTEM] PHP版本: 8.5.1
[2026-04-15 12:57:49] [INFO] [APP] App配置加载完成
[2026-04-15 12:57:49] [INFO] [SESSION] Session状态: 未启动
[2026-04-15 12:57:49] [INFO] [SESSION] Session路径: C:\\BtSoft\temp\session
[2026-04-15 12:57:49] [INFO] [SYSTEM] PHP版本: 8.5.1
[2026-04-15 12:57:49] [INFO] [SYSTEM] 🚀 调试系统已启动
[2026-04-15 12:57:49] [DEBUG] [SYSTEM] PHP版本: 8.5.1
[2026-04-15 12:57:49] [INFO] [APP] App配置加载完成
[2026-04-15 12:57:49] [INFO] [SESSION] Session状态: 未启动
[2026-04-15 12:57:49] [INFO] [SESSION] Session路径: C:\\BtSoft\temp\session
[2026-04-15 12:57:49] [INFO] [SYSTEM] PHP版本: 8.5.1
[2026-04-15 12:57:49] [INFO] [SYSTEM] 🚀 调试系统已启动
[2026-04-15 12:57:49] [DEBUG] [SYSTEM] PHP版本: 8.5.1
[2026-04-15 12:57:49] [INFO] [APP] App配置加载完成
[2026-04-15 12:57:49] [INFO] [SESSION] Session状态: 未启动
[2026-04-15 12:57:49] [INFO] [SESSION] Session路径: C:\\BtSoft\temp\session
[2026-04-15 12:57:49] [INFO] [SYSTEM] PHP版本: 8.5.1
[2026-04-15 12:57:51] [INFO] [SYSTEM] 🚀 调试系统已启动
[2026-04-15 12:57:51] [DEBUG] [SYSTEM] PHP版本: 8.5.1
[2026-04-15 12:57:51] [INFO] [APP] App配置加载完成
[2026-04-15 12:57:51] [INFO] [SESSION] Session状态: 未启动
[2026-04-15 12:57:51] [INFO] [SESSION] Session路径: C:\\BtSoft\temp\session
[2026-04-15 12:57:51] [INFO] [SYSTEM] PHP版本: 8.5.1
[2026-04-15 12:57:51] [INFO] [SYSTEM] 🚀 调试系统已启动
[2026-04-15 12:57:51] [DEBUG] [SYSTEM] PHP版本: 8.5.1
[2026-04-15 12:57:51] [INFO] [APP] App配置加载完成
[2026-04-15 12:57:51] [INFO] [SESSION] Session状态: 未启动
[2026-04-15 12:57:51] [INFO] [SESSION] Session路径: C:\\BtSoft\temp\session
[2026-04-15 12:57:51] [INFO] [SYSTEM] PHP版本: 8.5.1
[2026-04-15 12:57:52] [INFO] [SYSTEM] 🚀 调试系统已启动
[2026-04-15 12:57:52] [DEBUG] [SYSTEM] PHP版本: 8.5.1
[2026-04-15 12:57:52] [INFO] [APP] App配置加载完成
[2026-04-15 12:57:52] [INFO] [SESSION] Session状态: 未启动
[2026-04-15 12:57:52] [INFO] [SESSION] Session路径: C:\\BtSoft\temp\session
[2026-04-15 12:57:52] [INFO] [SYSTEM] PHP版本: 8.5.1
[2026-04-15 12:57:52] [INFO] [SYSTEM] 🚀 调试系统已启动
[2026-04-15 12:57:52] [DEBUG] [SYSTEM] PHP版本: 8.5.1
[2026-04-15 12:57:52] [INFO] [APP] App配置加载完成
[2026-04-15 12:57:52] [INFO] [SESSION] Session状态: 未启动
[2026-04-15 12:57:52] [INFO] [SESSION] Session路径: C:\\BtSoft\temp\session
[2026-04-15 12:57:52] [INFO] [SYSTEM] PHP版本: 8.5.1
[2026-04-15 12:57:54] [INFO] [SYSTEM] 🚀 调试系统已启动
[2026-04-15 12:57:54] [DEBUG] [SYSTEM] PHP版本: 8.5.1
[2026-04-15 12:57:54] [INFO] [APP] App配置加载完成
[2026-04-15 12:57:54] [INFO] [SESSION] Session状态: 未启动
[2026-04-15 12:57:54] [INFO] [SESSION] Session路径: C:\\BtSoft\temp\session
[2026-04-15 12:57:54] [INFO] [SYSTEM] PHP版本: 8.5.1
[2026-04-15 12:57:54] [INFO] [SYSTEM] 🚀 调试系统已启动
[2026-04-15 12:57:54] [DEBUG] [SYSTEM] PHP版本: 8.5.1
[2026-04-15 12:57:54] [INFO] [APP] App配置加载完成
[2026-04-15 12:57:54] [INFO] [SESSION] Session状态: 未启动
[2026-04-15 12:57:54] [INFO] [SESSION] Session路径: C:\\BtSoft\temp\session
[2026-04-15 12:57:54] [INFO] [SYSTEM] PHP版本: 8.5.1
[2026-04-15 12:57:54] [INFO] [SYSTEM] 🚀 调试系统已启动
[2026-04-15 12:57:54] [DEBUG] [SYSTEM] PHP版本: 8.5.1
[2026-04-15 12:57:54] [INFO] [APP] App配置加载完成
[2026-04-15 12:57:54] [INFO] [SESSION] Session状态: 未启动
[2026-04-15 12:57:54] [INFO] [SESSION] Session路径: C:\\BtSoft\temp\session
[2026-04-15 12:57:54] [INFO] [SYSTEM] PHP版本: 8.5.1
[2026-04-15 12:57:54] [INFO] [SYSTEM] 🚀 调试系统已启动
[2026-04-15 12:57:54] [DEBUG] [SYSTEM] PHP版本: 8.5.1
[2026-04-15 12:57:54] [INFO] [APP] App配置加载完成
[2026-04-15 12:57:54] [INFO] [SESSION] Session状态: 未启动
[2026-04-15 12:57:54] [INFO] [SESSION] Session路径: C:\\BtSoft\temp\session
[2026-04-15 12:57:54] [INFO] [SYSTEM] PHP版本: 8.5.1
[2026-04-15 12:58:44] [INFO] [SYSTEM] 🚀 调试系统已启动
[2026-04-15 12:58:44] [DEBUG] [SYSTEM] PHP版本: 8.5.1
[2026-04-15 12:58:44] [INFO] [APP] App配置加载完成
[2026-04-15 12:58:44] [INFO] [SESSION] Session状态: 未启动
[2026-04-15 12:58:44] [INFO] [SESSION] Session路径: C:\\BtSoft\temp\session
[2026-04-15 12:58:44] [INFO] [SYSTEM] PHP版本: 8.5.1
[2026-04-15 12:58:45] [INFO] [SYSTEM] 🚀 调试系统已启动
[2026-04-15 12:58:45] [DEBUG] [SYSTEM] PHP版本: 8.5.1
[2026-04-15 12:58:45] [INFO] [APP] App配置加载完成
[2026-04-15 12:58:45] [INFO] [SESSION] Session状态: 未启动
[2026-04-15 12:58:45] [INFO] [SESSION] Session路径: C:\\BtSoft\temp\session
[2026-04-15 12:58:45] [INFO] [SYSTEM] PHP版本: 8.5.1
[2026-04-15 12:59:12] [INFO] [SYSTEM] 🚀 调试系统已启动
[2026-04-15 12:59:12] [DEBUG] [SYSTEM] PHP版本: 8.5.1
[2026-04-15 12:59:12] [INFO] [APP] App配置加载完成
[2026-04-15 12:59:12] [INFO] [SESSION] Session状态: 未启动
[2026-04-15 12:59:12] [INFO] [SESSION] Session路径: C:\\BtSoft\temp\session
[2026-04-15 12:59:12] [INFO] [SYSTEM] PHP版本: 8.5.1
[2026-04-15 12:59:14] [INFO] [SYSTEM] 🚀 调试系统已启动
[2026-04-15 12:59:14] [DEBUG] [SYSTEM] PHP版本: 8.5.1
[2026-04-15 12:59:14] [INFO] [APP] App配置加载完成
[2026-04-15 12:59:14] [INFO] [SESSION] Session状态: 未启动
[2026-04-15 12:59:14] [INFO] [SESSION] Session路径: C:\\BtSoft\temp\session
[2026-04-15 12:59:14] [INFO] [SYSTEM] PHP版本: 8.5.1
[2026-04-15 12:59:14] [INFO] [SYSTEM] 🚀 调试系统已启动
[2026-04-15 12:59:14] [DEBUG] [SYSTEM] PHP版本: 8.5.1
[2026-04-15 12:59:14] [INFO] [APP] App配置加载完成
[2026-04-15 12:59:14] [INFO] [SESSION] Session状态: 未启动
[2026-04-15 12:59:14] [INFO] [SESSION] Session路径: C:\\BtSoft\temp\session
[2026-04-15 12:59:14] [INFO] [SYSTEM] PHP版本: 8.5.1
[2026-04-15 12:59:15] [INFO] [SYSTEM] 🚀 调试系统已启动
[2026-04-15 12:59:15] [DEBUG] [SYSTEM] PHP版本: 8.5.1
[2026-04-15 12:59:15] [INFO] [APP] App配置加载完成
[2026-04-15 12:59:15] [INFO] [SESSION] Session状态: 未启动
[2026-04-15 12:59:15] [INFO] [SESSION] Session路径: C:\\BtSoft\temp\session
[2026-04-15 12:59:15] [INFO] [SYSTEM] PHP版本: 8.5.1
[2026-04-15 12:59:15] [INFO] [SYSTEM] 🚀 调试系统已启动
[2026-04-15 12:59:15] [DEBUG] [SYSTEM] PHP版本: 8.5.1
[2026-04-15 12:59:15] [INFO] [APP] App配置加载完成
[2026-04-15 12:59:15] [INFO] [SESSION] Session状态: 未启动
[2026-04-15 12:59:15] [INFO] [SESSION] Session路径: C:\\BtSoft\temp\session
[2026-04-15 12:59:15] [INFO] [SYSTEM] PHP版本: 8.5.1
[2026-04-15 12:59:15] [INFO] [SYSTEM] 🚀 调试系统已启动
[2026-04-15 12:59:15] [DEBUG] [SYSTEM] PHP版本: 8.5.1
[2026-04-15 12:59:15] [INFO] [APP] App配置加载完成
[2026-04-15 12:59:15] [INFO] [SESSION] Session状态: 未启动
[2026-04-15 12:59:15] [INFO] [SESSION] Session路径: C:\\BtSoft\temp\session
[2026-04-15 12:59:15] [INFO] [SYSTEM] PHP版本: 8.5.1
[2026-04-15 12:59:15] [INFO] [SYSTEM] 🚀 调试系统已启动
[2026-04-15 12:59:15] [DEBUG] [SYSTEM] PHP版本: 8.5.1
[2026-04-15 12:59:15] [INFO] [APP] App配置加载完成
[2026-04-15 12:59:15] [INFO] [SESSION] Session状态: 未启动
[2026-04-15 12:59:15] [INFO] [SESSION] Session路径: C:\\BtSoft\temp\session
[2026-04-15 12:59:15] [INFO] [SYSTEM] PHP版本: 8.5.1
[2026-04-15 12:59:15] [INFO] [SYSTEM] 🚀 调试系统已启动
[2026-04-15 12:59:15] [DEBUG] [SYSTEM] PHP版本: 8.5.1
[2026-04-15 12:59:15] [INFO] [APP] App配置加载完成
[2026-04-15 12:59:15] [INFO] [SESSION] Session状态: 未启动
[2026-04-15 12:59:15] [INFO] [SESSION] Session路径: C:\\BtSoft\temp\session
[2026-04-15 12:59:15] [INFO] [SYSTEM] PHP版本: 8.5.1
[2026-04-15 12:59:15] [INFO] [SYSTEM] 🚀 调试系统已启动
[2026-04-15 12:59:15] [DEBUG] [SYSTEM] PHP版本: 8.5.1
[2026-04-15 12:59:15] [INFO] [APP] App配置加载完成
[2026-04-15 12:59:15] [INFO] [SESSION] Session状态: 未启动
[2026-04-15 12:59:15] [INFO] [SESSION] Session路径: C:\\BtSoft\temp\session
[2026-04-15 12:59:15] [INFO] [SYSTEM] PHP版本: 8.5.1
[2026-04-15 13:00:38] [INFO] [SYSTEM] 🚀 调试系统已启动
[2026-04-15 13:00:38] [DEBUG] [SYSTEM] PHP版本: 8.5.1
[2026-04-15 13:00:38] [INFO] [APP] App配置加载完成
[2026-04-15 13:00:38] [INFO] [SESSION] Session状态: 未启动
[2026-04-15 13:00:38] [INFO] [SESSION] Session路径: C:\\BtSoft\temp\session
[2026-04-15 13:00:38] [INFO] [SYSTEM] PHP版本: 8.5.1
[2026-04-15 13:00:38] [INFO] [SYSTEM] 🚀 调试系统已启动
[2026-04-15 13:00:38] [DEBUG] [SYSTEM] PHP版本: 8.5.1
[2026-04-15 13:00:38] [INFO] [APP] App配置加载完成
[2026-04-15 13:00:38] [INFO] [SESSION] Session状态: 未启动
[2026-04-15 13:00:38] [INFO] [SESSION] Session路径: C:\\BtSoft\temp\session
[2026-04-15 13:00:38] [INFO] [SYSTEM] PHP版本: 8.5.1
[2026-04-15 13:00:38] [INFO] [SYSTEM] 🚀 调试系统已启动
[2026-04-15 13:00:38] [DEBUG] [SYSTEM] PHP版本: 8.5.1
[2026-04-15 13:00:38] [INFO] [APP] App配置加载完成
[2026-04-15 13:00:38] [INFO] [SESSION] Session状态: 未启动
[2026-04-15 13:00:38] [INFO] [SESSION] Session路径: C:\\BtSoft\temp\session
[2026-04-15 13:00:38] [INFO] [SYSTEM] PHP版本: 8.5.1
[2026-04-15 13:00:38] [INFO] [SYSTEM] 🚀 调试系统已启动
[2026-04-15 13:00:38] [DEBUG] [SYSTEM] PHP版本: 8.5.1
[2026-04-15 13:00:38] [INFO] [APP] App配置加载完成
[2026-04-15 13:00:38] [INFO] [SESSION] Session状态: 未启动
[2026-04-15 13:00:38] [INFO] [SESSION] Session路径: C:\\BtSoft\temp\session
[2026-04-15 13:00:38] [INFO] [SYSTEM] PHP版本: 8.5.1
[2026-04-15 13:00:40] [INFO] [SYSTEM] 🚀 调试系统已启动
[2026-04-15 13:00:40] [DEBUG] [SYSTEM] PHP版本: 8.5.1
[2026-04-15 13:00:40] [INFO] [APP] App配置加载完成
[2026-04-15 13:00:40] [INFO] [SESSION] Session状态: 未启动
[2026-04-15 13:00:40] [INFO] [SESSION] Session路径: C:\\BtSoft\temp\session
[2026-04-15 13:00:40] [INFO] [SYSTEM] PHP版本: 8.5.1
[2026-04-15 13:00:40] [INFO] [SYSTEM] 🚀 调试系统已启动
[2026-04-15 13:00:40] [DEBUG] [SYSTEM] PHP版本: 8.5.1
[2026-04-15 13:00:40] [INFO] [APP] App配置加载完成
[2026-04-15 13:00:40] [INFO] [SESSION] Session状态: 未启动
[2026-04-15 13:00:40] [INFO] [SESSION] Session路径: C:\\BtSoft\temp\session
[2026-04-15 13:00:40] [INFO] [SYSTEM] PHP版本: 8.5.1
[2026-04-15 13:00:40] [INFO] [SYSTEM] 🚀 调试系统已启动
[2026-04-15 13:00:40] [DEBUG] [SYSTEM] PHP版本: 8.5.1
[2026-04-15 13:00:40] [INFO] [APP] App配置加载完成
[2026-04-15 13:00:40] [INFO] [SESSION] Session状态: 未启动
[2026-04-15 13:00:40] [INFO] [SESSION] Session路径: C:\\BtSoft\temp\session
[2026-04-15 13:00:40] [INFO] [SYSTEM] PHP版本: 8.5.1
[2026-04-15 13:00:40] [INFO] [SYSTEM] 🚀 调试系统已启动
[2026-04-15 13:00:40] [DEBUG] [SYSTEM] PHP版本: 8.5.1
[2026-04-15 13:00:40] [INFO] [APP] App配置加载完成
[2026-04-15 13:00:40] [INFO] [SESSION] Session状态: 未启动
[2026-04-15 13:00:40] [INFO] [SESSION] Session路径: C:\\BtSoft\temp\session
[2026-04-15 13:00:40] [INFO] [SYSTEM] PHP版本: 8.5.1
[2026-04-15 13:00:41] [INFO] [SYSTEM] 🚀 调试系统已启动
[2026-04-15 13:00:41] [DEBUG] [SYSTEM] PHP版本: 8.5.1
[2026-04-15 13:00:41] [INFO] [APP] App配置加载完成
[2026-04-15 13:00:41] [INFO] [SESSION] Session状态: 未启动
[2026-04-15 13:00:41] [INFO] [SESSION] Session路径: C:\\BtSoft\temp\session
[2026-04-15 13:00:41] [INFO] [SYSTEM] PHP版本: 8.5.1
[2026-04-15 13:00:41] [INFO] [SYSTEM] 🚀 调试系统已启动
[2026-04-15 13:00:41] [DEBUG] [SYSTEM] PHP版本: 8.5.1
[2026-04-15 13:00:41] [INFO] [APP] App配置加载完成
[2026-04-15 13:00:41] [INFO] [SESSION] Session状态: 未启动
[2026-04-15 13:00:41] [INFO] [SESSION] Session路径: C:\\BtSoft\temp\session
[2026-04-15 13:00:41] [INFO] [SYSTEM] PHP版本: 8.5.1
[2026-04-15 13:00:41] [INFO] [SYSTEM] 🚀 调试系统已启动
[2026-04-15 13:00:41] [DEBUG] [SYSTEM] PHP版本: 8.5.1
[2026-04-15 13:00:41] [INFO] [APP] App配置加载完成
[2026-04-15 13:00:41] [INFO] [SESSION] Session状态: 未启动
[2026-04-15 13:00:41] [INFO] [SESSION] Session路径: C:\\BtSoft\temp\session
[2026-04-15 13:00:41] [INFO] [SYSTEM] PHP版本: 8.5.1
[2026-04-15 13:00:41] [INFO] [SYSTEM] 🚀 调试系统已启动
[2026-04-15 13:00:41] [DEBUG] [SYSTEM] PHP版本: 8.5.1
[2026-04-15 13:00:41] [INFO] [APP] App配置加载完成
[2026-04-15 13:00:41] [INFO] [SESSION] Session状态: 未启动
[2026-04-15 13:00:41] [INFO] [SESSION] Session路径: C:\\BtSoft\temp\session
[2026-04-15 13:00:41] [INFO] [SYSTEM] PHP版本: 8.5.1
[2026-04-15 13:00:49] [INFO] [SYSTEM] 🚀 调试系统已启动
[2026-04-15 13:00:49] [DEBUG] [SYSTEM] PHP版本: 8.5.1
[2026-04-15 13:00:49] [INFO] [APP] App配置加载完成
[2026-04-15 13:00:49] [INFO] [SESSION] Session状态: 未启动
[2026-04-15 13:00:49] [INFO] [SESSION] Session路径: C:\\BtSoft\temp\session
[2026-04-15 13:00:49] [INFO] [SYSTEM] PHP版本: 8.5.1
[2026-04-15 13:01:04] [INFO] [SYSTEM] 🚀 调试系统已启动
[2026-04-15 13:01:04] [DEBUG] [SYSTEM] PHP版本: 8.5.1
[2026-04-15 13:01:04] [INFO] [APP] App配置加载完成
[2026-04-15 13:01:04] [INFO] [SESSION] Session状态: 未启动
[2026-04-15 13:01:04] [INFO] [SESSION] Session路径: C:\\BtSoft\temp\session
[2026-04-15 13:01:04] [INFO] [SYSTEM] PHP版本: 8.5.1
[2026-04-15 13:01:04] [INFO] [SYSTEM] 🚀 调试系统已启动
[2026-04-15 13:01:04] [DEBUG] [SYSTEM] PHP版本: 8.5.1
[2026-04-15 13:01:04] [INFO] [APP] App配置加载完成
[2026-04-15 13:01:04] [INFO] [SESSION] Session状态: 未启动
[2026-04-15 13:01:04] [INFO] [SESSION] Session路径: C:\\BtSoft\temp\session
[2026-04-15 13:01:04] [INFO] [SYSTEM] PHP版本: 8.5.1
[2026-04-15 13:01:06] [INFO] [SYSTEM] 🚀 调试系统已启动
[2026-04-15 13:01:06] [DEBUG] [SYSTEM] PHP版本: 8.5.1
[2026-04-15 13:01:06] [INFO] [APP] App配置加载完成
[2026-04-15 13:01:06] [INFO] [SESSION] Session状态: 未启动
[2026-04-15 13:01:06] [INFO] [SESSION] Session路径: C:\\BtSoft\temp\session
[2026-04-15 13:01:06] [INFO] [SYSTEM] PHP版本: 8.5.1
[2026-04-15 13:01:08] [INFO] [SYSTEM] 🚀 调试系统已启动
[2026-04-15 13:01:08] [DEBUG] [SYSTEM] PHP版本: 8.5.1
[2026-04-15 13:01:08] [INFO] [APP] App配置加载完成
[2026-04-15 13:01:08] [INFO] [SESSION] Session状态: 未启动
[2026-04-15 13:01:08] [INFO] [SESSION] Session路径: C:\\BtSoft\temp\session
[2026-04-15 13:01:08] [INFO] [SYSTEM] PHP版本: 8.5.1
[2026-04-15 13:01:09] [INFO] [SYSTEM] 🚀 调试系统已启动
[2026-04-15 13:01:09] [DEBUG] [SYSTEM] PHP版本: 8.5.1
[2026-04-15 13:01:09] [INFO] [APP] App配置加载完成
[2026-04-15 13:01:09] [INFO] [SESSION] Session状态: 未启动
[2026-04-15 13:01:09] [INFO] [SESSION] Session路径: C:\\BtSoft\temp\session
[2026-04-15 13:01:09] [INFO] [SYSTEM] PHP版本: 8.5.1
[2026-04-15 13:01:11] [INFO] [SYSTEM] 🚀 调试系统已启动
[2026-04-15 13:01:11] [DEBUG] [SYSTEM] PHP版本: 8.5.1
[2026-04-15 13:01:11] [INFO] [APP] App配置加载完成
[2026-04-15 13:01:11] [INFO] [SESSION] Session状态: 未启动
[2026-04-15 13:01:11] [INFO] [SESSION] Session路径: C:\\BtSoft\temp\session
[2026-04-15 13:01:11] [INFO] [SYSTEM] PHP版本: 8.5.1
[2026-04-15 13:01:14] [INFO] [SYSTEM] 🚀 调试系统已启动
[2026-04-15 13:01:14] [DEBUG] [SYSTEM] PHP版本: 8.5.1
[2026-04-15 13:01:14] [INFO] [APP] App配置加载完成
[2026-04-15 13:01:14] [INFO] [SESSION] Session状态: 未启动
[2026-04-15 13:01:14] [INFO] [SESSION] Session路径: C:\\BtSoft\temp\session
[2026-04-15 13:01:14] [INFO] [SYSTEM] PHP版本: 8.5.1
[2026-04-15 13:06:09] [INFO] [SYSTEM] 🚀 调试系统已启动
[2026-04-15 13:06:09] [DEBUG] [SYSTEM] PHP版本: 8.5.1
[2026-04-15 13:06:09] [INFO] [APP] App配置加载完成
[2026-04-15 13:06:09] [INFO] [SESSION] Session状态: 未启动
[2026-04-15 13:06:09] [INFO] [SESSION] Session路径: C:\\BtSoft\temp\session
[2026-04-15 13:06:09] [INFO] [SYSTEM] PHP版本: 8.5.1
[2026-04-15 13:06:12] [INFO] [SYSTEM] 🚀 调试系统已启动
[2026-04-15 13:06:12] [DEBUG] [SYSTEM] PHP版本: 8.5.1
[2026-04-15 13:06:12] [INFO] [APP] App配置加载完成
[2026-04-15 13:06:12] [INFO] [SESSION] Session状态: 未启动
[2026-04-15 13:06:12] [INFO] [SESSION] Session路径: C:\\BtSoft\temp\session
[2026-04-15 13:06:12] [INFO] [SYSTEM] PHP版本: 8.5.1
[2026-04-15 13:06:14] [INFO] [SYSTEM] 🚀 调试系统已启动
[2026-04-15 13:06:14] [DEBUG] [SYSTEM] PHP版本: 8.5.1
[2026-04-15 13:06:14] [INFO] [APP] App配置加载完成
[2026-04-15 13:06:14] [INFO] [SESSION] Session状态: 未启动
[2026-04-15 13:06:14] [INFO] [SESSION] Session路径: C:\\BtSoft\temp\session
[2026-04-15 13:06:14] [INFO] [SYSTEM] PHP版本: 8.5.1
[2026-04-15 13:06:14] [INFO] [SYSTEM] 🚀 调试系统已启动
[2026-04-15 13:06:14] [DEBUG] [SYSTEM] PHP版本: 8.5.1
[2026-04-15 13:06:14] [INFO] [APP] App配置加载完成
[2026-04-15 13:06:14] [INFO] [SESSION] Session状态: 未启动
[2026-04-15 13:06:14] [INFO] [SESSION] Session路径: C:\\BtSoft\temp\session
[2026-04-15 13:06:14] [INFO] [SYSTEM] PHP版本: 8.5.1
[2026-04-15 13:06:15] [INFO] [SYSTEM] 🚀 调试系统已启动
[2026-04-15 13:06:15] [DEBUG] [SYSTEM] PHP版本: 8.5.1
[2026-04-15 13:06:15] [INFO] [APP] App配置加载完成
[2026-04-15 13:06:15] [INFO] [SESSION] Session状态: 未启动
[2026-04-15 13:06:15] [INFO] [SESSION] Session路径: C:\\BtSoft\temp\session
[2026-04-15 13:06:15] [INFO] [SYSTEM] PHP版本: 8.5.1
[2026-04-15 13:06:27] [INFO] [SYSTEM] 🚀 调试系统已启动
[2026-04-15 13:06:27] [DEBUG] [SYSTEM] PHP版本: 8.5.1
[2026-04-15 13:06:27] [INFO] [APP] App配置加载完成
[2026-04-15 13:06:27] [INFO] [SESSION] Session状态: 未启动
[2026-04-15 13:06:27] [INFO] [SESSION] Session路径: C:\\BtSoft\temp\session
[2026-04-15 13:06:27] [INFO] [SYSTEM] PHP版本: 8.5.1
[2026-04-15 13:06:30] [INFO] [SYSTEM] 🚀 调试系统已启动
[2026-04-15 13:06:30] [DEBUG] [SYSTEM] PHP版本: 8.5.1
[2026-04-15 13:06:30] [INFO] [APP] App配置加载完成
[2026-04-15 13:06:30] [INFO] [SESSION] Session状态: 未启动
[2026-04-15 13:06:30] [INFO] [SESSION] Session路径: C:\\BtSoft\temp\session
[2026-04-15 13:06:30] [INFO] [SYSTEM] PHP版本: 8.5.1
[2026-04-15 13:06:30] [INFO] [SYSTEM] 🚀 调试系统已启动
[2026-04-15 13:06:30] [DEBUG] [SYSTEM] PHP版本: 8.5.1
[2026-04-15 13:06:30] [INFO] [APP] App配置加载完成
[2026-04-15 13:06:30] [INFO] [SESSION] Session状态: 未启动
[2026-04-15 13:06:30] [INFO] [SESSION] Session路径: C:\\BtSoft\temp\session
[2026-04-15 13:06:30] [INFO] [SYSTEM] PHP版本: 8.5.1
[2026-04-15 13:06:30] [INFO] [SYSTEM] 🚀 调试系统已启动
[2026-04-15 13:06:30] [DEBUG] [SYSTEM] PHP版本: 8.5.1
[2026-04-15 13:06:30] [INFO] [APP] App配置加载完成
[2026-04-15 13:06:30] [INFO] [SESSION] Session状态: 未启动
[2026-04-15 13:06:30] [INFO] [SESSION] Session路径: C:\\BtSoft\temp\session
[2026-04-15 13:06:30] [INFO] [SYSTEM] PHP版本: 8.5.1
[2026-04-15 13:06:30] [INFO] [SYSTEM] 🚀 调试系统已启动
[2026-04-15 13:06:30] [DEBUG] [SYSTEM] PHP版本: 8.5.1
[2026-04-15 13:06:30] [INFO] [APP] App配置加载完成
[2026-04-15 13:06:30] [INFO] [SESSION] Session状态: 未启动
[2026-04-15 13:06:30] [INFO] [SESSION] Session路径: C:\\BtSoft\temp\session
[2026-04-15 13:06:30] [INFO] [SYSTEM] PHP版本: 8.5.1
[2026-04-15 13:06:34] [INFO] [SYSTEM] 🚀 调试系统已启动
[2026-04-15 13:06:34] [DEBUG] [SYSTEM] PHP版本: 8.5.1
[2026-04-15 13:06:34] [INFO] [APP] App配置加载完成
[2026-04-15 13:06:34] [INFO] [SESSION] Session状态: 未启动
[2026-04-15 13:06:34] [INFO] [SESSION] Session路径: C:\\BtSoft\temp\session
[2026-04-15 13:06:34] [INFO] [SYSTEM] PHP版本: 8.5.1
[2026-04-15 13:06:34] [INFO] [SYSTEM] 🚀 调试系统已启动
[2026-04-15 13:06:34] [DEBUG] [SYSTEM] PHP版本: 8.5.1
[2026-04-15 13:06:34] [INFO] [APP] App配置加载完成
[2026-04-15 13:06:34] [INFO] [SESSION] Session状态: 未启动
[2026-04-15 13:06:34] [INFO] [SESSION] Session路径: C:\\BtSoft\temp\session
[2026-04-15 13:06:34] [INFO] [SYSTEM] PHP版本: 8.5.1
[2026-04-15 13:06:35] [INFO] [SYSTEM] 🚀 调试系统已启动
[2026-04-15 13:06:35] [DEBUG] [SYSTEM] PHP版本: 8.5.1
[2026-04-15 13:06:35] [INFO] [APP] App配置加载完成
[2026-04-15 13:06:35] [INFO] [SESSION] Session状态: 未启动
[2026-04-15 13:06:35] [INFO] [SESSION] Session路径: C:\\BtSoft\temp\session
[2026-04-15 13:06:35] [INFO] [SYSTEM] PHP版本: 8.5.1
[2026-04-15 13:06:35] [INFO] [SYSTEM] 🚀 调试系统已启动
[2026-04-15 13:06:35] [DEBUG] [SYSTEM] PHP版本: 8.5.1
[2026-04-15 13:06:35] [INFO] [APP] App配置加载完成
[2026-04-15 13:06:35] [INFO] [SESSION] Session状态: 未启动
[2026-04-15 13:06:35] [INFO] [SESSION] Session路径: C:\\BtSoft\temp\session
[2026-04-15 13:06:35] [INFO] [SYSTEM] PHP版本: 8.5.1
[2026-04-15 13:06:35] [INFO] [SYSTEM] 🚀 调试系统已启动
[2026-04-15 13:06:35] [DEBUG] [SYSTEM] PHP版本: 8.5.1
[2026-04-15 13:06:35] [INFO] [APP] App配置加载完成
[2026-04-15 13:06:35] [INFO] [SESSION] Session状态: 未启动
[2026-04-15 13:06:35] [INFO] [SESSION] Session路径: C:\\BtSoft\temp\session
[2026-04-15 13:06:35] [INFO] [SYSTEM] PHP版本: 8.5.1
[2026-04-15 13:06:35] [INFO] [SYSTEM] 🚀 调试系统已启动
[2026-04-15 13:06:35] [DEBUG] [SYSTEM] PHP版本: 8.5.1
[2026-04-15 13:06:35] [INFO] [APP] App配置加载完成
[2026-04-15 13:06:35] [INFO] [SESSION] Session状态: 未启动
[2026-04-15 13:06:35] [INFO] [SESSION] Session路径: C:\\BtSoft\temp\session
[2026-04-15 13:06:35] [INFO] [SYSTEM] PHP版本: 8.5.1
[2026-04-15 13:06:36] [INFO] [SYSTEM] 🚀 调试系统已启动
[2026-04-15 13:06:36] [DEBUG] [SYSTEM] PHP版本: 8.5.1
[2026-04-15 13:06:36] [INFO] [APP] App配置加载完成
[2026-04-15 13:06:36] [INFO] [SESSION] Session状态: 未启动
[2026-04-15 13:06:36] [INFO] [SESSION] Session路径: C:\\BtSoft\temp\session
[2026-04-15 13:06:36] [INFO] [SYSTEM] PHP版本: 8.5.1
[2026-04-15 13:06:36] [INFO] [SYSTEM] 🚀 调试系统已启动
[2026-04-15 13:06:36] [DEBUG] [SYSTEM] PHP版本: 8.5.1
[2026-04-15 13:06:36] [INFO] [APP] App配置加载完成
[2026-04-15 13:06:36] [INFO] [SESSION] Session状态: 未启动
[2026-04-15 13:06:36] [INFO] [SESSION] Session路径: C:\\BtSoft\temp\session
[2026-04-15 13:06:36] [INFO] [SYSTEM] PHP版本: 8.5.1
[2026-04-15 13:06:43] [INFO] [SYSTEM] 🚀 调试系统已启动
[2026-04-15 13:06:43] [DEBUG] [SYSTEM] PHP版本: 8.5.1
[2026-04-15 13:06:43] [INFO] [APP] App配置加载完成
[2026-04-15 13:06:43] [INFO] [SESSION] Session状态: 未启动
[2026-04-15 13:06:43] [INFO] [SESSION] Session路径: C:\\BtSoft\temp\session
[2026-04-15 13:06:43] [INFO] [SYSTEM] PHP版本: 8.5.1
[2026-04-15 13:06:43] [INFO] [SYSTEM] 🚀 调试系统已启动
[2026-04-15 13:06:43] [DEBUG] [SYSTEM] PHP版本: 8.5.1
[2026-04-15 13:06:43] [INFO] [APP] App配置加载完成
[2026-04-15 13:06:43] [INFO] [SESSION] Session状态: 未启动
[2026-04-15 13:06:43] [INFO] [SESSION] Session路径: C:\\BtSoft\temp\session
[2026-04-15 13:06:43] [INFO] [SYSTEM] PHP版本: 8.5.1
[2026-04-15 13:06:43] [INFO] [SYSTEM] 🚀 调试系统已启动
[2026-04-15 13:06:43] [DEBUG] [SYSTEM] PHP版本: 8.5.1
[2026-04-15 13:06:43] [INFO] [APP] App配置加载完成
[2026-04-15 13:06:43] [INFO] [SESSION] Session状态: 未启动
[2026-04-15 13:06:43] [INFO] [SESSION] Session路径: C:\\BtSoft\temp\session
[2026-04-15 13:06:43] [INFO] [SYSTEM] PHP版本: 8.5.1
[2026-04-15 13:06:43] [INFO] [SYSTEM] 🚀 调试系统已启动
[2026-04-15 13:06:43] [DEBUG] [SYSTEM] PHP版本: 8.5.1
[2026-04-15 13:06:43] [INFO] [APP] App配置加载完成
[2026-04-15 13:06:43] [INFO] [SESSION] Session状态: 未启动
[2026-04-15 13:06:43] [INFO] [SESSION] Session路径: C:\\BtSoft\temp\session
[2026-04-15 13:06:43] [INFO] [SYSTEM] PHP版本: 8.5.1
[2026-04-15 13:06:43] [INFO] [SYSTEM] 🚀 调试系统已启动
[2026-04-15 13:06:43] [DEBUG] [SYSTEM] PHP版本: 8.5.1
[2026-04-15 13:06:43] [INFO] [APP] App配置加载完成
[2026-04-15 13:06:43] [INFO] [SESSION] Session状态: 未启动
[2026-04-15 13:06:43] [INFO] [SESSION] Session路径: C:\\BtSoft\temp\session
[2026-04-15 13:06:43] [INFO] [SYSTEM] PHP版本: 8.5.1
[2026-04-15 13:06:43] [INFO] [SYSTEM] 🚀 调试系统已启动
[2026-04-15 13:06:43] [DEBUG] [SYSTEM] PHP版本: 8.5.1
[2026-04-15 13:06:43] [INFO] [APP] App配置加载完成
[2026-04-15 13:06:43] [INFO] [SESSION] Session状态: 未启动
[2026-04-15 13:06:43] [INFO] [SESSION] Session路径: C:\\BtSoft\temp\session
[2026-04-15 13:06:43] [INFO] [SYSTEM] PHP版本: 8.5.1
[2026-04-15 13:06:44] [INFO] [SYSTEM] 🚀 调试系统已启动
[2026-04-15 13:06:44] [DEBUG] [SYSTEM] PHP版本: 8.5.1
[2026-04-15 13:06:44] [INFO] [APP] App配置加载完成
[2026-04-15 13:06:44] [INFO] [SESSION] Session状态: 未启动
[2026-04-15 13:06:44] [INFO] [SESSION] Session路径: C:\\BtSoft\temp\session
[2026-04-15 13:06:44] [INFO] [SYSTEM] PHP版本: 8.5.1
[2026-04-15 13:06:44] [INFO] [SYSTEM] 🚀 调试系统已启动
[2026-04-15 13:06:44] [DEBUG] [SYSTEM] PHP版本: 8.5.1
[2026-04-15 13:06:44] [INFO] [APP] App配置加载完成
[2026-04-15 13:06:44] [INFO] [SESSION] Session状态: 未启动
[2026-04-15 13:06:44] [INFO] [SESSION] Session路径: C:\\BtSoft\temp\session
[2026-04-15 13:06:44] [INFO] [SYSTEM] PHP版本: 8.5.1
[2026-04-15 13:06:44] [INFO] [SYSTEM] 🚀 调试系统已启动
[2026-04-15 13:06:44] [DEBUG] [SYSTEM] PHP版本: 8.5.1
[2026-04-15 13:06:44] [INFO] [APP] App配置加载完成
[2026-04-15 13:06:44] [INFO] [SESSION] Session状态: 未启动
[2026-04-15 13:06:44] [INFO] [SESSION] Session路径: C:\\BtSoft\temp\session
[2026-04-15 13:06:44] [INFO] [SYSTEM] PHP版本: 8.5.1
[2026-04-15 13:06:44] [INFO] [SYSTEM] 🚀 调试系统已启动
[2026-04-15 13:06:44] [DEBUG] [SYSTEM] PHP版本: 8.5.1
[2026-04-15 13:06:44] [INFO] [APP] App配置加载完成
[2026-04-15 13:06:44] [INFO] [SESSION] Session状态: 未启动
[2026-04-15 13:06:44] [INFO] [SESSION] Session路径: C:\\BtSoft\temp\session
[2026-04-15 13:06:44] [INFO] [SYSTEM] PHP版本: 8.5.1
[2026-04-15 13:06:44] [INFO] [SYSTEM] 🚀 调试系统已启动
[2026-04-15 13:06:44] [DEBUG] [SYSTEM] PHP版本: 8.5.1
[2026-04-15 13:06:44] [INFO] [APP] App配置加载完成
[2026-04-15 13:06:44] [INFO] [SESSION] Session状态: 未启动
[2026-04-15 13:06:44] [INFO] [SESSION] Session路径: C:\\BtSoft\temp\session
[2026-04-15 13:06:44] [INFO] [SYSTEM] PHP版本: 8.5.1
[2026-04-15 13:06:44] [INFO] [SYSTEM] 🚀 调试系统已启动
[2026-04-15 13:06:44] [DEBUG] [SYSTEM] PHP版本: 8.5.1
[2026-04-15 13:06:44] [INFO] [APP] App配置加载完成
[2026-04-15 13:06:44] [INFO] [SESSION] Session状态: 未启动
[2026-04-15 13:06:44] [INFO] [SESSION] Session路径: C:\\BtSoft\temp\session
[2026-04-15 13:06:44] [INFO] [SYSTEM] PHP版本: 8.5.1
[2026-04-15 13:06:45] [INFO] [SYSTEM] 🚀 调试系统已启动
[2026-04-15 13:06:45] [DEBUG] [SYSTEM] PHP版本: 8.5.1
[2026-04-15 13:06:45] [INFO] [APP] App配置加载完成
[2026-04-15 13:06:45] [INFO] [SESSION] Session状态: 未启动
[2026-04-15 13:06:45] [INFO] [SESSION] Session路径: C:\\BtSoft\temp\session
[2026-04-15 13:06:45] [INFO] [SYSTEM] PHP版本: 8.5.1
[2026-04-15 13:06:45] [INFO] [SYSTEM] 🚀 调试系统已启动
[2026-04-15 13:06:45] [DEBUG] [SYSTEM] PHP版本: 8.5.1
[2026-04-15 13:06:45] [INFO] [APP] App配置加载完成
[2026-04-15 13:06:45] [INFO] [SESSION] Session状态: 未启动
[2026-04-15 13:06:45] [INFO] [SESSION] Session路径: C:\\BtSoft\temp\session
[2026-04-15 13:06:45] [INFO] [SYSTEM] PHP版本: 8.5.1
[2026-04-15 13:06:45] [INFO] [SYSTEM] 🚀 调试系统已启动
[2026-04-15 13:06:45] [DEBUG] [SYSTEM] PHP版本: 8.5.1
[2026-04-15 13:06:45] [INFO] [APP] App配置加载完成
[2026-04-15 13:06:45] [INFO] [SESSION] Session状态: 未启动
[2026-04-15 13:06:45] [INFO] [SESSION] Session路径: C:\\BtSoft\temp\session
[2026-04-15 13:06:45] [INFO] [SYSTEM] PHP版本: 8.5.1
[2026-04-15 13:06:45] [INFO] [SYSTEM] 🚀 调试系统已启动
[2026-04-15 13:06:45] [DEBUG] [SYSTEM] PHP版本: 8.5.1
[2026-04-15 13:06:45] [INFO] [APP] App配置加载完成
[2026-04-15 13:06:45] [INFO] [SESSION] Session状态: 未启动
[2026-04-15 13:06:45] [INFO] [SESSION] Session路径: C:\\BtSoft\temp\session
[2026-04-15 13:06:45] [INFO] [SYSTEM] PHP版本: 8.5.1
[2026-04-15 13:06:46] [INFO] [SYSTEM] 🚀 调试系统已启动
[2026-04-15 13:06:46] [DEBUG] [SYSTEM] PHP版本: 8.5.1
[2026-04-15 13:06:46] [INFO] [APP] App配置加载完成
[2026-04-15 13:06:46] [INFO] [SESSION] Session状态: 未启动
[2026-04-15 13:06:46] [INFO] [SESSION] Session路径: C:\\BtSoft\temp\session
[2026-04-15 13:06:46] [INFO] [SYSTEM] PHP版本: 8.5.1
[2026-04-15 13:06:46] [INFO] [SYSTEM] 🚀 调试系统已启动
[2026-04-15 13:06:46] [DEBUG] [SYSTEM] PHP版本: 8.5.1
[2026-04-15 13:06:46] [INFO] [APP] App配置加载完成
[2026-04-15 13:06:46] [INFO] [SESSION] Session状态: 未启动
[2026-04-15 13:06:46] [INFO] [SESSION] Session路径: C:\\BtSoft\temp\session
[2026-04-15 13:06:46] [INFO] [SYSTEM] PHP版本: 8.5.1
[2026-04-15 13:06:46] [INFO] [SYSTEM] 🚀 调试系统已启动
[2026-04-15 13:06:46] [DEBUG] [SYSTEM] PHP版本: 8.5.1
[2026-04-15 13:06:46] [INFO] [APP] App配置加载完成
[2026-04-15 13:06:46] [INFO] [SESSION] Session状态: 未启动
[2026-04-15 13:06:46] [INFO] [SESSION] Session路径: C:\\BtSoft\temp\session
[2026-04-15 13:06:46] [INFO] [SYSTEM] PHP版本: 8.5.1
[2026-04-15 13:06:46] [INFO] [SYSTEM] 🚀 调试系统已启动
[2026-04-15 13:06:46] [DEBUG] [SYSTEM] PHP版本: 8.5.1
[2026-04-15 13:06:46] [INFO] [APP] App配置加载完成
[2026-04-15 13:06:46] [INFO] [SESSION] Session状态: 未启动
[2026-04-15 13:06:46] [INFO] [SESSION] Session路径: C:\\BtSoft\temp\session
[2026-04-15 13:06:46] [INFO] [SYSTEM] PHP版本: 8.5.1
[2026-04-15 13:06:46] [INFO] [SYSTEM] 🚀 调试系统已启动
[2026-04-15 13:06:46] [DEBUG] [SYSTEM] PHP版本: 8.5.1
[2026-04-15 13:06:46] [INFO] [APP] App配置加载完成
[2026-04-15 13:06:46] [INFO] [SESSION] Session状态: 未启动
[2026-04-15 13:06:46] [INFO] [SESSION] Session路径: C:\\BtSoft\temp\session
[2026-04-15 13:06:46] [INFO] [SYSTEM] PHP版本: 8.5.1
[2026-04-15 13:06:46] [INFO] [SYSTEM] 🚀 调试系统已启动
[2026-04-15 13:06:46] [DEBUG] [SYSTEM] PHP版本: 8.5.1
[2026-04-15 13:06:46] [INFO] [APP] App配置加载完成
[2026-04-15 13:06:46] [INFO] [SESSION] Session状态: 未启动
[2026-04-15 13:06:46] [INFO] [SESSION] Session路径: C:\\BtSoft\temp\session
[2026-04-15 13:06:46] [INFO] [SYSTEM] PHP版本: 8.5.1
[2026-04-15 13:06:46] [INFO] [SYSTEM] 🚀 调试系统已启动
[2026-04-15 13:06:46] [DEBUG] [SYSTEM] PHP版本: 8.5.1
[2026-04-15 13:06:46] [INFO] [APP] App配置加载完成
[2026-04-15 13:06:46] [INFO] [SESSION] Session状态: 未启动
[2026-04-15 13:06:46] [INFO] [SESSION] Session路径: C:\\BtSoft\temp\session
[2026-04-15 13:06:46] [INFO] [SYSTEM] PHP版本: 8.5.1
[2026-04-15 13:06:47] [INFO] [SYSTEM] 🚀 调试系统已启动
[2026-04-15 13:06:47] [DEBUG] [SYSTEM] PHP版本: 8.5.1
[2026-04-15 13:06:47] [INFO] [APP] App配置加载完成
[2026-04-15 13:06:47] [INFO] [SESSION] Session状态: 未启动
[2026-04-15 13:06:47] [INFO] [SESSION] Session路径: C:\\BtSoft\temp\session
[2026-04-15 13:06:47] [INFO] [SYSTEM] PHP版本: 8.5.1
[2026-04-15 13:06:47] [INFO] [SYSTEM] 🚀 调试系统已启动
[2026-04-15 13:06:47] [DEBUG] [SYSTEM] PHP版本: 8.5.1
[2026-04-15 13:06:47] [INFO] [APP] App配置加载完成
[2026-04-15 13:06:47] [INFO] [SESSION] Session状态: 未启动
[2026-04-15 13:06:47] [INFO] [SESSION] Session路径: C:\\BtSoft\temp\session
[2026-04-15 13:06:47] [INFO] [SYSTEM] PHP版本: 8.5.1
[2026-04-15 13:06:47] [INFO] [SYSTEM] 🚀 调试系统已启动
[2026-04-15 13:06:47] [DEBUG] [SYSTEM] PHP版本: 8.5.1
[2026-04-15 13:06:47] [INFO] [APP] App配置加载完成
[2026-04-15 13:06:47] [INFO] [SESSION] Session状态: 未启动
[2026-04-15 13:06:47] [INFO] [SESSION] Session路径: C:\\BtSoft\temp\session
[2026-04-15 13:06:47] [INFO] [SYSTEM] PHP版本: 8.5.1
[2026-04-15 13:06:47] [INFO] [SYSTEM] 🚀 调试系统已启动
[2026-04-15 13:06:47] [DEBUG] [SYSTEM] PHP版本: 8.5.1
[2026-04-15 13:06:47] [INFO] [APP] App配置加载完成
[2026-04-15 13:06:47] [INFO] [SESSION] Session状态: 未启动
[2026-04-15 13:06:47] [INFO] [SESSION] Session路径: C:\\BtSoft\temp\session
[2026-04-15 13:06:47] [INFO] [SYSTEM] PHP版本: 8.5.1
[2026-04-15 13:06:47] [INFO] [SYSTEM] 🚀 调试系统已启动
[2026-04-15 13:06:47] [DEBUG] [SYSTEM] PHP版本: 8.5.1
[2026-04-15 13:06:47] [INFO] [APP] App配置加载完成
[2026-04-15 13:06:47] [INFO] [SESSION] Session状态: 未启动
[2026-04-15 13:06:47] [INFO] [SESSION] Session路径: C:\\BtSoft\temp\session
[2026-04-15 13:06:47] [INFO] [SYSTEM] PHP版本: 8.5.1
[2026-04-15 13:06:48] [INFO] [SYSTEM] 🚀 调试系统已启动
[2026-04-15 13:06:48] [DEBUG] [SYSTEM] PHP版本: 8.5.1
[2026-04-15 13:06:48] [INFO] [APP] App配置加载完成
[2026-04-15 13:06:48] [INFO] [SESSION] Session状态: 未启动
[2026-04-15 13:06:48] [INFO] [SESSION] Session路径: C:\\BtSoft\temp\session
[2026-04-15 13:06:48] [INFO] [SYSTEM] PHP版本: 8.5.1
[2026-04-15 13:06:48] [INFO] [SYSTEM] 🚀 调试系统已启动
[2026-04-15 13:06:48] [DEBUG] [SYSTEM] PHP版本: 8.5.1
[2026-04-15 13:06:48] [INFO] [APP] App配置加载完成
[2026-04-15 13:06:48] [INFO] [SESSION] Session状态: 未启动
[2026-04-15 13:06:48] [INFO] [SESSION] Session路径: C:\\BtSoft\temp\session
[2026-04-15 13:06:48] [INFO] [SYSTEM] PHP版本: 8.5.1
[2026-04-15 13:06:48] [INFO] [SYSTEM] 🚀 调试系统已启动
[2026-04-15 13:06:48] [DEBUG] [SYSTEM] PHP版本: 8.5.1
[2026-04-15 13:06:48] [INFO] [APP] App配置加载完成
[2026-04-15 13:06:48] [INFO] [SESSION] Session状态: 未启动
[2026-04-15 13:06:48] [INFO] [SESSION] Session路径: C:\\BtSoft\temp\session
[2026-04-15 13:06:48] [INFO] [SYSTEM] PHP版本: 8.5.1
[2026-04-15 13:06:48] [INFO] [SYSTEM] 🚀 调试系统已启动
[2026-04-15 13:06:48] [DEBUG] [SYSTEM] PHP版本: 8.5.1
[2026-04-15 13:06:48] [INFO] [APP] App配置加载完成
[2026-04-15 13:06:48] [INFO] [SESSION] Session状态: 未启动
[2026-04-15 13:06:48] [INFO] [SESSION] Session路径: C:\\BtSoft\temp\session
[2026-04-15 13:06:48] [INFO] [SYSTEM] PHP版本: 8.5.1
[2026-04-15 13:08:43] [INFO] [SYSTEM] 🚀 调试系统已启动
[2026-04-15 13:08:43] [DEBUG] [SYSTEM] PHP版本: 8.5.1
[2026-04-15 13:08:43] [INFO] [APP] App配置加载完成
[2026-04-15 13:08:43] [INFO] [SESSION] Session状态: 未启动
[2026-04-15 13:08:43] [INFO] [SESSION] Session路径: C:\\BtSoft\temp\session
[2026-04-15 13:08:43] [INFO] [SYSTEM] PHP版本: 8.5.1
[2026-04-15 13:08:43] [INFO] [SYSTEM] 🚀 调试系统已启动
[2026-04-15 13:08:43] [DEBUG] [SYSTEM] PHP版本: 8.5.1
[2026-04-15 13:08:43] [INFO] [APP] App配置加载完成
[2026-04-15 13:08:43] [INFO] [SESSION] Session状态: 未启动
[2026-04-15 13:08:43] [INFO] [SESSION] Session路径: C:\\BtSoft\temp\session
[2026-04-15 13:08:43] [INFO] [SYSTEM] PHP版本: 8.5.1
[2026-04-15 13:08:43] [INFO] [SYSTEM] 🚀 调试系统已启动
[2026-04-15 13:08:43] [DEBUG] [SYSTEM] PHP版本: 8.5.1
[2026-04-15 13:08:43] [INFO] [APP] App配置加载完成
[2026-04-15 13:08:43] [INFO] [SESSION] Session状态: 未启动
[2026-04-15 13:08:43] [INFO] [SESSION] Session路径: C:\\BtSoft\temp\session
[2026-04-15 13:08:43] [INFO] [SYSTEM] PHP版本: 8.5.1
[2026-04-15 13:08:44] [INFO] [SYSTEM] 🚀 调试系统已启动
[2026-04-15 13:08:44] [DEBUG] [SYSTEM] PHP版本: 8.5.1
[2026-04-15 13:08:44] [INFO] [APP] App配置加载完成
[2026-04-15 13:08:44] [INFO] [SESSION] Session状态: 未启动
[2026-04-15 13:08:44] [INFO] [SESSION] Session路径: C:\\BtSoft\temp\session
[2026-04-15 13:08:44] [INFO] [SYSTEM] PHP版本: 8.5.1
[2026-04-15 13:08:56] [INFO] [SYSTEM] 🚀 调试系统已启动
[2026-04-15 13:08:56] [DEBUG] [SYSTEM] PHP版本: 8.5.1
[2026-04-15 13:08:56] [INFO] [APP] App配置加载完成
[2026-04-15 13:08:56] [INFO] [SESSION] Session状态: 未启动
[2026-04-15 13:08:56] [INFO] [SESSION] Session路径: C:\\BtSoft\temp\session
[2026-04-15 13:08:56] [INFO] [SYSTEM] PHP版本: 8.5.1
[2026-04-15 13:08:56] [INFO] [SYSTEM] 🚀 调试系统已启动
[2026-04-15 13:08:56] [DEBUG] [SYSTEM] PHP版本: 8.5.1
[2026-04-15 13:08:56] [INFO] [APP] App配置加载完成
[2026-04-15 13:08:56] [INFO] [SESSION] Session状态: 未启动
[2026-04-15 13:08:56] [INFO] [SESSION] Session路径: C:\\BtSoft\temp\session
[2026-04-15 13:08:56] [INFO] [SYSTEM] PHP版本: 8.5.1
[2026-04-15 13:08:57] [INFO] [SYSTEM] 🚀 调试系统已启动
[2026-04-15 13:08:57] [DEBUG] [SYSTEM] PHP版本: 8.5.1
[2026-04-15 13:08:57] [INFO] [APP] App配置加载完成
[2026-04-15 13:08:57] [INFO] [SESSION] Session状态: 未启动
[2026-04-15 13:08:57] [INFO] [SESSION] Session路径: C:\\BtSoft\temp\session
[2026-04-15 13:08:57] [INFO] [SYSTEM] PHP版本: 8.5.1
[2026-04-15 13:08:57] [INFO] [SYSTEM] 🚀 调试系统已启动
[2026-04-15 13:08:57] [DEBUG] [SYSTEM] PHP版本: 8.5.1
[2026-04-15 13:08:57] [INFO] [APP] App配置加载完成
[2026-04-15 13:08:57] [INFO] [SESSION] Session状态: 未启动
[2026-04-15 13:08:57] [INFO] [SESSION] Session路径: C:\\BtSoft\temp\session
[2026-04-15 13:08:57] [INFO] [SYSTEM] PHP版本: 8.5.1
[2026-04-15 13:09:01] [INFO] [SYSTEM] 🚀 调试系统已启动
[2026-04-15 13:09:01] [DEBUG] [SYSTEM] PHP版本: 8.5.1
[2026-04-15 13:09:01] [INFO] [APP] App配置加载完成
[2026-04-15 13:09:01] [INFO] [SESSION] Session状态: 未启动
[2026-04-15 13:09:01] [INFO] [SESSION] Session路径: C:\\BtSoft\temp\session
[2026-04-15 13:09:01] [INFO] [SYSTEM] PHP版本: 8.5.1
[2026-04-15 13:09:02] [INFO] [SYSTEM] 🚀 调试系统已启动
[2026-04-15 13:09:02] [DEBUG] [SYSTEM] PHP版本: 8.5.1
[2026-04-15 13:09:02] [INFO] [APP] App配置加载完成
[2026-04-15 13:09:02] [INFO] [SESSION] Session状态: 未启动
[2026-04-15 13:09:02] [INFO] [SESSION] Session路径: C:\\BtSoft\temp\session
[2026-04-15 13:09:02] [INFO] [SYSTEM] PHP版本: 8.5.1
[2026-04-15 13:13:09] [INFO] [SYSTEM] 🚀 调试系统已启动
[2026-04-15 13:13:09] [DEBUG] [SYSTEM] PHP版本: 8.5.1
[2026-04-15 13:13:09] [INFO] [APP] App配置加载完成
[2026-04-15 13:13:09] [INFO] [SESSION] Session状态: 未启动
[2026-04-15 13:13:09] [INFO] [SESSION] Session路径: C:\\BtSoft\temp\session
[2026-04-15 13:13:09] [INFO] [SYSTEM] PHP版本: 8.5.1
[2026-04-15 13:13:09] [INFO] [SYSTEM] 🚀 调试系统已启动
[2026-04-15 13:13:09] [DEBUG] [SYSTEM] PHP版本: 8.5.1
[2026-04-15 13:13:09] [INFO] [APP] App配置加载完成
[2026-04-15 13:13:09] [INFO] [SESSION] Session状态: 未启动
[2026-04-15 13:13:09] [INFO] [SESSION] Session路径: C:\\BtSoft\temp\session
[2026-04-15 13:13:09] [INFO] [SYSTEM] PHP版本: 8.5.1
[2026-04-15 13:13:09] [INFO] [SYSTEM] 🚀 调试系统已启动
[2026-04-15 13:13:09] [DEBUG] [SYSTEM] PHP版本: 8.5.1
[2026-04-15 13:13:09] [INFO] [APP] App配置加载完成
[2026-04-15 13:13:09] [INFO] [SESSION] Session状态: 未启动
[2026-04-15 13:13:09] [INFO] [SESSION] Session路径: C:\\BtSoft\temp\session
[2026-04-15 13:13:09] [INFO] [SYSTEM] PHP版本: 8.5.1
[2026-04-15 13:13:10] [INFO] [SYSTEM] 🚀 调试系统已启动
[2026-04-15 13:13:10] [DEBUG] [SYSTEM] PHP版本: 8.5.1
[2026-04-15 13:13:10] [INFO] [APP] App配置加载完成
[2026-04-15 13:13:10] [INFO] [SESSION] Session状态: 未启动
[2026-04-15 13:13:10] [INFO] [SESSION] Session路径: C:\\BtSoft\temp\session
[2026-04-15 13:13:10] [INFO] [SYSTEM] PHP版本: 8.5.1
[2026-04-15 13:13:10] [INFO] [SYSTEM] 🚀 调试系统已启动
[2026-04-15 13:13:10] [DEBUG] [SYSTEM] PHP版本: 8.5.1
[2026-04-15 13:13:10] [INFO] [APP] App配置加载完成
[2026-04-15 13:13:10] [INFO] [SESSION] Session状态: 未启动
[2026-04-15 13:13:10] [INFO] [SESSION] Session路径: C:\\BtSoft\temp\session
[2026-04-15 13:13:10] [INFO] [SYSTEM] PHP版本: 8.5.1
[2026-04-15 13:13:10] [INFO] [SYSTEM] 🚀 调试系统已启动
[2026-04-15 13:13:10] [DEBUG] [SYSTEM] PHP版本: 8.5.1
[2026-04-15 13:13:10] [INFO] [APP] App配置加载完成
[2026-04-15 13:13:10] [INFO] [SESSION] Session状态: 未启动
[2026-04-15 13:13:10] [INFO] [SESSION] Session路径: C:\\BtSoft\temp\session
[2026-04-15 13:13:10] [INFO] [SYSTEM] PHP版本: 8.5.1
[2026-04-15 13:13:10] [INFO] [SYSTEM] 🚀 调试系统已启动
[2026-04-15 13:13:10] [DEBUG] [SYSTEM] PHP版本: 8.5.1
[2026-04-15 13:13:10] [INFO] [APP] App配置加载完成
[2026-04-15 13:13:10] [INFO] [SESSION] Session状态: 未启动
[2026-04-15 13:13:10] [INFO] [SESSION] Session路径: C:\\BtSoft\temp\session
[2026-04-15 13:13:10] [INFO] [SYSTEM] PHP版本: 8.5.1
[2026-04-15 13:13:10] [INFO] [SYSTEM] 🚀 调试系统已启动
[2026-04-15 13:13:10] [DEBUG] [SYSTEM] PHP版本: 8.5.1
[2026-04-15 13:13:10] [INFO] [APP] App配置加载完成
[2026-04-15 13:13:10] [INFO] [SESSION] Session状态: 未启动
[2026-04-15 13:13:10] [INFO] [SESSION] Session路径: C:\\BtSoft\temp\session
[2026-04-15 13:13:10] [INFO] [SYSTEM] PHP版本: 8.5.1
[2026-04-15 13:13:11] [INFO] [SYSTEM] 🚀 调试系统已启动
[2026-04-15 13:13:11] [DEBUG] [SYSTEM] PHP版本: 8.5.1
[2026-04-15 13:13:11] [INFO] [APP] App配置加载完成
[2026-04-15 13:13:11] [INFO] [SESSION] Session状态: 未启动
[2026-04-15 13:13:11] [INFO] [SESSION] Session路径: C:\\BtSoft\temp\session
[2026-04-15 13:13:11] [INFO] [SYSTEM] PHP版本: 8.5.1
[2026-04-15 13:13:11] [INFO] [SYSTEM] 🚀 调试系统已启动
[2026-04-15 13:13:11] [DEBUG] [SYSTEM] PHP版本: 8.5.1
[2026-04-15 13:13:11] [INFO] [APP] App配置加载完成
[2026-04-15 13:13:11] [INFO] [SESSION] Session状态: 未启动
[2026-04-15 13:13:11] [INFO] [SESSION] Session路径: C:\\BtSoft\temp\session
[2026-04-15 13:13:11] [INFO] [SYSTEM] PHP版本: 8.5.1
[2026-04-15 13:13:11] [INFO] [SYSTEM] 🚀 调试系统已启动
[2026-04-15 13:13:11] [DEBUG] [SYSTEM] PHP版本: 8.5.1
[2026-04-15 13:13:11] [INFO] [APP] App配置加载完成
[2026-04-15 13:13:11] [INFO] [SESSION] Session状态: 未启动
[2026-04-15 13:13:11] [INFO] [SESSION] Session路径: C:\\BtSoft\temp\session
[2026-04-15 13:13:11] [INFO] [SYSTEM] PHP版本: 8.5.1
[2026-04-15 13:13:11] [INFO] [SYSTEM] 🚀 调试系统已启动
[2026-04-15 13:13:11] [DEBUG] [SYSTEM] PHP版本: 8.5.1
[2026-04-15 13:13:11] [INFO] [APP] App配置加载完成
[2026-04-15 13:13:11] [INFO] [SESSION] Session状态: 未启动
[2026-04-15 13:13:11] [INFO] [SESSION] Session路径: C:\\BtSoft\temp\session
[2026-04-15 13:13:11] [INFO] [SYSTEM] PHP版本: 8.5.1
[2026-04-15 13:13:13] [INFO] [SYSTEM] 🚀 调试系统已启动
[2026-04-15 13:13:13] [DEBUG] [SYSTEM] PHP版本: 8.5.1
[2026-04-15 13:13:13] [INFO] [APP] App配置加载完成
[2026-04-15 13:13:13] [INFO] [SESSION] Session状态: 未启动
[2026-04-15 13:13:13] [INFO] [SESSION] Session路径: C:\\BtSoft\temp\session
[2026-04-15 13:13:13] [INFO] [SYSTEM] PHP版本: 8.5.1
[2026-04-15 13:13:13] [INFO] [SYSTEM] 🚀 调试系统已启动
[2026-04-15 13:13:13] [DEBUG] [SYSTEM] PHP版本: 8.5.1
[2026-04-15 13:13:13] [INFO] [APP] App配置加载完成
[2026-04-15 13:13:13] [INFO] [SESSION] Session状态: 未启动
[2026-04-15 13:13:13] [INFO] [SESSION] Session路径: C:\\BtSoft\temp\session
[2026-04-15 13:13:13] [INFO] [SYSTEM] PHP版本: 8.5.1
[2026-04-15 13:13:13] [INFO] [SYSTEM] 🚀 调试系统已启动
[2026-04-15 13:13:13] [DEBUG] [SYSTEM] PHP版本: 8.5.1
[2026-04-15 13:13:13] [INFO] [APP] App配置加载完成
[2026-04-15 13:13:13] [INFO] [SESSION] Session状态: 未启动
[2026-04-15 13:13:13] [INFO] [SESSION] Session路径: C:\\BtSoft\temp\session
[2026-04-15 13:13:13] [INFO] [SYSTEM] PHP版本: 8.5.1
[2026-04-15 13:13:13] [INFO] [SYSTEM] 🚀 调试系统已启动
[2026-04-15 13:13:13] [DEBUG] [SYSTEM] PHP版本: 8.5.1
[2026-04-15 13:13:13] [INFO] [APP] App配置加载完成
[2026-04-15 13:13:13] [INFO] [SESSION] Session状态: 未启动
[2026-04-15 13:13:13] [INFO] [SESSION] Session路径: C:\\BtSoft\temp\session
[2026-04-15 13:13:13] [INFO] [SYSTEM] PHP版本: 8.5.1
